{"type":"FeatureCollection","features":[
{"geometry":{"coordinates":[[[-83.502,39.0378],[-83.6116,39.0189],[-83.673,39.0204],[-83.6993,38.7273],[-83.7053,38.6398],[-83.6689,38.6266],[-83.6549,38.6286],[-83.6486,38.6316],[-83.6447,38.6369],[-83.6388,38.6537],[-83.6365,38.6673],[-83.6321,38.6739],[-83.6263,38.6785],[-83.6115,38.6847],[-83.6019,38.684],[-83.5927,38.6886],[-83.5692,38.6929],[-83.5452,38.6999],[-83.5209,38.7031],[-83.5087,38.7008],[-83.4936,38.6945],[-83.4677,38.6753],[-83.4571,38.674],[-83.4454,38.67],[-83.4186,38.6681],[-83.4175,38.6677],[-83.4198,38.6671],[-83.3849,38.6631],[-83.3628,38.6572],[-83.3276,38.6377],[-83.3221,38.6298],[-83.3184,38.6108],[-83.3113,38.6031],[-83.299,38.5974],[-83.2932,38.5967],[-83.2876,38.5985],[-83.2685,38.6151],[-83.2676,38.6184],[-83.2685,38.8791],[-83.2708,39.0158],[-83.275,39.0203],[-83.2861,39.0245],[-83.2881,39.0298],[-83.2914,39.0305],[-83.3031,39.0391],[-83.3081,39.0403],[-83.3106,39.0426],[-83.3088,39.0452],[-83.3133,39.047],[-83.3146,39.0522],[-83.3857,39.0552],[-83.502,39.0378]]],"type":"Polygon"},"properties":{"GEOID":"39001","NAME":"Adams County"},"type":"Feature"},
{"geometry":{"coordinates":[[[-84.1096,40.861],[-84.3405,40.8591],[-84.3401,40.8161],[-84.3974,40.8159],[-84.3968,40.6849],[-84.2228,40.686],[-84.2227,40.6569],[-84.1079,40.6579],[-84.1078,40.6431],[-83.8802,40.6447],[-83.8804,40.9204],[-83.9952,40.9198],[-83.9952,40.9051],[-84.1095,40.9047],[-84.1096,40.861]]],"type":"Polygon"},"properties":{"GEOID":"39003","NAME":"Allen County"},"type":"Feature"},
{"geometry":{"coordinates":[[[-82.2207,40.6674],[-82.1262,40.6684],[-82.1273,40.8043],[-82.125,40.8863],[-82.1279,40.9009],[-82.1293,40.9918],[-82.1734,40.992],[-82.1715,41.0635],[-82.3268,41.066],[-82.4369,41.0654],[-82.4329,40.9929],[-82.4179,40.9929],[-82.4155,40.8284],[-82.4179,40.8256],[-82.4204,40.828],[-82.4195,40.8245],[-82.4208,40.8234],[-82.4172,40.8211],[-82.4171,40.817],[-82.4184,40.8162],[-82.4168,40.8146],[-82.408,40.8146],[-82.4078,40.8082],[-82.3886,40.8082],[-82.3885,40.8014],[-82.3871,40.8001],[-82.3901,40.7977],[-82.3898,40.7961],[-82.3842,40.792],[-82.3828,40.7887],[-82.3798,40.7888],[-82.3787,40.7868],[-82.3784,40.7271],[-82.3392,40.7267],[-82.337,40.555],[-82.2203,40.5682],[-82.2207,40.6674]]],"type":"Polygon"},"properties":{"GEOID":"39005","NAME":"Ashland County"},"type":"Feature"},
{"geometry":{"coordinates":[[[-80.5194,41.9775],[-80.5199,42.3271],[-81.0098,42.2516],[-81.0098,41.8652],[-81.0021,41.8549],[-81.0031,41.5015],[-80.6287,41.4984],[-80.5192,41.4993],[-80.5194,41.9775]]],"type":"Polygon"},"properties":{"GEOID":"39007","NAME":"Ashtabula County"},"type":"Feature"},
{"geometry":{"coordinates":[[[-82.0558,39.4601],[-82.0475,39.5508],[-82.1592,39.5566],[-82.1674,39.4661],[-82.2804,39.4729],[-82.2985,39.2949],[-82.2602,39.2929],[-82.2684,39.2036],[-82.034,39.1915],[-81.7562,39.1803],[-81.7512,39.186],[-81.7415,39.1892],[-81.7369,39.1926],[-81.7345,39.1961],[-81.7327,39.2055],[-81.7256,39.2159],[-81.7218,39.2691],[-81.8183,39.2725],[-81.8164,39.3018],[-81.8356,39.3025],[-81.8347,39.3172],[-81.8532,39.3179],[-81.8449,39.4502],[-82.0558,39.4601]]],"type":"Polygon"},"properties":{"GEOID":"39009","NAME":"Athens County"},"type":"Feature"},
{"geometry":{"coordinates":[[[-83.8802,40.5794],[-83.8802,40.6447],[-84.1078,40.6431],[-84.1079,40.6579],[-84.2227,40.6569],[-84.2228,40.686],[-84.4562,40.6849],[-84.4554,40.3586],[-84.4344,40.3545],[-84.434,40.3782],[-84.3387,40.3788],[-84.3391,40.4811],[-83.9938,40.483],[-83.9939,40.5352],[-83.9085,40.5354],[-83.88,40.5387],[-83.8802,40.5794]]],"type":"Polygon"},"properties":{"GEOID":"39011","NAME":"Auglaize County"},"type":"Feature"},
{"geometry":{"coordinates":[[[-81.2274,40.1308],[-81.2373,39.8678],[-81.1271,39.865],[-81.0171,39.8599],[-81.0171,39.8582],[-80.8213,39.85],[-80.7999,39.8589],[-80.7931,39.8638],[-80.7902,39.8698],[-80.794,39.8828],[-80.8029,39.8925],[-80.809,39.9033],[-80.809,39.9113],[-80.8064,39.9167],[-80.7997,39.9196],[-80.787,39.9184],[-80.7708,39.9104],[-80.7634,39.9086],[-80.7586,39.9095],[-80.7561,39.9134],[-80.7564,39.9202],[-80.7613,39.9301],[-80.7643,39.95],[-80.763,39.9538],[-80.7579,39.9597],[-80.7401,39.9708],[-80.741,39.9732],[-80.7389,39.9856],[-80.7422,40.0086],[-80.7377,40.0221],[-80.7372,40.0285],[-80.7319,40.037],[-80.731,40.0443],[-80.7326,40.056],[-80.738,40.0659],[-80.7391,40.0757],[-80.7374,40.0799],[-80.7314,40.0863],[-80.7136,40.0968],[-80.7089,40.1014],[-80.7071,40.1111],[-80.7107,40.1255],[-80.7102,40.1383],[-80.7058,40.153],[-80.7027,40.1572],[-80.7659,40.1598],[-80.7663,40.1551],[-80.768,40.1551],[-81.1121,40.1679],[-81.1119,40.1711],[-81.2258,40.1727],[-81.2274,40.1308]]],"type":"Polygon"},"properties":{"GEOID":"39013","NAME":"Belmont County"},"type":"Feature"},
{"geometry":{"coordinates":[[[-84.0044,39.1357],[-84.0253,38.9871],[-84.0527,38.7712],[-84.0446,38.7706],[-84.0328,38.7728],[-83.9781,38.7874],[-83.9619,38.7875],[-83.9432,38.7832],[-83.9264,38.7741],[-83.9287,38.7723],[-83.9257,38.7712],[-83.8875,38.7658],[-83.868,38.7608],[-83.8578,38.756],[-83.8489,38.7475],[-83.8448,38.738],[-83.8416,38.7239],[-83.8368,38.7177],[-83.8219,38.7095],[-83.7921,38.7023],[-83.7845,38.6967],[-83.7757,38.6667],[-83.7702,38.6559],[-83.7642,38.6525],[-83.7492,38.6494],[-83.7209,38.6467],[-83.7136,38.6418],[-83.7053,38.6398],[-83.6993,38.7273],[-83.673,39.0204],[-83.8722,39.0213],[-83.8697,39.057],[-83.8657,39.2473],[-83.9899,39.2541],[-84.0044,39.1357]]],"type":"Polygon"},"properties":{"GEOID":"39015","NAME":"Brown County"},"type":"Feature"},
{"geometry":{"coordinates":[[[-84.5915,39.5675],[-84.7604,39.5666],[-84.8149,39.5677],[-84.8195,39.3052],[-84.6418,39.305],[-84.6386,39.3097],[-84.63,39.3121],[-84.5987,39.3086],[-84.5623,39.3081],[-84.5235,39.3033],[-84.5046,39.306],[-84.4851,39.3015],[-84.4655,39.3029],[-84.4284,39.2987],[-84.3911,39.2976],[-84.3532,39.2923],[-84.3367,39.456],[-84.3402,39.4567],[-84.3317,39.5492],[-84.3605,39.5422],[-84.3643,39.5438],[-84.3652,39.5899],[-84.4792,39.591],[-84.4789,39.5688],[-84.5915,39.5675]]],"type":"Polygon"},"properties":{"GEOID":"39017","NAME":"Butler County"},"type":"Feature"},
{"geometry":{"coordinates":[[[-80.9943,40.727],[-81.1987,40.7291],[-81.1991,40.7222],[-81.2372,40.7235],[-81.2412,40.6505],[-81.3177,40.6519],[-81.3217,40.5666],[-81.2647,40.565],[-81.27,40.4335],[-81.2123,40.4316],[-81.2123,40.4335],[-81.1178,40.4313],[-81.1001,40.4306],[-81.1001,40.4289],[-80.9419,40.4247],[-80.9402,40.4683],[-80.9246,40.468],[-80.9209,40.5563],[-80.8636,40.5554],[-80.8608,40.6426],[-80.9181,40.6435],[-80.9172,40.7269],[-80.9943,40.727]]],"type":"Polygon"},"properties":{"GEOID":"39019","NAME":"Carroll County"},"type":"Feature"},
{"geometry":{"coordinates":[[[-83.5794,40.2314],[-83.7854,40.2452],[-83.7842,40.26],[-84.0148,40.2735],[-84.0361,40.0402],[-83.6324,40.0163],[-83.5161,40.0108],[-83.5037,40.1115],[-83.4945,40.2255],[-83.5794,40.2314]]],"type":"Polygon"},"properties":{"GEOID":"39021","NAME":"Champaign County"},"type":"Feature"},
{"geometry":{"coordinates":[[[-83.5375,39.9345],[-83.5126,40.01],[-84.036,40.0402],[-84.0537,39.8507],[-83.94,39.8438],[-83.9413,39.8288],[-83.8274,39.8227],[-83.8295,39.7978],[-83.7395,39.789],[-83.7409,39.7815],[-83.6477,39.7752],[-83.6479,39.7731],[-83.5899,39.7688],[-83.5541,39.8785],[-83.5375,39.9345]]],"type":"Polygon"},"properties":{"GEOID":"39023","NAME":"Clark County"},"type":"Feature"},
{"geometry":{"coordinates":[[[-84.2375,39.2694],[-84.2594,39.2709],[-84.2615,39.2646],[-84.2653,39.2638],[-84.2714,39.2584],[-84.283,39.2518],[-84.2936,39.2486],[-84.2961,39.2452],[-84.2966,39.2387],[-84.2994,39.2352],[-84.3072,39.2344],[-84.309,39.2315],[-84.32,39.2237],[-84.3161,39.2205],[-84.3131,39.2122],[-84.3103,39.2091],[-84.2997,39.209],[-84.2855,39.2135],[-84.2826,39.2121],[-84.277,39.2052],[-84.2762,39.2017],[-84.2779,39.197],[-84.2875,39.1881],[-84.2887,39.1817],[-84.2994,39.1742],[-84.2951,39.1672],[-84.3001,39.1644],[-84.3017,39.1594],[-84.3027,39.1426],[-84.32,39.0215],[-84.3093,39.0117],[-84.3018,39.0001],[-84.2977,38.9897],[-84.2958,38.9692],[-84.2888,38.9556],[-84.2604,38.9247],[-84.257,38.9226],[-84.2343,38.8933],[-84.2316,38.8725],[-84.2337,38.854],[-84.2319,38.8327],[-84.2259,38.8185],[-84.2204,38.8121],[-84.2131,38.8058],[-84.2059,38.8027],[-84.1472,38.7929],[-84.0925,38.7744],[-84.0708,38.7704],[-84.0527,38.7712],[-83.9899,39.2541],[-84.2375,39.2694]]],"type":"Polygon"},"properties":{"GEOID":"39025","NAME":"Clermont County"},"type":"Feature"},
{"geometry":{"coordinates":[[[-83.603,39.5463],[-83.977,39.5694],[-84.0075,39.2551],[-83.8344,39.2457],[-83.8359,39.2233],[-83.8106,39.2238],[-83.808,39.225],[-83.8051,39.2316],[-83.8015,39.2311],[-83.8025,39.2375],[-83.7957,39.2409],[-83.7926,39.2493],[-83.7864,39.2557],[-83.7848,39.2629],[-83.5909,39.3787],[-83.5763,39.5445],[-83.603,39.5463]]],"type":"Polygon"},"properties":{"GEOID":"39027","NAME":"Clinton County"},"type":"Feature"},
{"geometry":{"coordinates":[[[-80.519,40.6541],[-80.5191,40.9003],[-80.8219,40.9009],[-80.8216,40.9298],[-80.8913,40.9302],[-80.8958,40.9302],[-80.896,40.901],[-81.0867,40.9016],[-81.0873,40.7278],[-80.9172,40.7269],[-80.9181,40.6435],[-80.8608,40.6426],[-80.862,40.5994],[-80.7471,40.597],[-80.7473,40.5833],[-80.668,40.5825],[-80.6635,40.5908],[-80.6517,40.5977],[-80.6344,40.6161],[-80.6278,40.6197],[-80.6003,40.6254],[-80.5928,40.6229],[-80.5823,40.6149],[-80.5726,40.6152],[-80.5511,40.6288],[-80.5327,40.6356],[-80.5257,40.6361],[-80.519,40.6388],[-80.519,40.6541]]],"type":"Polygon"},"properties":{"GEOID":"39029","NAME":"Columbiana County"},"type":"Feature"},
{"geometry":{"coordinates":[[[-82.1879,40.3877],[-82.1959,40.2391],[-82.1828,40.2386],[-82.1871,40.1669],[-82.0872,40.1617],[-81.6709,40.151],[-81.6676,40.2225],[-81.6224,40.2213],[-81.6163,40.3681],[-81.7124,40.3708],[-81.7091,40.4448],[-81.8939,40.4481],[-82.1843,40.4564],[-82.1879,40.3877]]],"type":"Polygon"},"properties":{"GEOID":"39031","NAME":"Coshocton County"},"type":"Feature"},
{"geometry":{"coordinates":[[[-82.7266,40.7563],[-82.7243,40.9084],[-82.7248,40.9956],[-82.853,40.9969],[-82.8532,40.9937],[-83.1127,40.9934],[-83.1114,40.7029],[-82.8583,40.705],[-82.8577,40.7125],[-82.7272,40.7112],[-82.7266,40.7563]]],"type":"Polygon"},"properties":{"GEOID":"39033","NAME":"Crawford County"},"type":"Feature"},
{"geometry":{"coordinates":[[[-81.4199,41.5699],[-81.4878,41.5701],[-81.4952,42.0964],[-81.6248,42.0296],[-81.6248,42.0307],[-81.6864,42.0],[-81.7092,42.0],[-81.9706,41.8778],[-81.9703,41.625],[-81.9681,41.625],[-81.9677,41.5109],[-81.9692,41.4933],[-81.9713,41.3513],[-81.877,41.3507],[-81.8781,41.275],[-81.5651,41.2778],[-81.5657,41.2787],[-81.5622,41.2799],[-81.5648,41.2825],[-81.5645,41.284],[-81.5679,41.2854],[-81.5653,41.2892],[-81.5709,41.2908],[-81.5698,41.2931],[-81.5721,41.2939],[-81.5711,41.2959],[-81.5725,41.2965],[-81.5729,41.3008],[-81.5757,41.3009],[-81.5755,41.3027],[-81.573,41.3029],[-81.5786,41.3058],[-81.5823,41.306],[-81.5854,41.3085],[-81.5834,41.3154],[-81.5873,41.319],[-81.5871,41.3232],[-81.5917,41.3287],[-81.5879,41.3363],[-81.5878,41.3422],[-81.5897,41.3437],[-81.5952,41.3439],[-81.5968,41.3472],[-81.5936,41.3477],[-81.5929,41.3494],[-81.5976,41.3494],[-81.5981,41.3512],[-81.3917,41.3483],[-81.3918,41.4243],[-81.3748,41.4244],[-81.375,41.4453],[-81.3915,41.4452],[-81.391,41.5697],[-81.4199,41.5699]]],"type":"Polygon"},"properties":{"GEOID":"39035","NAME":"Cuyahoga County"},"type":"Feature"},
{"geometry":{"coordinates":[[[-84.429,40.0072],[-84.4289,40.0581],[-84.4323,40.1808],[-84.4363,40.1808],[-84.4327,40.1889],[-84.4326,40.197],[-84.4346,40.3543],[-84.5996,40.3532],[-84.5997,40.3518],[-84.8039,40.3528],[-84.8042,40.2747],[-84.8124,39.9169],[-84.6245,39.9165],[-84.4259,39.9196],[-84.4277,40.0055],[-84.429,40.0072]]],"type":"Polygon"},"properties":{"GEOID":"39037","NAME":"Darke County"},"type":"Feature"},
{"geometry":{"coordinates":[[[-84.2274,41.3405],[-84.2285,41.4278],[-84.8041,41.4261],[-84.8035,41.2526],[-84.4572,41.2535],[-84.4571,41.2094],[-84.3417,41.2092],[-84.3416,41.1655],[-84.2282,41.1659],[-84.2274,41.3405]]],"type":"Polygon"},"properties":{"GEOID":"39039","NAME":"Defiance County"},"type":"Feature"},
{"geometry":{"coordinates":[[[-83.0221,40.4189],[-83.0208,40.4338],[-83.1651,40.439],[-83.2486,40.444],[-83.2496,40.3466],[-83.2484,40.2445],[-83.1723,40.2443],[-83.1696,40.1428],[-82.7618,40.1259],[-82.7449,40.3496],[-82.9296,40.3581],[-82.9248,40.415],[-83.0221,40.4189]]],"type":"Polygon"},"properties":{"GEOID":"39041","NAME":"Delaware County"},"type":"Feature"},
{"geometry":{"coordinates":[[[-82.6947,41.4939],[-82.7192,41.4824],[-82.7392,41.4778],[-82.7499,41.4773],[-82.8195,41.485],[-82.8631,41.4699],[-82.9067,41.4602],[-82.9202,41.4584],[-82.9522,41.4582],[-82.9529,41.4302],[-82.8477,41.4305],[-82.8415,41.29],[-82.4425,41.2839],[-82.3423,41.2842],[-82.3482,41.4319],[-82.3481,41.7001],[-82.3983,41.6765],[-82.6811,41.6763],[-82.7264,41.6983],[-82.7874,41.5877],[-82.6161,41.5329],[-82.6857,41.5],[-82.6947,41.4939]]],"type":"Polygon"},"properties":{"GEOID":"39043","NAME":"Erie County"},"type":"Feature"},
{"geometry":{"coordinates":[[[-82.4903,39.6617],[-82.3745,39.655],[-82.3741,39.6588],[-82.3661,39.7425],[-82.4042,39.7446],[-82.3966,39.8331],[-82.4724,39.8372],[-82.4628,39.9304],[-82.4734,39.9251],[-82.8108,39.9412],[-82.8131,39.9117],[-82.7944,39.9108],[-82.8025,39.823],[-82.8215,39.8243],[-82.8372,39.6554],[-82.8376,39.6496],[-82.8344,39.6494],[-82.843,39.5615],[-82.7315,39.5544],[-82.7303,39.5691],[-82.6201,39.564],[-82.6175,39.6086],[-82.4961,39.6028],[-82.4903,39.6617]]],"type":"Polygon"},"properties":{"GEOID":"39045","NAME":"Fairfield County"},"type":"Feature"},
{"geometry":{"coordinates":[[[-83.3727,39.3774],[-83.2667,39.5162],[-83.2524,39.6954],[-83.4606,39.705],[-83.6533,39.7169],[-83.6702,39.5503],[-83.5763,39.5445],[-83.5909,39.3787],[-83.3727,39.3774]]],"type":"Polygon"},"properties":{"GEOID":"39047","NAME":"Fayette County"},"type":"Feature"},
{"geometry":{"coordinates":[[[-83.2108,40.0625],[-83.2122,40.0481],[-83.2538,40.0492],[-83.2555,40.0474],[-83.2554,40.0435],[-83.2525,40.0405],[-83.2562,40.0306],[-83.2555,40.0288],[-83.2526,40.0282],[-83.2517,40.0201],[-83.2533,40.0143],[-83.2517,40.0084],[-83.2543,40.0048],[-83.259,40.0047],[-83.2609,40.0028],[-83.2461,39.9873],[-83.2503,39.9828],[-83.249,39.9784],[-83.2502,39.9775],[-83.2504,39.9707],[-83.2469,39.9711],[-83.2455,39.9683],[-83.2458,39.9636],[-83.24,39.9598],[-83.2424,39.956],[-83.2417,39.9526],[-83.2319,39.9449],[-83.2256,39.9323],[-83.252,39.9174],[-83.2437,39.8125],[-83.1676,39.8087],[-83.0376,39.8056],[-82.8243,39.795],[-82.8215,39.8243],[-82.8025,39.823],[-82.7944,39.9108],[-82.8131,39.9117],[-82.8108,39.9412],[-82.7825,39.9397],[-82.7795,39.9763],[-82.7738,39.9761],[-82.7618,40.1259],[-83.1699,40.1431],[-83.1702,40.1069],[-83.2063,40.1077],[-83.2108,40.0625]]],"type":"Polygon"},"properties":{"GEOID":"39049","NAME":"Franklin County"},"type":"Feature"},
{"geometry":{"coordinates":[[[-83.8825,41.5886],[-83.8824,41.6175],[-83.8774,41.6175],[-83.8804,41.7202],[-84.3995,41.7058],[-84.3984,41.617],[-84.3813,41.6167],[-84.3807,41.5139],[-84.3421,41.5141],[-84.3419,41.4855],[-83.8829,41.4875],[-83.8825,41.5886]]],"type":"Polygon"},"properties":{"GEOID":"39051","NAME":"Fulton County"},"type":"Feature"},
{"geometry":{"coordinates":[[[-82.265,38.5974],[-82.2475,38.5987],[-82.2457,38.5983],[-82.2481,38.5977],[-82.2465,38.5968],[-82.2272,38.5938],[-82.2215,38.5913],[-82.201,38.5921],[-82.1888,38.595],[-82.1812,38.5998],[-82.1753,38.6071],[-82.1721,38.6186],[-82.1725,38.6288],[-82.1791,38.6489],[-82.1856,38.6596],[-82.1861,38.6668],[-82.1909,38.6804],[-82.1902,38.6874],[-82.1825,38.7088],[-82.1846,38.7159],[-82.1913,38.7272],[-82.1938,38.7357],[-82.1931,38.7377],[-82.1917,38.7374],[-82.1914,38.7298],[-82.1869,38.7223],[-82.188,38.7331],[-82.1933,38.7412],[-82.1956,38.7524],[-82.1989,38.7577],[-82.2071,38.7639],[-82.2166,38.7684],[-82.2196,38.7723],[-82.2216,38.7872],[-82.2173,38.7957],[-82.2114,38.8012],[-82.1975,38.8095],[-82.1912,38.8151],[-82.1808,38.817],[-82.1636,38.8234],[-82.1449,38.8405],[-82.1392,38.865],[-82.1414,38.8753],[-82.1454,38.8842],[-82.1433,38.8979],[-82.1401,38.9012],[-82.1362,38.9017],[-82.1376,38.9019],[-82.136,38.9049],[-82.1294,38.9079],[-82.1287,38.9107],[-82.1133,38.9306],[-82.1112,38.9366],[-82.1124,38.9318],[-82.1117,38.9326],[-82.1091,38.9456],[-82.099,38.9584],[-82.0955,39.0028],[-82.3239,39.0132],[-82.3229,39.0277],[-82.4353,39.0351],[-82.4394,38.9848],[-82.4552,38.8446],[-82.5744,38.8535],[-82.5827,38.7791],[-82.4836,38.7723],[-82.4866,38.743],[-82.4669,38.7415],[-82.4725,38.6823],[-82.3545,38.6761],[-82.3617,38.5852],[-82.2873,38.5828],[-82.2743,38.5937],[-82.265,38.5974]]],"type":"Polygon"},"properties":{"GEOID":"39053","NAME":"Gallia County"},"type":"Feature"},
{"geometry":{"coordinates":[[[-81.1023,41.7143],[-81.1014,41.6415],[-81.2947,41.6409],[-81.2959,41.5699],[-81.391,41.5697],[-81.3915,41.4452],[-81.375,41.4453],[-81.3748,41.4244],[-81.3918,41.4243],[-81.3917,41.3483],[-81.0032,41.3479],[-81.0029,41.7149],[-81.1023,41.7143]]],"type":"Polygon"},"properties":{"GEOID":"39055","NAME":"Geauga County"},"type":"Feature"},
{"geometry":{"coordinates":[[[-84.1067,39.6889],[-84.1119,39.6264],[-84.1096,39.626],[-84.1142,39.5782],[-83.6702,39.5503],[-83.6472,39.7731],[-83.6477,39.7752],[-83.7409,39.7815],[-83.7395,39.789],[-83.8295,39.7978],[-83.8274,39.8227],[-83.9413,39.8288],[-83.94,39.8438],[-84.0537,39.8507],[-84.0551,39.8362],[-84.0929,39.8383],[-84.1067,39.6889]]],"type":"Polygon"},"properties":{"GEOID":"39057","NAME":"Greene County"},"type":"Feature"},
{"geometry":{"coordinates":[[[-81.3671,39.9503],[-81.3478,39.95],[-81.3478,39.9536],[-81.2341,39.9513],[-81.2259,40.1701],[-81.3396,40.172],[-81.3381,40.2141],[-81.6676,40.2225],[-81.6709,40.151],[-81.7163,40.1522],[-81.7166,40.1485],[-81.7286,39.9317],[-81.6911,39.9308],[-81.6941,39.8426],[-81.5803,39.8391],[-81.5786,39.8977],[-81.4641,39.8945],[-81.4627,39.9235],[-81.3868,39.9213],[-81.386,39.9507],[-81.3671,39.9503]]],"type":"Polygon"},"properties":{"GEOID":"39059","NAME":"Guernsey County"},"type":"Feature"},
{"geometry":{"coordinates":[[[-84.5128,39.3048],[-84.5235,39.3033],[-84.5623,39.3081],[-84.5987,39.3086],[-84.63,39.3121],[-84.6386,39.3097],[-84.6418,39.305],[-84.8195,39.3052],[-84.8202,39.1054],[-84.7878,39.1153],[-84.7833,39.1188],[-84.7706,39.1351],[-84.7623,39.1422],[-84.7534,39.1471],[-84.7434,39.1476],[-84.7284,39.1432],[-84.7185,39.1369],[-84.6865,39.1011],[-84.6786,39.0984],[-84.6654,39.0978],[-84.6545,39.094],[-84.6325,39.0766],[-84.619,39.0734],[-84.6075,39.0734],[-84.5719,39.0824],[-84.5508,39.0995],[-84.5423,39.0995],[-84.5238,39.0923],[-84.5062,39.0952],[-84.4939,39.1029],[-84.4885,39.1107],[-84.4805,39.1175],[-84.471,39.1216],[-84.459,39.1214],[-84.4464,39.1152],[-84.4354,39.1009],[-84.4337,39.0949],[-84.4355,39.087],[-84.4337,39.0842],[-84.4327,39.0668],[-84.4306,39.0587],[-84.4239,39.0529],[-84.4286,39.0556],[-84.4264,39.0531],[-84.4081,39.0459],[-84.3853,39.0452],[-84.3595,39.0412],[-84.3358,39.0325],[-84.32,39.0215],[-84.3027,39.1426],[-84.3017,39.1594],[-84.3001,39.1644],[-84.2951,39.1672],[-84.2994,39.1742],[-84.2887,39.1817],[-84.2875,39.1881],[-84.2779,39.197],[-84.2762,39.2017],[-84.277,39.2052],[-84.2826,39.2121],[-84.2855,39.2135],[-84.2997,39.209],[-84.3103,39.2091],[-84.3131,39.2122],[-84.3161,39.2205],[-84.32,39.2237],[-84.309,39.2315],[-84.3072,39.2344],[-84.2994,39.2352],[-84.2966,39.2387],[-84.2961,39.2452],[-84.2936,39.2486],[-84.283,39.2518],[-84.2714,39.2584],[-84.2653,39.2638],[-84.2613,39.2648],[-84.2588,39.2737],[-84.2564,39.2767],[-84.2648,39.2809],[-84.2652,39.2831],[-84.2622,39.2883],[-84.3142,39.2927],[-84.3536,39.2923],[-84.3911,39.2976],[-84.4284,39.2987],[-84.4655,39.3029],[-84.4851,39.3015],[-84.5046,39.306],[-84.5128,39.3048]]],"type":"Polygon"},"properties":{"GEOID":"39061","NAME":"Hamilton County"},"type":"Feature"},
{"geometry":{"coordinates":[[[-83.6119,41.1674],[-83.8811,41.1678],[-83.8801,40.8199],[-83.5159,40.8181],[-83.5147,40.9051],[-83.4767,40.905],[-83.4768,40.9484],[-83.4577,40.9485],[-83.4578,40.9917],[-83.4203,40.9919],[-83.4211,41.1668],[-83.4999,41.1658],[-83.6119,41.1674]]],"type":"Polygon"},"properties":{"GEOID":"39063","NAME":"Hancock County"},"type":"Feature"},
{"geometry":{"coordinates":[[[-83.8801,40.8199],[-83.88,40.5319],[-83.5197,40.5096],[-83.5204,40.5041],[-83.4187,40.5052],[-83.4156,40.5154],[-83.4199,40.5864],[-83.4198,40.6868],[-83.4403,40.6876],[-83.4402,40.7022],[-83.4958,40.7015],[-83.4963,40.8179],[-83.8801,40.8199]]],"type":"Polygon"},"properties":{"GEOID":"39065","NAME":"Hardin County"},"type":"Feature"},
{"geometry":{"coordinates":[[[-81.2725,40.3692],[-81.2753,40.3034],[-81.3346,40.3043],[-81.3396,40.172],[-81.2259,40.1701],[-81.2258,40.1727],[-81.1119,40.1711],[-81.1121,40.1679],[-80.8829,40.1595],[-80.8723,40.3737],[-80.8716,40.3795],[-80.8672,40.3794],[-80.8655,40.4229],[-81.1001,40.4289],[-81.1001,40.4306],[-81.1178,40.4313],[-81.2123,40.4335],[-81.2123,40.4316],[-81.27,40.4335],[-81.2725,40.3692]]],"type":"Polygon"},"properties":{"GEOID":"39067","NAME":"Harrison County"},"type":"Feature"},
{"geometry":{"coordinates":[[[-83.997,41.1671],[-83.8811,41.1678],[-83.8837,41.345],[-83.8829,41.4875],[-84.3419,41.4855],[-84.3417,41.4276],[-84.2285,41.4278],[-84.2274,41.3391],[-84.2282,41.1659],[-83.997,41.1671]]],"type":"Polygon"},"properties":{"GEOID":"39069","NAME":"Henry County"},"type":"Feature"},
{"geometry":{"coordinates":[[[-83.4749,39.0418],[-83.3856,39.0552],[-83.3537,39.1971],[-83.3435,39.2332],[-83.3478,39.2328],[-83.3459,39.2401],[-83.3469,39.246],[-83.3449,39.2501],[-83.3466,39.2527],[-83.3554,39.2504],[-83.357,39.2451],[-83.3624,39.2406],[-83.3688,39.2435],[-83.3729,39.2482],[-83.3811,39.2496],[-83.3782,39.2565],[-83.3786,39.2595],[-83.3809,39.2623],[-83.3881,39.2643],[-83.3938,39.268],[-83.3932,39.2749],[-83.3813,39.2784],[-83.382,39.2848],[-83.3766,39.2909],[-83.3771,39.2928],[-83.3818,39.294],[-83.3831,39.2969],[-83.382,39.3049],[-83.3848,39.3085],[-83.3833,39.3166],[-83.387,39.322],[-83.3863,39.3258],[-83.3828,39.3274],[-83.384,39.3315],[-83.3822,39.3393],[-83.3751,39.3478],[-83.3803,39.3566],[-83.3734,39.3686],[-83.3748,39.3741],[-83.3727,39.3774],[-83.5909,39.3787],[-83.7848,39.2629],[-83.7864,39.2557],[-83.7926,39.2493],[-83.7957,39.2409],[-83.8025,39.2375],[-83.8015,39.2311],[-83.8063,39.2305],[-83.8086,39.2245],[-83.8139,39.223],[-83.8359,39.2233],[-83.8344,39.2457],[-83.8657,39.2473],[-83.8697,39.057],[-83.8722,39.0213],[-83.8169,39.0202],[-83.7054,39.0214],[-83.6116,39.0189],[-83.4749,39.0418]]],"type":"Polygon"},"properties":{"GEOID":"39071","NAME":"Highland County"},"type":"Feature"},
{"geometry":{"coordinates":[[[-82.4022,39.3902],[-82.2897,39.3842],[-82.2804,39.4729],[-82.1674,39.4661],[-82.1592,39.5566],[-82.2636,39.5621],[-82.262,39.5906],[-82.3799,39.5967],[-82.3745,39.655],[-82.4903,39.6617],[-82.4961,39.6028],[-82.6175,39.6086],[-82.6201,39.564],[-82.7303,39.5691],[-82.74,39.4767],[-82.7486,39.3682],[-82.6357,39.3616],[-82.6344,39.376],[-82.5176,39.3695],[-82.5145,39.3958],[-82.4022,39.3902]]],"type":"Polygon"},"properties":{"GEOID":"39073","NAME":"Hocking County"},"type":"Feature"},
{"geometry":{"coordinates":[[[-82.2211,40.6674],[-82.2203,40.5682],[-82.1785,40.5731],[-82.1843,40.4564],[-81.8939,40.4481],[-81.6698,40.4439],[-81.6628,40.6273],[-81.6682,40.6275],[-81.6679,40.6324],[-81.6491,40.6345],[-81.6489,40.6678],[-82.2211,40.6674]]],"type":"Polygon"},"properties":{"GEOID":"39075","NAME":"Holmes County"},"type":"Feature"},
{"geometry":{"coordinates":[[[-82.4425,41.2839],[-82.8415,41.29],[-82.8295,40.9966],[-82.4329,40.9929],[-82.4369,41.0654],[-82.3365,41.0658],[-82.338,41.1158],[-82.3406,41.133],[-82.3403,41.2113],[-82.3423,41.2836],[-82.4425,41.2839]]],"type":"Polygon"},"properties":{"GEOID":"39077","NAME":"Huron County"},"type":"Feature"},
{"geometry":{"coordinates":[[[-82.6515,39.1896],[-82.6501,39.2023],[-82.7629,39.208],[-82.7667,39.1678],[-82.7859,39.1688],[-82.8071,38.9481],[-82.7534,38.9454],[-82.7585,38.8863],[-82.762,38.8695],[-82.7607,38.8549],[-82.5756,38.8445],[-82.5744,38.8535],[-82.4552,38.8446],[-82.4394,38.9848],[-82.4247,39.138],[-82.4999,39.1412],[-82.5403,39.1445],[-82.5363,39.1808],[-82.5745,39.1855],[-82.611,39.1856],[-82.6515,39.1896]]],"type":"Polygon"},"properties":{"GEOID":"39079","NAME":"Jackson County"},"type":"Feature"},
{"geometry":{"coordinates":[[[-80.6615,40.2298],[-80.6521,40.245],[-80.6468,40.2497],[-80.6225,40.2618],[-80.6193,40.2652],[-80.6162,40.2723],[-80.6168,40.2853],[-80.6149,40.292],[-80.6029,40.3071],[-80.5999,40.3177],[-80.6029,40.3279],[-80.6108,40.3409],[-80.6128,40.3477],[-80.6076,40.3696],[-80.6097,40.3749],[-80.6191,40.3819],[-80.6314,40.3857],[-80.6327,40.3905],[-80.6322,40.3937],[-80.6161,40.401],[-80.6152,40.3999],[-80.6123,40.4028],[-80.6143,40.4087],[-80.6125,40.4117],[-80.6122,40.4348],[-80.5981,40.4584],[-80.5947,40.4714],[-80.5992,40.4826],[-80.6087,40.4896],[-80.6155,40.4984],[-80.6155,40.4996],[-80.6136,40.4986],[-80.6148,40.501],[-80.618,40.502],[-80.6271,40.5352],[-80.6331,40.5387],[-80.6524,40.5625],[-80.6644,40.57],[-80.6627,40.57],[-80.6669,40.5737],[-80.668,40.5825],[-80.7473,40.5833],[-80.7471,40.597],[-80.862,40.5994],[-80.8636,40.5554],[-80.9209,40.5563],[-80.9246,40.468],[-80.9402,40.4683],[-80.9419,40.4247],[-80.8655,40.4229],[-80.8672,40.3794],[-80.8716,40.3795],[-80.8723,40.3737],[-80.8829,40.1595],[-80.7663,40.1551],[-80.7659,40.1598],[-80.7027,40.1572],[-80.6861,40.1816],[-80.6726,40.1924],[-80.6681,40.1997],[-80.6615,40.2298]]],"type":"Polygon"},"properties":{"GEOID":"39081","NAME":"Jefferson County"},"type":"Feature"},
{"geometry":{"coordinates":[[[-82.1882,40.3834],[-82.1785,40.5731],[-82.3749,40.5509],[-82.6428,40.55],[-82.6428,40.5221],[-82.6332,40.5231],[-82.6465,40.3451],[-82.7449,40.3496],[-82.7507,40.277],[-82.4761,40.2647],[-82.4773,40.2458],[-82.326,40.2397],[-82.1959,40.2391],[-82.1882,40.3834]]],"type":"Polygon"},"properties":{"GEOID":"39083","NAME":"Knox County"},"type":"Feature"},
{"geometry":{"coordinates":[[[-81.1023,41.7143],[-81.0029,41.7149],[-81.0021,41.8549],[-81.0098,41.8652],[-81.0098,42.2516],[-81.2498,42.2164],[-81.4952,42.0964],[-81.4878,41.5701],[-81.2959,41.5699],[-81.2947,41.6409],[-81.1014,41.6415],[-81.1023,41.7143]]],"type":"Polygon"},"properties":{"GEOID":"39085","NAME":"Lake County"},"type":"Feature"},
{"geometry":{"coordinates":[[[-82.4725,38.6823],[-82.4669,38.7415],[-82.4866,38.743],[-82.4836,38.7723],[-82.5827,38.7791],[-82.5756,38.8445],[-82.65,38.8491],[-82.6591,38.7627],[-82.6614,38.7625],[-82.6629,38.748],[-82.6954,38.75],[-82.7015,38.6909],[-82.7064,38.6775],[-82.7639,38.68],[-82.7662,38.6447],[-82.7624,38.6407],[-82.756,38.6251],[-82.7404,38.5972],[-82.8159,38.5708],[-82.8012,38.5638],[-82.7882,38.5597],[-82.7667,38.5606],[-82.7264,38.5585],[-82.72,38.554],[-82.6983,38.5438],[-82.6894,38.5362],[-82.6756,38.5156],[-82.6536,38.4938],[-82.6373,38.4843],[-82.6186,38.4772],[-82.6108,38.472],[-82.6036,38.4592],[-82.601,38.4391],[-82.5971,38.4274],[-82.5934,38.4219],[-82.5935,38.4183],[-82.5834,38.41],[-82.5716,38.4051],[-82.5496,38.4034],[-82.5285,38.4058],[-82.4862,38.4182],[-82.4313,38.4309],[-82.4049,38.4393],[-82.3897,38.4344],[-82.3818,38.4348],[-82.3406,38.4409],[-82.3303,38.4445],[-82.324,38.4493],[-82.3181,38.4579],[-82.3139,38.4681],[-82.3106,38.4832],[-82.3049,38.4939],[-82.3031,38.5044],[-82.304,38.5177],[-82.3029,38.5232],[-82.2957,38.5385],[-82.2934,38.557],[-82.2939,38.5727],[-82.2916,38.5753],[-82.2934,38.5741],[-82.2935,38.5754],[-82.2873,38.5828],[-82.3617,38.5852],[-82.3545,38.6761],[-82.4725,38.6823]]],"type":"Polygon"},"properties":{"GEOID":"39087","NAME":"Lawrence County"},"type":"Feature"},
{"geometry":{"coordinates":[[[-82.4628,40.2452],[-82.4773,40.2458],[-82.4761,40.2647],[-82.7507,40.277],[-82.7727,39.987],[-82.7738,39.9761],[-82.7795,39.9763],[-82.7825,39.9397],[-82.4734,39.9251],[-82.4628,39.9304],[-82.4182,39.9279],[-82.4187,39.9224],[-82.234,39.9133],[-82.2317,39.9511],[-82.1987,39.9502],[-82.1828,40.2386],[-82.326,40.2397],[-82.4628,40.2452]]],"type":"Polygon"},"properties":{"GEOID":"39089","NAME":"Licking County"},"type":"Feature"},
{"geometry":{"coordinates":[[[-84.0024,40.4831],[-84.0019,40.3907],[-84.0048,40.3904],[-84.0037,40.3129],[-84.0072,40.3167],[-84.0102,40.3174],[-84.0148,40.2735],[-83.7842,40.26],[-83.7854,40.2452],[-83.5513,40.2294],[-83.5197,40.5096],[-83.88,40.5319],[-83.88,40.5387],[-83.9085,40.5354],[-83.9937,40.5352],[-83.9938,40.483],[-84.0024,40.4831]]],"type":"Polygon"},"properties":{"GEOID":"39091","NAME":"Logan County"},"type":"Feature"},
{"geometry":{"coordinates":[[[-82.1699,41.1371],[-82.0743,41.1365],[-82.0725,41.1998],[-81.9739,41.1998],[-81.9725,41.2748],[-81.8781,41.275],[-81.877,41.3507],[-81.9713,41.3513],[-81.9692,41.4933],[-81.9677,41.5109],[-81.9681,41.625],[-81.9703,41.625],[-81.9706,41.8778],[-82.3481,41.7001],[-82.3482,41.4319],[-82.3411,41.2412],[-82.3406,41.133],[-82.338,41.1158],[-82.3365,41.0658],[-82.1715,41.0635],[-82.1699,41.1371]]],"type":"Polygon"},"properties":{"GEOID":"39093","NAME":"Lorain County"},"type":"Feature"},
{"geometry":{"coordinates":[[[-83.3752,41.6201],[-83.2425,41.6232],[-83.1645,41.6232],[-83.0791,41.7307],[-83.0143,41.809],[-82.9956,41.829],[-83.0693,41.8642],[-83.1125,41.9594],[-83.4159,41.7338],[-83.8804,41.7202],[-83.8774,41.6175],[-83.8824,41.6175],[-83.8832,41.4145],[-83.8723,41.4164],[-83.8663,41.4145],[-83.8543,41.4145],[-83.8516,41.4169],[-83.8498,41.4223],[-83.8456,41.425],[-83.8157,41.4329],[-83.7817,41.4493],[-83.7792,41.4523],[-83.7797,41.4602],[-83.777,41.4629],[-83.7567,41.4622],[-83.7472,41.4662],[-83.7364,41.482],[-83.731,41.4854],[-83.7203,41.4872],[-83.7124,41.4929],[-83.7115,41.4955],[-83.7138,41.5009],[-83.7112,41.5063],[-83.7095,41.5225],[-83.6997,41.534],[-83.6801,41.5469],[-83.6656,41.5493],[-83.6598,41.5535],[-83.652,41.5557],[-83.6449,41.5608],[-83.6361,41.5603],[-83.6313,41.5628],[-83.6256,41.5701],[-83.6127,41.5708],[-83.6095,41.5733],[-83.6084,41.578],[-83.6007,41.5863],[-83.5944,41.5891],[-83.588,41.601],[-83.5699,41.6172],[-83.3752,41.6201]]],"type":"Polygon"},"properties":{"GEOID":"39095","NAME":"Lucas County"},"type":"Feature"},
{"geometry":{"coordinates":[[[-83.2095,40.0751],[-83.2063,40.1077],[-83.5037,40.1115],[-83.5162,40.0102],[-83.5126,40.01],[-83.5899,39.7688],[-83.6472,39.773],[-83.6533,39.7169],[-83.4606,39.705],[-83.2524,39.6954],[-83.2437,39.8136],[-83.252,39.9174],[-83.2256,39.9323],[-83.2319,39.9449],[-83.2417,39.9526],[-83.2424,39.956],[-83.24,39.9598],[-83.2458,39.9636],[-83.2455,39.9683],[-83.2469,39.9711],[-83.2504,39.9707],[-83.2502,39.9775],[-83.249,39.9784],[-83.2503,39.9828],[-83.2461,39.9873],[-83.2609,40.0028],[-83.259,40.0047],[-83.2543,40.0048],[-83.2517,40.0084],[-83.2533,40.0143],[-83.2517,40.0201],[-83.2526,40.0282],[-83.2555,40.0288],[-83.2562,40.0306],[-83.2525,40.0405],[-83.2554,40.0435],[-83.2553,40.0482],[-83.2122,40.0481],[-83.2095,40.0751]]],"type":"Polygon"},"properties":{"GEOID":"39097","NAME":"Madison County"},"type":"Feature"},
{"geometry":{"coordinates":[[[-81.0025,41.1342],[-81.002,40.9878],[-81.0863,40.988],[-81.0867,40.9016],[-80.896,40.901],[-80.8958,40.9302],[-80.8913,40.9302],[-80.8216,40.9298],[-80.8219,40.9009],[-80.5191,40.9003],[-80.519,41.1332],[-81.0025,41.1342]]],"type":"Polygon"},"properties":{"GEOID":"39099","NAME":"Mahoning County"},"type":"Feature"},
{"geometry":{"coordinates":[[[-83.1883,40.7021],[-83.3047,40.702],[-83.305,40.687],[-83.4198,40.6873],[-83.4199,40.5864],[-83.4156,40.5154],[-83.4187,40.5052],[-83.2483,40.5071],[-83.2486,40.444],[-83.1651,40.439],[-83.0208,40.4338],[-83.0168,40.4845],[-82.9584,40.4907],[-82.9578,40.6451],[-82.8598,40.6464],[-82.8583,40.705],[-83.1883,40.7021]]],"type":"Polygon"},"properties":{"GEOID":"39101","NAME":"Marion County"},"type":"Feature"},
{"geometry":{"coordinates":[[[-81.839,41.2756],[-81.9725,41.2748],[-81.9739,41.1998],[-82.0725,41.1998],[-82.0743,41.1365],[-82.1699,41.1371],[-82.1734,40.992],[-81.8289,40.9883],[-81.6885,40.9886],[-81.685,41.2771],[-81.839,41.2756]]],"type":"Polygon"},"properties":{"GEOID":"39103","NAME":"Medina County"},"type":"Feature"},
{"geometry":{"coordinates":[[[-81.8431,39.1835],[-82.0792,39.1936],[-82.3067,39.2055],[-82.3239,39.0132],[-82.0955,39.0028],[-82.099,38.9584],[-82.0902,38.9753],[-82.0511,38.9949],[-82.0457,39.0038],[-82.0421,39.0168],[-82.0377,39.0239],[-82.0239,39.0292],[-82.006,39.0294],[-81.9977,39.0247],[-81.9914,39.0184],[-81.9843,39.0067],[-81.982,38.9957],[-81.9794,38.9932],[-81.9678,38.993],[-81.9514,38.996],[-81.9417,38.9932],[-81.9332,38.9877],[-81.9182,38.9666],[-81.9124,38.9543],[-81.9006,38.9377],[-81.8985,38.9296],[-81.9009,38.9243],[-81.9267,38.9013],[-81.928,38.8935],[-81.9069,38.8776],[-81.8985,38.8746],[-81.8892,38.8743],[-81.856,38.8927],[-81.8487,38.9014],[-81.8453,38.9101],[-81.8445,38.9287],[-81.8344,38.9414],[-81.8331,38.9411],[-81.8274,38.9459],[-81.8142,38.9462],[-81.8061,38.9421],[-81.7934,38.9302],[-81.7856,38.9262],[-81.7741,38.923],[-81.7627,38.9241],[-81.7585,38.9279],[-81.7561,38.9335],[-81.757,38.9372],[-81.761,38.938],[-81.7677,38.9469],[-81.7788,38.9559],[-81.7816,38.9623],[-81.7809,38.97],[-81.7757,38.9807],[-81.7767,38.9851],[-81.7751,38.9914],[-81.772,38.9968],[-81.7652,39.0026],[-81.7643,39.0153],[-81.7729,39.0262],[-81.8034,39.0477],[-81.8124,39.0613],[-81.8141,39.0765],[-81.8124,39.0821],[-81.8071,39.0841],[-81.7982,39.0829],[-81.7858,39.0786],[-81.7756,39.0784],[-81.7622,39.0833],[-81.7503,39.0917],[-81.7455,39.0981],[-81.7424,39.1113],[-81.7452,39.1382],[-81.7442,39.144],[-81.7428,39.142],[-81.7437,39.1469],[-81.7542,39.1711],[-81.7562,39.1803],[-81.8431,39.1835]]],"type":"Polygon"},"properties":{"GEOID":"39105","NAME":"Meigs County"},"type":"Feature"},
{"geometry":{"coordinates":[[[-84.5714,40.3535],[-84.4316,40.3542],[-84.4554,40.3586],[-84.4562,40.7283],[-84.8023,40.7281],[-84.8039,40.3528],[-84.5997,40.3518],[-84.5996,40.3532],[-84.5714,40.3535]]],"type":"Polygon"},"properties":{"GEOID":"39107","NAME":"Mercer County"},"type":"Feature"},
{"geometry":{"coordinates":[[[-84.2191,40.1955],[-84.2187,40.2],[-84.4326,40.197],[-84.4327,40.1889],[-84.4363,40.1808],[-84.4323,40.1808],[-84.4259,39.9196],[-84.1577,39.923],[-84.1672,39.9114],[-84.1643,39.8965],[-84.1572,39.886],[-84.051,39.8798],[-84.0229,40.1839],[-84.2191,40.1955]]],"type":"Polygon"},"properties":{"GEOID":"39109","NAME":"Miami County"},"type":"Feature"},
{"geometry":{"coordinates":[[[-80.8248,39.8031],[-80.8222,39.8117],[-80.8224,39.8234],[-80.827,39.8417],[-80.8213,39.85],[-81.0171,39.8582],[-81.0171,39.8599],[-81.135,39.8654],[-81.3136,39.8695],[-81.3191,39.7076],[-81.2806,39.7069],[-81.2832,39.6057],[-81.2643,39.6053],[-81.2653,39.5768],[-81.2468,39.5765],[-81.2466,39.5791],[-81.0368,39.5722],[-81.0387,39.5399],[-81.0269,39.5475],[-81.0201,39.5554],[-80.9964,39.5694],[-80.9735,39.5884],[-80.9333,39.6148],[-80.9176,39.6187],[-80.8922,39.6168],[-80.8804,39.6207],[-80.8754,39.6284],[-80.871,39.6389],[-80.8698,39.6469],[-80.8666,39.6526],[-80.8652,39.6655],[-80.8663,39.6832],[-80.8637,39.6917],[-80.852,39.6986],[-80.8415,39.7002],[-80.8339,39.7035],[-80.8298,39.7118],[-80.8316,39.7195],[-80.8475,39.7383],[-80.8455,39.7381],[-80.8482,39.7405],[-80.8527,39.741],[-80.8606,39.7482],[-80.8653,39.7533],[-80.8686,39.7624],[-80.8703,39.7632],[-80.8663,39.7717],[-80.863,39.7752],[-80.8353,39.7907],[-80.8261,39.7986],[-80.8248,39.8031]]],"type":"Polygon"},"properties":{"GEOID":"39111","NAME":"Monroe County"},"type":"Feature"},
{"geometry":{"coordinates":[[[-84.2342,39.9223],[-84.4857,39.9181],[-84.4792,39.591],[-84.2862,39.5896],[-84.1142,39.5782],[-84.1096,39.626],[-84.1119,39.6264],[-84.1113,39.638],[-84.0929,39.8383],[-84.0551,39.8362],[-84.051,39.8798],[-84.1572,39.886],[-84.1643,39.8965],[-84.1672,39.9114],[-84.1577,39.923],[-84.2342,39.9223]]],"type":"Polygon"},"properties":{"GEOID":"39113","NAME":"Montgomery County"},"type":"Feature"},
{"geometry":{"coordinates":[[[-81.8232,39.4941],[-81.7835,39.4926],[-81.7838,39.4895],[-81.761,39.4886],[-81.761,39.4828],[-81.7085,39.4808],[-81.7051,39.531],[-81.7222,39.5316],[-81.7211,39.5348],[-81.7235,39.5476],[-81.7163,39.566],[-81.7169,39.5791],[-81.7155,39.5834],[-81.7094,39.5861],[-81.6952,39.587],[-81.6889,39.5905],[-81.5882,39.587],[-81.5861,39.664],[-81.6432,39.6657],[-81.6399,39.7534],[-82.0766,39.771],[-82.0802,39.7277],[-82.0242,39.7247],[-82.0396,39.5502],[-82.0475,39.5508],[-82.0558,39.4601],[-81.8258,39.4492],[-81.8232,39.4941]]],"type":"Polygon"},"properties":{"GEOID":"39115","NAME":"Morgan County"},"type":"Feature"},
{"geometry":{"coordinates":[[[-82.6408,40.4176],[-82.6332,40.5231],[-82.6428,40.5221],[-82.6428,40.55],[-82.6236,40.5499],[-82.6248,40.6373],[-82.6441,40.6372],[-82.645,40.6664],[-82.6262,40.6661],[-82.6272,40.7094],[-82.8582,40.7124],[-82.8598,40.6464],[-82.9578,40.6451],[-82.9584,40.4907],[-83.0168,40.4845],[-83.0221,40.4189],[-82.9248,40.415],[-82.9296,40.3581],[-82.6465,40.3451],[-82.6408,40.4176]]],"type":"Polygon"},"properties":{"GEOID":"39117","NAME":"Morrow County"},"type":"Feature"},
{"geometry":{"coordinates":[[[-82.093,40.1623],[-82.1871,40.1669],[-82.1987,39.9502],[-82.2317,39.9511],[-82.234,39.9133],[-82.1624,39.9094],[-82.17,39.8207],[-82.0729,39.8162],[-82.0766,39.771],[-81.6974,39.7556],[-81.6911,39.9308],[-81.7286,39.9317],[-81.7163,40.1529],[-82.093,40.1623]]],"type":"Polygon"},"properties":{"GEOID":"39119","NAME":"Muskingum County"},"type":"Feature"},
{"geometry":{"coordinates":[[[-81.4641,39.8958],[-81.4641,39.8945],[-81.5786,39.8977],[-81.5803,39.8391],[-81.6941,39.8426],[-81.6975,39.755],[-81.6399,39.7534],[-81.6432,39.6657],[-81.5861,39.664],[-81.5882,39.587],[-81.4735,39.5833],[-81.4732,39.646],[-81.4519,39.6454],[-81.4527,39.6312],[-81.4137,39.6305],[-81.4138,39.6159],[-81.395,39.6157],[-81.3949,39.6015],[-81.3563,39.6009],[-81.3564,39.5935],[-81.2835,39.5918],[-81.2806,39.7069],[-81.3191,39.7076],[-81.3136,39.8695],[-81.2373,39.8678],[-81.2341,39.9513],[-81.3478,39.9536],[-81.3478,39.95],[-81.386,39.9507],[-81.3868,39.9213],[-81.4627,39.9235],[-81.4641,39.8958]]],"type":"Polygon"},"properties":{"GEOID":"39121","NAME":"Noble County"},"type":"Feature"},
{"geometry":{"coordinates":[[[-83.0675,41.4572],[-82.9144,41.4588],[-82.8631,41.4699],[-82.8195,41.485],[-82.7499,41.4773],[-82.7392,41.4778],[-82.7101,41.4858],[-82.6857,41.5],[-82.6161,41.5329],[-82.7874,41.5877],[-82.7264,41.6983],[-82.9956,41.829],[-83.0143,41.809],[-83.0791,41.7307],[-83.1645,41.6232],[-83.2425,41.6232],[-83.4159,41.6191],[-83.4146,41.5002],[-83.339,41.5012],[-83.3382,41.4575],[-83.1826,41.4584],[-83.0675,41.4572]]],"type":"Polygon"},"properties":{"GEOID":"39123","NAME":"Ottawa County"},"type":"Feature"},
{"geometry":{"coordinates":[[[-84.5727,40.9899],[-84.3419,40.9907],[-84.3416,41.2091],[-84.4571,41.2094],[-84.4572,41.2535],[-84.8035,41.2526],[-84.8033,40.9894],[-84.5727,40.9899]]],"type":"Polygon"},"properties":{"GEOID":"39125","NAME":"Paulding County"},"type":"Feature"},
{"geometry":{"coordinates":[[[-82.4724,39.8388],[-82.4724,39.8372],[-82.3966,39.8331],[-82.4042,39.7446],[-82.3661,39.7425],[-82.3799,39.5967],[-82.262,39.5906],[-82.2636,39.5621],[-82.0396,39.5502],[-82.0242,39.7247],[-82.0802,39.7277],[-82.0729,39.8162],[-82.17,39.8207],[-82.1624,39.9094],[-82.4187,39.9224],[-82.4182,39.9279],[-82.4628,39.9304],[-82.4724,39.8388]]],"type":"Polygon"},"properties":{"GEOID":"39127","NAME":"Perry County"},"type":"Feature"},
{"geometry":{"coordinates":[[[-82.843,39.5615],[-82.8344,39.6494],[-82.8376,39.6496],[-82.8372,39.6554],[-82.8243,39.795],[-83.0376,39.8056],[-83.1676,39.8087],[-83.2437,39.8125],[-83.2667,39.5162],[-82.9846,39.5068],[-82.9833,39.5062],[-82.9837,39.5034],[-82.9787,39.5009],[-82.9804,39.4903],[-82.9823,39.4894],[-82.9895,39.4911],[-82.9929,39.4899],[-82.9951,39.4882],[-82.9982,39.4801],[-82.7406,39.4684],[-82.7315,39.5544],[-82.843,39.5615]]],"type":"Polygon"},"properties":{"GEOID":"39129","NAME":"Pickaway County"},"type":"Feature"},
{"geometry":{"coordinates":[[[-82.9752,39.1788],[-83.3535,39.1976],[-83.3856,39.0552],[-83.3146,39.0522],[-83.3133,39.047],[-83.3087,39.045],[-83.3104,39.0424],[-83.2969,39.0355],[-83.2914,39.0305],[-83.2881,39.0298],[-83.2855,39.024],[-83.2819,39.0239],[-83.2803,39.0218],[-83.275,39.0203],[-83.2688,39.0145],[-83.2623,39.0154],[-83.2597,39.0134],[-83.2575,39.0152],[-83.2485,39.01],[-83.2445,39.011],[-83.2426,39.0096],[-83.2378,39.0099],[-83.2383,39.006],[-83.2322,39.0014],[-83.2342,38.9989],[-83.2271,38.998],[-83.2266,38.9955],[-83.2148,38.9917],[-83.2134,38.9861],[-83.2166,38.9782],[-83.2172,38.9718],[-83.2133,38.9721],[-83.2107,38.9699],[-83.2107,38.9677],[-83.2148,38.9628],[-83.2121,38.9601],[-82.9999,38.9563],[-82.9748,38.9554],[-82.9732,38.9538],[-82.9704,38.9554],[-82.8071,38.9481],[-82.7859,39.1688],[-82.9752,39.1788]]],"type":"Polygon"},"properties":{"GEOID":"39131","NAME":"Pike County"},"type":"Feature"},
{"geometry":{"coordinates":[[[-81.2984,41.3473],[-81.3917,41.3483],[-81.3932,40.9885],[-81.002,40.9878],[-81.0032,41.3479],[-81.2984,41.3473]]],"type":"Polygon"},"properties":{"GEOID":"39133","NAME":"Portage County"},"type":"Feature"},
{"geometry":{"coordinates":[[[-84.703,39.5675],[-84.4789,39.5688],[-84.4854,39.9185],[-84.6245,39.9165],[-84.8124,39.9169],[-84.8142,39.8137],[-84.8149,39.5677],[-84.703,39.5675]]],"type":"Polygon"},"properties":{"GEOID":"39135","NAME":"Preble County"},"type":"Feature"},
{"geometry":{"coordinates":[[[-83.8808,41.0804],[-83.8811,41.1678],[-84.3416,41.1655],[-84.3419,40.9907],[-84.3995,40.9903],[-84.3984,40.9033],[-84.341,40.9036],[-84.3405,40.8591],[-84.1191,40.8605],[-84.1096,40.861],[-84.1095,40.9047],[-83.9952,40.9051],[-83.9952,40.9198],[-83.8804,40.9204],[-83.8808,41.0804]]],"type":"Polygon"},"properties":{"GEOID":"39137","NAME":"Putnam County"},"type":"Feature"},
{"geometry":{"coordinates":[[[-82.5665,40.55],[-82.3749,40.5509],[-82.337,40.555],[-82.3392,40.7267],[-82.3784,40.7271],[-82.3787,40.7868],[-82.3798,40.7888],[-82.3828,40.7887],[-82.3842,40.792],[-82.3898,40.7961],[-82.3901,40.7977],[-82.3871,40.8001],[-82.3885,40.8014],[-82.3886,40.8082],[-82.4078,40.8082],[-82.408,40.8146],[-82.4168,40.8146],[-82.4184,40.8162],[-82.4171,40.817],[-82.4172,40.8211],[-82.4208,40.8234],[-82.4195,40.8245],[-82.4204,40.828],[-82.4179,40.8256],[-82.4155,40.8284],[-82.4179,40.9929],[-82.7248,40.9956],[-82.7243,40.9084],[-82.7272,40.7112],[-82.6272,40.7094],[-82.6262,40.6661],[-82.645,40.6664],[-82.645,40.6602],[-82.6441,40.6372],[-82.6248,40.6373],[-82.6236,40.5499],[-82.5665,40.55]]],"type":"Polygon"},"properties":{"GEOID":"39139","NAME":"Richland County"},"type":"Feature"},
{"geometry":{"coordinates":[[[-82.9982,39.4801],[-82.9951,39.4882],[-82.9929,39.4899],[-82.9895,39.4911],[-82.9823,39.4894],[-82.9804,39.4903],[-82.9787,39.5009],[-82.9837,39.5034],[-82.9836,39.5065],[-83.2667,39.5162],[-83.3746,39.3748],[-83.3734,39.3686],[-83.38,39.3576],[-83.3751,39.3478],[-83.3822,39.3393],[-83.384,39.3315],[-83.3828,39.3274],[-83.3863,39.3258],[-83.387,39.322],[-83.3833,39.3166],[-83.3848,39.3085],[-83.382,39.3049],[-83.3831,39.2969],[-83.3818,39.294],[-83.3771,39.2928],[-83.3766,39.2909],[-83.382,39.2848],[-83.3813,39.2784],[-83.3932,39.2749],[-83.3938,39.268],[-83.3881,39.2643],[-83.3809,39.2623],[-83.3786,39.2595],[-83.3782,39.2565],[-83.3811,39.2496],[-83.3729,39.2482],[-83.3657,39.2417],[-83.361,39.241],[-83.3563,39.2462],[-83.3557,39.2501],[-83.353,39.2515],[-83.347,39.2528],[-83.345,39.2506],[-83.3469,39.246],[-83.3459,39.2401],[-83.3478,39.2328],[-83.3435,39.2332],[-83.3535,39.1976],[-82.7667,39.1678],[-82.7407,39.4683],[-82.9982,39.4801]]],"type":"Polygon"},"properties":{"GEOID":"39141","NAME":"Ross County"},"type":"Feature"},
{"geometry":{"coordinates":[[[-82.8401,41.257],[-82.8477,41.4305],[-82.9529,41.4302],[-82.9522,41.4582],[-83.3382,41.4575],[-83.339,41.5012],[-83.4146,41.5002],[-83.4198,41.254],[-83.3365,41.2551],[-83.2357,41.253],[-83.1217,41.2566],[-82.8401,41.2553],[-82.8401,41.257]]],"type":"Polygon"},"properties":{"GEOID":"39143","NAME":"Sandusky County"},"type":"Feature"},
{"geometry":{"coordinates":[[[-83.0116,38.7299],[-82.9774,38.7262],[-82.9708,38.7285],[-82.9715,38.7272],[-82.9395,38.7447],[-82.9209,38.7509],[-82.8947,38.7565],[-82.8863,38.7553],[-82.8848,38.7542],[-82.8854,38.7528],[-82.8795,38.7513],[-82.873,38.7432],[-82.8699,38.7278],[-82.8775,38.6895],[-82.8758,38.6842],[-82.8651,38.6721],[-82.8601,38.6622],[-82.8566,38.6476],[-82.8574,38.6316],[-82.8524,38.6071],[-82.8474,38.5953],[-82.8419,38.5883],[-82.8159,38.5708],[-82.7404,38.5972],[-82.756,38.6251],[-82.7624,38.6407],[-82.7662,38.6447],[-82.7639,38.68],[-82.7064,38.6775],[-82.7015,38.6909],[-82.6954,38.75],[-82.6629,38.748],[-82.6614,38.7625],[-82.6591,38.7627],[-82.65,38.8491],[-82.7607,38.8549],[-82.762,38.8695],[-82.7585,38.8863],[-82.7534,38.9454],[-82.9704,38.9554],[-82.9732,38.9538],[-82.9748,38.9554],[-82.9999,38.9563],[-83.2121,38.9601],[-83.2148,38.9628],[-83.2107,38.9677],[-83.2107,38.9699],[-83.2133,38.9721],[-83.2172,38.9718],[-83.2166,38.9782],[-83.2134,38.9861],[-83.2148,38.9917],[-83.2266,38.9955],[-83.2271,38.998],[-83.2342,38.9989],[-83.2322,39.0014],[-83.2383,39.006],[-83.2378,39.0099],[-83.2426,39.0096],[-83.2445,39.011],[-83.2485,39.01],[-83.2575,39.0152],[-83.2597,39.0134],[-83.262,39.0153],[-83.2687,39.0145],[-83.2708,39.0158],[-83.2685,38.8791],[-83.2682,38.6185],[-83.2618,38.6226],[-83.2556,38.6231],[-83.247,38.6282],[-83.2428,38.6287],[-83.2299,38.6268],[-83.2141,38.6192],[-83.2044,38.6168],[-83.1788,38.6192],[-83.1522,38.6194],[-83.1434,38.6245],[-83.1348,38.632],[-83.1267,38.6444],[-83.1221,38.6601],[-83.1119,38.672],[-83.1033,38.677],[-83.0846,38.6808],[-83.0625,38.6895],[-83.0525,38.6963],[-83.0427,38.7076],[-83.0378,38.7173],[-83.0308,38.7257],[-83.0116,38.7299]]],"type":"Polygon"},"properties":{"GEOID":"39145","NAME":"Scioto County"},"type":"Feature"},
{"geometry":{"coordinates":[[[-83.0742,40.9936],[-82.8532,40.9937],[-82.853,40.9969],[-82.8295,40.9966],[-82.8401,41.2553],[-83.0753,41.2569],[-83.2249,41.253],[-83.3365,41.2551],[-83.4198,41.254],[-83.4213,41.1438],[-83.4203,40.9919],[-83.0742,40.9936]]],"type":"Polygon"},"properties":{"GEOID":"39147","NAME":"Seneca County"},"type":"Feature"},
{"geometry":{"coordinates":[[[-84.1071,40.4832],[-84.3391,40.4811],[-84.3387,40.3788],[-84.434,40.3782],[-84.4344,40.3545],[-84.4316,40.3542],[-84.4346,40.3543],[-84.4326,40.197],[-84.2187,40.2],[-84.2189,40.1955],[-84.0229,40.1839],[-84.0102,40.3174],[-84.0072,40.3167],[-84.0037,40.3129],[-84.0048,40.3904],[-84.0019,40.3907],[-84.0024,40.4831],[-84.1071,40.4832]]],"type":"Polygon"},"properties":{"GEOID":"39149","NAME":"Shelby County"},"type":"Feature"},
{"geometry":{"coordinates":[[[-81.087,40.814],[-81.0863,40.988],[-81.4163,40.9885],[-81.4204,40.9065],[-81.6477,40.914],[-81.6491,40.6345],[-81.4691,40.6549],[-81.4613,40.6661],[-81.459,40.667],[-81.4389,40.6632],[-81.4352,40.6607],[-81.4354,40.6586],[-81.4413,40.6574],[-81.4469,40.6536],[-81.2412,40.6505],[-81.2372,40.7235],[-81.1991,40.7222],[-81.1987,40.7291],[-81.0873,40.7278],[-81.087,40.814]]],"type":"Polygon"},"properties":{"GEOID":"39151","NAME":"Stark County"},"type":"Feature"},
{"geometry":{"coordinates":[[[-81.3917,41.3117],[-81.3917,41.3483],[-81.5981,41.3512],[-81.5976,41.3494],[-81.5929,41.3494],[-81.5936,41.3477],[-81.5968,41.3472],[-81.5952,41.3439],[-81.5897,41.3437],[-81.5878,41.3422],[-81.5879,41.3363],[-81.5917,41.3287],[-81.5871,41.3232],[-81.5873,41.319],[-81.5834,41.3154],[-81.5854,41.3085],[-81.5823,41.306],[-81.5786,41.3058],[-81.573,41.3029],[-81.5755,41.3027],[-81.5757,41.3009],[-81.5729,41.3008],[-81.5725,41.2965],[-81.5711,41.2959],[-81.5721,41.2939],[-81.5698,41.2931],[-81.5709,41.2908],[-81.5653,41.2892],[-81.5679,41.2854],[-81.5645,41.284],[-81.5626,41.2788],[-81.685,41.2771],[-81.6885,40.9886],[-81.6477,40.9886],[-81.6477,40.914],[-81.4204,40.9065],[-81.4163,40.9885],[-81.3932,40.9885],[-81.3917,41.3117]]],"type":"Polygon"},"properties":{"GEOID":"39153","NAME":"Summit County"},"type":"Feature"},
{"geometry":{"coordinates":[[[-80.7132,41.4997],[-81.0031,41.5015],[-81.0025,41.1342],[-80.519,41.1332],[-80.5192,41.4993],[-80.6287,41.4984],[-80.7132,41.4997]]],"type":"Polygon"},"properties":{"GEOID":"39155","NAME":"Trumbull County"},"type":"Feature"},
{"geometry":{"coordinates":[[[-81.5089,40.6504],[-81.6679,40.6324],[-81.6682,40.6275],[-81.6628,40.6273],[-81.6698,40.4439],[-81.7091,40.4449],[-81.7124,40.3708],[-81.6163,40.3681],[-81.6224,40.2213],[-81.3381,40.2141],[-81.3346,40.3043],[-81.2753,40.3034],[-81.2647,40.565],[-81.3217,40.5666],[-81.3179,40.6519],[-81.4469,40.6536],[-81.4413,40.6574],[-81.4354,40.6586],[-81.4352,40.6607],[-81.4389,40.6632],[-81.4589,40.667],[-81.4613,40.6661],[-81.4691,40.6549],[-81.5089,40.6504]]],"type":"Polygon"},"properties":{"GEOID":"39157","NAME":"Tuscarawas County"},"type":"Feature"},
{"geometry":{"coordinates":[[[-83.1713,40.1981],[-83.1723,40.2443],[-83.2484,40.2445],[-83.2496,40.3466],[-83.2483,40.5071],[-83.5202,40.5041],[-83.5513,40.2294],[-83.4945,40.2255],[-83.5037,40.1115],[-83.1702,40.1069],[-83.1713,40.1981]]],"type":"Polygon"},"properties":{"GEOID":"39159","NAME":"Union County"},"type":"Feature"},
{"geometry":{"coordinates":[[[-84.3984,40.9033],[-84.3995,40.9903],[-84.8033,40.9894],[-84.8023,40.7281],[-84.4562,40.7283],[-84.4562,40.6849],[-84.3968,40.6849],[-84.3974,40.8159],[-84.3401,40.8161],[-84.341,40.9036],[-84.3984,40.9033]]],"type":"Polygon"},"properties":{"GEOID":"39161","NAME":"Van Wert County"},"type":"Feature"},
{"geometry":{"coordinates":[[[-82.2985,39.295],[-82.2897,39.3842],[-82.5145,39.3958],[-82.5176,39.3695],[-82.6344,39.376],[-82.6357,39.3616],[-82.7486,39.3682],[-82.7629,39.208],[-82.6501,39.2023],[-82.6515,39.1896],[-82.611,39.1856],[-82.5745,39.1855],[-82.5371,39.181],[-82.5403,39.1445],[-82.4999,39.1412],[-82.4247,39.138],[-82.4353,39.0351],[-82.3229,39.0277],[-82.3067,39.2055],[-82.2686,39.2038],[-82.2638,39.2538],[-82.2602,39.2929],[-82.2985,39.295]]],"type":"Polygon"},"properties":{"GEOID":"39163","NAME":"Vinton County"},"type":"Feature"},
{"geometry":{"coordinates":[[[-84.2584,39.2742],[-84.2594,39.2709],[-84.0075,39.2551],[-83.977,39.5694],[-84.2862,39.5896],[-84.3652,39.5895],[-84.3643,39.5438],[-84.3605,39.5422],[-84.3317,39.5492],[-84.3402,39.4567],[-84.3367,39.456],[-84.3532,39.2923],[-84.3142,39.2927],[-84.2622,39.2883],[-84.2652,39.2822],[-84.2643,39.2804],[-84.2566,39.2772],[-84.2564,39.2752],[-84.2584,39.2742]]],"type":"Polygon"},"properties":{"GEOID":"39165","NAME":"Warren County"},"type":"Feature"},
{"geometry":{"coordinates":[[[-81.3644,39.3424],[-81.3449,39.3468],[-81.3018,39.3722],[-81.2814,39.3793],[-81.2703,39.386],[-81.2598,39.3867],[-81.2504,39.3901],[-81.2444,39.3904],[-81.2236,39.3861],[-81.2173,39.3876],[-81.2117,39.393],[-81.2114,39.402],[-81.2082,39.4071],[-81.1823,39.4335],[-81.1635,39.4412],[-81.1381,39.4438],[-81.1325,39.4463],[-81.1247,39.4534],[-81.1152,39.4665],[-81.1147,39.4656],[-81.1008,39.4872],[-81.0919,39.4966],[-81.0816,39.5041],[-81.0706,39.516],[-81.0387,39.5399],[-81.0368,39.5722],[-81.2466,39.5791],[-81.2468,39.5765],[-81.2653,39.5768],[-81.2643,39.6053],[-81.2831,39.6057],[-81.2835,39.5918],[-81.3564,39.5935],[-81.3563,39.6009],[-81.3949,39.6015],[-81.395,39.6157],[-81.4138,39.6159],[-81.4137,39.6305],[-81.4527,39.6312],[-81.4519,39.6454],[-81.4732,39.646],[-81.4735,39.5833],[-81.6887,39.5905],[-81.6959,39.5868],[-81.7138,39.5846],[-81.7167,39.5803],[-81.7163,39.566],[-81.7235,39.5476],[-81.7211,39.5348],[-81.7222,39.5316],[-81.7051,39.531],[-81.7085,39.4808],[-81.761,39.4828],[-81.761,39.4886],[-81.7838,39.4895],[-81.7835,39.4926],[-81.8232,39.4941],[-81.8258,39.4492],[-81.8449,39.4502],[-81.8532,39.3179],[-81.8347,39.3172],[-81.8356,39.3025],[-81.8164,39.3018],[-81.8183,39.2725],[-81.7218,39.2691],[-81.7256,39.2159],[-81.7009,39.2208],[-81.6937,39.2249],[-81.6911,39.2301],[-81.6966,39.2461],[-81.6964,39.257],[-81.6895,39.266],[-81.6776,39.2742],[-81.6561,39.2774],[-81.6432,39.2772],[-81.6213,39.2736],[-81.6084,39.276],[-81.5952,39.2734],[-81.5856,39.2687],[-81.5702,39.2677],[-81.5652,39.2762],[-81.565,39.2939],[-81.5575,39.3388],[-81.5423,39.3529],[-81.5368,39.355],[-81.5345,39.3582],[-81.5243,39.3616],[-81.5032,39.3732],[-81.489,39.3841],[-81.4732,39.4002],[-81.4561,39.4093],[-81.4465,39.4104],[-81.4356,39.4085],[-81.4158,39.3971],[-81.4067,39.3881],[-81.3959,39.3556],[-81.3912,39.3488],[-81.3825,39.3427],[-81.3644,39.3424]]],"type":"Polygon"},"properties":{"GEOID":"39167","NAME":"Washington County"},"type":"Feature"},
{"geometry":{"coordinates":[[[-81.8769,40.6673],[-81.6489,40.6678],[-81.6477,40.9886],[-81.8289,40.9883],[-82.1293,40.9918],[-82.1279,40.9009],[-82.125,40.8863],[-82.1273,40.8043],[-82.1262,40.6684],[-81.8769,40.6673]]],"type":"Polygon"},"properties":{"GEOID":"39169","NAME":"Wayne County"},"type":"Feature"},
{"geometry":{"coordinates":[[[-84.4592,41.4272],[-84.3417,41.4276],[-84.3421,41.5141],[-84.3807,41.5139],[-84.3813,41.6167],[-84.3984,41.617],[-84.3995,41.7058],[-84.806,41.6961],[-84.8041,41.4261],[-84.4592,41.4272]]],"type":"Polygon"},"properties":{"GEOID":"39171","NAME":"Williams County"},"type":"Feature"},
{"geometry":{"coordinates":[[[-83.7096,41.5219],[-83.7112,41.5063],[-83.7138,41.5009],[-83.7115,41.4955],[-83.7124,41.4929],[-83.7203,41.4872],[-83.731,41.4854],[-83.7364,41.482],[-83.7472,41.4662],[-83.7567,41.4622],[-83.777,41.4629],[-83.7797,41.4602],[-83.7792,41.4523],[-83.7817,41.4493],[-83.8157,41.4329],[-83.8456,41.425],[-83.8498,41.4223],[-83.8516,41.4169],[-83.8543,41.4145],[-83.8663,41.4145],[-83.8723,41.4164],[-83.8832,41.4145],[-83.8837,41.345],[-83.8811,41.1678],[-83.7267,41.1685],[-83.4999,41.1658],[-83.4211,41.1668],[-83.4153,41.4358],[-83.4146,41.515],[-83.4159,41.6191],[-83.5699,41.6172],[-83.588,41.601],[-83.5944,41.5891],[-83.6007,41.5863],[-83.6084,41.578],[-83.6095,41.5733],[-83.6127,41.5708],[-83.6256,41.5701],[-83.6313,41.5628],[-83.6361,41.5603],[-83.6449,41.5608],[-83.652,41.5557],[-83.6598,41.5535],[-83.6656,41.5493],[-83.6801,41.5469],[-83.6997,41.534],[-83.7096,41.5219]]],"type":"Polygon"},"properties":{"GEOID":"39173","NAME":"Wood County"},"type":"Feature"},
{"geometry":{"coordinates":[[[-83.1883,40.7021],[-83.1114,40.7029],[-83.1127,40.9934],[-83.4578,40.9917],[-83.4577,40.9485],[-83.4768,40.9484],[-83.4767,40.905],[-83.5147,40.9051],[-83.5159,40.8181],[-83.4963,40.8179],[-83.4958,40.7015],[-83.4402,40.7022],[-83.4403,40.6876],[-83.305,40.687],[-83.3047,40.702],[-83.1883,40.7021]]],"type":"Polygon"},"properties":{"GEOID":"39175","NAME":"Wyandot County"},"type":"Feature"},
{"geometry":{"coordinates":[[[-76.9995,39.7602],[-76.9997,39.8313],[-76.9907,39.8343],[-76.9785,39.8477],[-76.9648,39.8508],[-76.9549,39.8569],[-76.9622,39.8648],[-76.9636,39.874],[-76.9725,39.8729],[-76.974,39.8744],[-76.9783,39.8819],[-76.9775,39.8855],[-76.9801,39.8866],[-76.982,39.8922],[-76.984,39.8936],[-76.982,39.8974],[-76.9841,39.8996],[-76.984,39.9018],[-76.9801,39.9039],[-76.9816,39.9053],[-76.9736,39.9103],[-76.9728,39.9139],[-76.967,39.9162],[-76.9685,39.9184],[-76.9649,39.922],[-76.9702,39.9214],[-76.9699,39.9237],[-76.9723,39.9257],[-76.971,39.9312],[-76.9726,39.9341],[-76.9697,39.9373],[-76.9662,39.9352],[-77.0186,40.0139],[-77.0262,40.0184],[-77.0564,40.0235],[-77.0685,40.0289],[-77.0728,40.0344],[-77.0784,40.0376],[-77.081,40.0435],[-77.092,40.0536],[-77.1276,40.0686],[-77.1374,40.0699],[-77.1621,40.0517],[-77.1856,40.0295],[-77.2292,40.025],[-77.4036,39.9945],[-77.4711,39.9441],[-77.4632,39.8208],[-77.4591,39.72],[-76.9993,39.7201],[-76.9995,39.7602]]],"type":"Polygon"},"properties":{"GEOID":"42001","NAME":"Adams County"},"type":"Feature"},
{"geometry":{"coordinates":[[[-79.7838,40.3154],[-79.7711,40.3754],[-79.7656,40.3845],[-79.7637,40.3853],[-79.7646,40.3903],[-79.7605,40.3929],[-79.7546,40.3888],[-79.7511,40.3884],[-79.7503,40.3914],[-79.7478,40.3909],[-79.7446,40.3962],[-79.7419,40.3969],[-79.7387,40.3955],[-79.7382,40.3985],[-79.7358,40.3995],[-79.7348,40.3978],[-79.7325,40.3996],[-79.7322,40.406],[-79.7301,40.4087],[-79.7222,40.4087],[-79.7275,40.4124],[-79.727,40.4144],[-79.7175,40.4137],[-79.716,40.4174],[-79.7069,40.4223],[-79.7048,40.4263],[-79.7034,40.4515],[-79.7016,40.5254],[-79.71,40.5322],[-79.7154,40.5335],[-79.7224,40.5422],[-79.7319,40.5451],[-79.7356,40.549],[-79.7427,40.5485],[-79.7517,40.5518],[-79.7651,40.5492],[-79.7741,40.5684],[-79.7737,40.5808],[-79.7708,40.5867],[-79.762,40.5943],[-79.7361,40.602],[-79.7213,40.6082],[-79.7146,40.617],[-79.7033,40.6257],[-79.6944,40.6351],[-79.689,40.6454],[-79.6958,40.6615],[-79.6956,40.6655],[-79.6929,40.6696],[-79.7327,40.6692],[-79.9146,40.6733],[-79.9599,40.6723],[-80.0714,40.6749],[-80.1485,40.6738],[-80.1451,40.6134],[-80.1511,40.6115],[-80.1538,40.6084],[-80.1606,40.6096],[-80.1658,40.606],[-80.1804,40.6093],[-80.1806,40.6073],[-80.1848,40.6036],[-80.1839,40.6013],[-80.1887,40.5998],[-80.1843,40.5969],[-80.1949,40.5968],[-80.2042,40.5886],[-80.2081,40.588],[-80.2123,40.5821],[-80.2145,40.5808],[-80.2191,40.582],[-80.2187,40.5797],[-80.224,40.5773],[-80.2241,40.5753],[-80.3609,40.4777],[-80.2219,40.3651],[-80.1846,40.3331],[-79.9145,40.2524],[-79.9216,40.2469],[-79.9308,40.243],[-79.9626,40.2388],[-79.97,40.2333],[-79.9713,40.2282],[-79.9688,40.2241],[-79.9579,40.2143],[-79.9293,40.2071],[-79.9108,40.197],[-79.8948,40.1943],[-79.8717,40.1973],[-79.7826,40.2276],[-79.8035,40.2316],[-79.8066,40.2336],[-79.8074,40.236],[-79.8061,40.2403],[-79.8003,40.2452],[-79.7958,40.254],[-79.7875,40.2625],[-79.7951,40.2722],[-79.7958,40.2811],[-79.7801,40.2821],[-79.7752,40.2864],[-79.776,40.2892],[-79.781,40.2936],[-79.7886,40.2977],[-79.7838,40.3154]]],"type":"Polygon"},"properties":{"GEOID":"42003","NAME":"Allegheny County"},"type":"Feature"},
{"geometry":{"coordinates":[[[-79.5676,40.59],[-79.5705,40.5832],[-79.5598,40.5626],[-79.5362,40.5503],[-79.5262,40.5424],[-79.521,40.5413],[-79.5113,40.5423],[-79.5073,40.5374],[-79.4989,40.5322],[-79.4971,40.5253],[-79.4927,40.5251],[-79.4865,40.5274],[-79.4846,40.5347],[-79.4819,40.5369],[-79.4769,40.5358],[-79.4779,40.5315],[-79.4766,40.5296],[-79.4606,40.5343],[-79.4542,40.5338],[-79.4502,40.5301],[-79.3778,40.604],[-79.2152,40.7759],[-79.2157,40.94],[-79.2125,40.9605],[-79.2102,41.0491],[-79.2152,41.0489],[-79.2152,41.0505],[-79.2304,41.0459],[-79.2365,41.042],[-79.242,41.0353],[-79.2607,41.0293],[-79.2676,41.0202],[-79.274,41.0176],[-79.283,41.0096],[-79.299,41.0116],[-79.3026,41.0135],[-79.317,41.0025],[-79.3339,40.999],[-79.3371,41.0024],[-79.3394,41.0024],[-79.3463,40.9977],[-79.3563,40.9998],[-79.3608,41.0037],[-79.3638,41.0029],[-79.3715,40.9885],[-79.3716,40.9826],[-79.3694,40.9753],[-79.3722,40.9702],[-79.3761,40.9684],[-79.3815,40.9695],[-79.3822,40.9753],[-79.381,40.9799],[-79.3746,40.9844],[-79.3775,40.9856],[-79.384,40.9851],[-79.3867,40.9875],[-79.3849,40.9901],[-79.3777,40.9909],[-79.3781,40.9943],[-79.3838,40.9952],[-79.3904,40.9934],[-79.3947,40.9948],[-79.3982,40.9893],[-79.404,40.9883],[-79.4061,40.9906],[-79.4047,40.9978],[-79.4125,40.9979],[-79.4147,40.9994],[-79.4143,41.002],[-79.4096,41.0061],[-79.4123,41.0085],[-79.4212,41.0027],[-79.4229,40.9928],[-79.4248,40.9887],[-79.4286,40.9855],[-79.4419,40.9874],[-79.451,40.9817],[-79.4608,40.9823],[-79.4622,40.985],[-79.4559,40.9882],[-79.4563,40.991],[-79.4632,40.99],[-79.471,40.994],[-79.4879,40.9956],[-79.4948,40.9862],[-79.4928,40.9809],[-79.4937,40.9779],[-79.5051,40.9768],[-79.5074,40.984],[-79.514,40.9868],[-79.5168,40.9863],[-79.5178,40.984],[-79.5148,40.9803],[-79.5152,40.9778],[-79.5224,40.975],[-79.5286,40.9784],[-79.5358,40.9801],[-79.54,40.9845],[-79.5526,40.9798],[-79.5601,40.9848],[-79.5704,40.9856],[-79.5811,40.9804],[-79.5901,40.9699],[-79.5952,40.9686],[-79.6012,40.9693],[-79.6228,40.9764],[-79.6245,40.98],[-79.6235,40.9846],[-79.6191,40.989],[-79.6048,40.9946],[-79.5849,40.9916],[-79.5816,40.994],[-79.5818,40.998],[-79.5902,41.004],[-79.6067,41.0052],[-79.6095,41.0072],[-79.609,41.0126],[-79.6027,41.0207],[-79.5995,41.0294],[-79.599,41.0338],[-79.6012,41.0369],[-79.6054,41.0369],[-79.6137,41.0333],[-79.6194,41.0333],[-79.6368,41.0379],[-79.6498,41.0445],[-79.6626,41.0474],[-79.6662,41.0497],[-79.6666,41.0571],[-79.6572,41.064],[-79.6555,41.0684],[-79.664,41.0774],[-79.6753,41.0837],[-79.6794,41.0913],[-79.6813,41.1066],[-79.6794,41.1148],[-79.6788,41.1334],[-79.6796,41.1371],[-79.6867,41.1451],[-79.6862,41.1488],[-79.6802,41.1557],[-79.6796,41.1595],[-79.6814,41.1628],[-79.6893,41.1695],[-79.6929,40.6697],[-79.6793,40.6723],[-79.6683,40.68],[-79.64,40.6669],[-79.6375,40.6644],[-79.6361,40.6545],[-79.6266,40.6476],[-79.611,40.642],[-79.6089,40.6373],[-79.6099,40.6283],[-79.6078,40.6253],[-79.6007,40.6251],[-79.5915,40.6343],[-79.5869,40.6367],[-79.5837,40.6366],[-79.5828,40.6332],[-79.5887,40.6255],[-79.5896,40.6169],[-79.584,40.6109],[-79.5844,40.607],[-79.5821,40.6033],[-79.5772,40.6014],[-79.5697,40.6072],[-79.566,40.608],[-79.5505,40.6037],[-79.5649,40.5945],[-79.5676,40.59]]],"type":"Polygon"},"properties":{"GEOID":"42005","NAME":"Armstrong County"},"type":"Feature"},
{"geometry":{"coordinates":[[[-80.1552,40.7882],[-80.1585,40.8551],[-80.519,40.8513],[-80.519,40.4774],[-80.3609,40.4775],[-80.2241,40.5753],[-80.224,40.5773],[-80.2187,40.5797],[-80.2191,40.582],[-80.2145,40.5808],[-80.2123,40.5821],[-80.2081,40.588],[-80.2042,40.5886],[-80.1949,40.5968],[-80.1843,40.5969],[-80.1887,40.5998],[-80.1839,40.6013],[-80.1848,40.6036],[-80.1806,40.6073],[-80.1804,40.6093],[-80.1658,40.606],[-80.1606,40.6096],[-80.1538,40.6084],[-80.1511,40.6115],[-80.1451,40.6134],[-80.1552,40.7882]]],"type":"Polygon"},"properties":{"GEOID":"42007","NAME":"Beaver County"},"type":"Feature"},
{"geometry":{"coordinates":[[[-78.269,39.9002],[-78.25,39.936],[-78.2399,39.9495],[-78.2352,39.9637],[-78.2198,39.9933],[-78.2046,40.0107],[-78.201,40.013],[-78.2041,40.0178],[-78.2027,40.0297],[-78.2057,40.0346],[-78.2042,40.0422],[-78.1993,40.0459],[-78.1879,40.0471],[-78.1843,40.0502],[-78.1818,40.0562],[-78.1815,40.0589],[-78.1853,40.0604],[-78.1875,40.0646],[-78.2037,40.0699],[-78.2051,40.0728],[-78.2039,40.0831],[-78.2069,40.0863],[-78.1886,40.1017],[-78.1583,40.1222],[-78.1347,40.1653],[-78.2363,40.2246],[-78.2573,40.2979],[-78.2741,40.2667],[-78.285,40.2529],[-78.2888,40.2421],[-78.3067,40.2481],[-78.3239,40.2573],[-78.3931,40.2842],[-78.4343,40.3023],[-78.442,40.2789],[-78.4428,40.2596],[-78.4479,40.2444],[-78.5057,40.2873],[-78.5297,40.2929],[-78.6189,40.3265],[-78.6252,40.3143],[-78.6364,40.3055],[-78.6427,40.2831],[-78.6517,40.2815],[-78.6438,40.2591],[-78.6583,40.2432],[-78.6614,40.2311],[-78.677,40.2112],[-78.7398,40.0696],[-78.752,40.0749],[-78.7632,40.057],[-78.7572,39.8235],[-78.767,39.7954],[-78.8084,39.7229],[-78.3806,39.7226],[-78.3438,39.7616],[-78.3356,39.7741],[-78.329,39.7811],[-78.3222,39.7947],[-78.299,39.8255],[-78.2906,39.8435],[-78.2769,39.8807],[-78.2716,39.8905],[-78.269,39.9002]]],"type":"Polygon"},"properties":{"GEOID":"42009","NAME":"Bedford County"},"type":"Feature"},
{"geometry":{"coordinates":[[[-75.6388,40.3128],[-75.5298,40.4471],[-75.812,40.6251],[-75.8915,40.6773],[-75.9932,40.6397],[-76.0122,40.5777],[-76.0163,40.5766],[-76.0173,40.5742],[-76.0212,40.5738],[-76.0265,40.5786],[-76.0338,40.5773],[-76.0395,40.5831],[-76.045,40.5838],[-76.0473,40.5827],[-76.0495,40.5765],[-76.053,40.5742],[-76.0573,40.576],[-76.058,40.5796],[-76.0653,40.5797],[-76.0794,40.5661],[-76.1059,40.5622],[-76.132,40.5544],[-76.1551,40.5452],[-76.1601,40.5405],[-76.1636,40.54],[-76.1716,40.5349],[-76.1856,40.5356],[-76.1966,40.5313],[-76.2181,40.529],[-76.2343,40.5221],[-76.256,40.5171],[-76.2722,40.5176],[-76.3023,40.5147],[-76.3146,40.5159],[-76.3225,40.5142],[-76.3304,40.5159],[-76.3382,40.5155],[-76.3524,40.5112],[-76.3692,40.5096],[-76.4159,40.496],[-76.4402,40.496],[-76.2319,40.3663],[-76.2055,40.3607],[-76.1495,40.3145],[-75.8734,40.1371],[-75.7432,40.2167],[-75.6959,40.2424],[-75.6388,40.3128]]],"type":"Polygon"},"properties":{"GEOID":"42011","NAME":"Berks County"},"type":"Feature"},
{"geometry":{"coordinates":[[[-78.5447,40.4867],[-78.5444,40.4829],[-78.5404,40.4762],[-78.542,40.4697],[-78.5485,40.4619],[-78.5577,40.4416],[-78.5529,40.4348],[-78.5615,40.3697],[-78.6022,40.3536],[-78.6189,40.3265],[-78.5297,40.2929],[-78.5057,40.2873],[-78.4479,40.2444],[-78.4428,40.2596],[-78.442,40.2789],[-78.4343,40.3023],[-78.3931,40.2842],[-78.3239,40.2573],[-78.3067,40.2481],[-78.2888,40.2421],[-78.285,40.2529],[-78.2741,40.2667],[-78.2464,40.318],[-78.2309,40.3398],[-78.2142,40.3563],[-78.204,40.3751],[-78.1863,40.3999],[-78.1569,40.4364],[-78.1342,40.4732],[-78.1295,40.4857],[-78.13,40.4929],[-78.1339,40.4983],[-78.1509,40.4868],[-78.1534,40.4886],[-78.1539,40.4922],[-78.1473,40.5333],[-78.1407,40.5444],[-78.1394,40.5506],[-78.1324,40.5645],[-78.1286,40.568],[-78.133,40.5704],[-78.1357,40.5697],[-78.1405,40.5576],[-78.1451,40.5539],[-78.1454,40.5486],[-78.1499,40.546],[-78.1497,40.5416],[-78.163,40.5366],[-78.1662,40.5314],[-78.1717,40.5344],[-78.1768,40.5345],[-78.1786,40.538],[-78.1856,40.5437],[-78.1891,40.5512],[-78.1971,40.5584],[-78.1783,40.5838],[-78.1793,40.5927],[-78.1842,40.5953],[-78.1664,40.6181],[-78.1697,40.621],[-78.1731,40.628],[-78.179,40.627],[-78.1892,40.6328],[-78.1911,40.638],[-78.1972,40.639],[-78.1961,40.6425],[-78.1986,40.6485],[-78.2062,40.6551],[-78.222,40.6745],[-78.2155,40.6851],[-78.2013,40.6984],[-78.1999,40.699],[-78.1973,40.6966],[-78.1952,40.6973],[-78.17,40.7126],[-78.1641,40.7135],[-78.1615,40.7117],[-78.1566,40.713],[-78.1559,40.7177],[-78.1391,40.7243],[-78.1165,40.7391],[-78.1318,40.743],[-78.3606,40.7332],[-78.3484,40.7234],[-78.4085,40.6443],[-78.4237,40.6475],[-78.4325,40.6478],[-78.4388,40.6457],[-78.4421,40.6414],[-78.4402,40.6388],[-78.441,40.6316],[-78.4463,40.6242],[-78.4412,40.5972],[-78.4493,40.5903],[-78.4539,40.5812],[-78.4791,40.5473],[-78.4855,40.5414],[-78.4976,40.5392],[-78.5182,40.5288],[-78.5227,40.5233],[-78.5304,40.5191],[-78.5398,40.5063],[-78.5447,40.4867]]],"type":"Polygon"},"properties":{"GEOID":"42013","NAME":"Blair County"},"type":"Feature"},
{"geometry":{"coordinates":[[[-76.5233,41.9998],[-76.9271,42.0016],[-76.8991,41.8081],[-76.8787,41.6203],[-76.8747,41.5967],[-76.7927,41.5878],[-76.2201,41.5413],[-76.198,41.6478],[-76.1152,41.6518],[-76.1455,41.9988],[-76.5233,41.9998]]],"type":"Polygon"},"properties":{"GEOID":"42015","NAME":"Bradford County"},"type":"Feature"},
{"geometry":{"coordinates":[[[-75.0607,40.4213],[-75.0661,40.446],[-75.0707,40.4568],[-75.067,40.4653],[-75.0677,40.4737],[-75.0627,40.4804],[-75.0651,40.5264],[-75.0684,40.542],[-75.078,40.5479],[-75.0998,40.5674],[-75.1164,40.5731],[-75.1402,40.5754],[-75.1623,40.5642],[-75.1729,40.5644],[-75.1849,40.5683],[-75.1955,40.5786],[-75.1893,40.5899],[-75.1923,40.6027],[-75.1968,40.6086],[-75.2664,40.5776],[-75.3386,40.5341],[-75.4097,40.488],[-75.4839,40.4186],[-74.9979,40.1278],[-74.9939,40.1319],[-74.9927,40.1305],[-74.9944,40.1262],[-74.9892,40.1262],[-74.9865,40.123],[-74.9834,40.1236],[-74.9825,40.12],[-74.973,40.1198],[-74.9692,40.1168],[-74.9647,40.1186],[-74.9632,40.1148],[-74.9637,40.1099],[-74.9656,40.1081],[-74.9609,40.1031],[-74.9618,40.0978],[-74.9558,40.0951],[-74.9579,40.0904],[-74.9584,40.084],[-74.9633,40.0772],[-74.9713,40.0758],[-74.9724,40.0722],[-74.9808,40.0661],[-74.9804,40.0603],[-74.9852,40.0571],[-74.9832,40.0542],[-74.9797,40.0535],[-74.974,40.0486],[-74.9298,40.0698],[-74.9219,40.0714],[-74.9073,40.0708],[-74.8775,40.08],[-74.8628,40.0829],[-74.8546,40.0933],[-74.8422,40.0985],[-74.8359,40.1035],[-74.8294,40.1192],[-74.8225,40.1268],[-74.8155,40.1277],[-74.7994,40.1227],[-74.7842,40.1205],[-74.7597,40.1338],[-74.7412,40.1352],[-74.7244,40.1464],[-74.722,40.1503],[-74.7223,40.1607],[-74.7372,40.1776],[-74.7543,40.1852],[-74.7606,40.1989],[-74.7673,40.2071],[-74.7714,40.2152],[-74.7953,40.2294],[-74.8195,40.2385],[-74.8363,40.2462],[-74.8423,40.2505],[-74.8605,40.2846],[-74.8682,40.2952],[-74.8916,40.313],[-74.9083,40.3169],[-74.9397,40.338],[-74.9445,40.3451],[-74.9489,40.3651],[-74.9666,40.3982],[-74.9831,40.4046],[-74.9884,40.4085],[-74.9959,40.4104],[-75.023,40.4037],[-75.0286,40.404],[-75.0344,40.4061],[-75.0455,40.4137],[-75.057,40.417],[-75.0607,40.4213]]],"type":"Polygon"},"properties":{"GEOID":"42017","NAME":"Bucks County"},"type":"Feature"},
{"geometry":{"coordinates":[[[-79.8855,41.1725],[-79.9998,41.1719],[-80.0744,41.0923],[-80.0969,41.0698],[-80.0983,41.0711],[-80.1665,41.0009],[-80.1487,40.6738],[-80.0714,40.6749],[-79.9599,40.6723],[-79.9146,40.6733],[-79.7327,40.6692],[-79.6929,40.6696],[-79.6893,41.1695],[-79.6923,41.172],[-79.697,41.1729],[-79.8855,41.1725]]],"type":"Polygon"},"properties":{"GEOID":"42019","NAME":"Butler County"},"type":"Feature"},
{"geometry":{"coordinates":[[[-78.5446,40.4842],[-78.5398,40.5063],[-78.5304,40.5191],[-78.5227,40.5233],[-78.5182,40.5288],[-78.4976,40.5392],[-78.4855,40.5414],[-78.4791,40.5473],[-78.4539,40.5812],[-78.4493,40.5903],[-78.4412,40.5972],[-78.4463,40.6242],[-78.441,40.6316],[-78.4402,40.6388],[-78.4422,40.6412],[-78.4397,40.6448],[-78.4323,40.6478],[-78.4237,40.6475],[-78.4085,40.6443],[-78.3487,40.7234],[-78.4029,40.7252],[-78.5298,40.7259],[-78.6356,40.7231],[-78.8023,40.7246],[-78.7992,40.7171],[-78.8089,40.721],[-78.8597,40.607],[-78.9219,40.4835],[-78.9752,40.3919],[-78.9982,40.3562],[-79.0061,40.3512],[-79.0099,40.3405],[-79.0154,40.3392],[-79.02,40.3356],[-79.0247,40.3269],[-79.0304,40.3221],[-79.0312,40.3181],[-79.0369,40.3141],[-79.0373,40.3073],[-79.045,40.2996],[-79.0516,40.2901],[-79.0551,40.2892],[-79.0563,40.2849],[-78.9271,40.2847],[-78.9275,40.2819],[-78.9248,40.2785],[-78.9034,40.2752],[-78.8962,40.2716],[-78.8944,40.2685],[-78.8972,40.2635],[-78.894,40.2611],[-78.8911,40.25],[-78.8847,40.2446],[-78.8808,40.2451],[-78.8798,40.2472],[-78.869,40.249],[-78.8645,40.2444],[-78.8612,40.2455],[-78.8588,40.2425],[-78.8512,40.246],[-78.8258,40.2445],[-78.6583,40.2432],[-78.6438,40.2591],[-78.6517,40.2815],[-78.6427,40.2831],[-78.6364,40.3055],[-78.6252,40.3143],[-78.6022,40.3536],[-78.5615,40.3697],[-78.5529,40.4348],[-78.5577,40.4416],[-78.5485,40.4619],[-78.5421,40.4694],[-78.5404,40.4762],[-78.5446,40.4842]]],"type":"Polygon"},"properties":{"GEOID":"42021","NAME":"Cambria County"},"type":"Feature"},
{"geometry":{"coordinates":[[[-78.1318,41.5512],[-78.2036,41.6176],[-78.4208,41.6173],[-78.4184,41.5547],[-78.4184,41.544],[-78.4202,41.544],[-78.4212,41.4738],[-78.4196,41.4737],[-78.42,41.405],[-78.254,41.4047],[-78.2544,41.3236],[-78.2347,41.3234],[-78.2369,41.2299],[-78.0934,41.2169],[-77.9891,41.3674],[-77.9892,41.4748],[-78.0504,41.4755],[-78.1318,41.5512]]],"type":"Polygon"},"properties":{"GEOID":"42023","NAME":"Cameron County"},"type":"Feature"},
{"geometry":{"coordinates":[[[-75.5564,40.9287],[-75.5746,40.9513],[-75.4961,40.9874],[-75.5619,41.0495],[-75.5698,41.0501],[-75.5705,41.0539],[-75.5684,41.0553],[-75.5689,41.0566],[-75.5714,41.0577],[-75.5711,41.0593],[-75.5749,41.0627],[-75.5769,41.068],[-75.581,41.0678],[-75.5832,41.0704],[-75.583,41.0729],[-75.5875,41.0763],[-75.6001,41.0842],[-75.6056,41.085],[-75.6041,41.0934],[-75.6136,41.0948],[-75.6155,41.1044],[-75.6206,41.1067],[-75.6204,41.1093],[-75.625,41.1114],[-75.6278,41.1071],[-75.6297,41.107],[-75.633,41.1085],[-75.6341,41.112],[-75.6362,41.113],[-75.6459,41.1129],[-75.6457,41.1181],[-75.6493,41.1223],[-75.6567,41.116],[-75.6582,41.1186],[-75.6569,41.1241],[-75.6615,41.1292],[-75.6652,41.1303],[-75.6675,41.134],[-75.6798,41.1329],[-75.6853,41.1299],[-75.6903,41.1313],[-75.6969,41.1297],[-75.7008,41.1271],[-75.7034,41.1221],[-75.7096,41.122],[-75.7083,41.1159],[-75.7167,41.1181],[-75.7224,41.1103],[-75.7287,41.1084],[-75.733,41.1029],[-75.7522,41.1039],[-75.7546,41.1021],[-75.7534,41.0965],[-75.7553,41.0943],[-75.7606,41.0917],[-75.7643,41.094],[-75.7674,41.093],[-75.7656,41.0845],[-75.772,41.0767],[-75.7701,41.069],[-75.7703,41.0619],[-75.7715,41.0611],[-75.7703,41.0502],[-75.7657,41.0441],[-75.7613,41.0412],[-75.7577,41.0316],[-75.7432,41.0315],[-75.7401,41.0298],[-75.7386,41.017],[-75.7322,41.0081],[-75.8012,40.9834],[-75.8192,40.9826],[-75.8485,40.9722],[-75.848,40.9664],[-75.9976,40.9133],[-75.886,40.8163],[-75.7578,40.7354],[-75.7449,40.7403],[-75.7436,40.7435],[-75.7393,40.7442],[-75.7286,40.7539],[-75.7024,40.7622],[-75.6946,40.7702],[-75.6881,40.7721],[-75.6026,40.788],[-75.5955,40.7933],[-75.5775,40.7994],[-75.5575,40.8012],[-75.5514,40.8046],[-75.5415,40.8068],[-75.508,40.8091],[-75.4742,40.8147],[-75.4936,40.8464],[-75.5564,40.9287]]],"type":"Polygon"},"properties":{"GEOID":"42025","NAME":"Carbon County"},"type":"Feature"},
{"geometry":{"coordinates":[[[-77.5111,40.794],[-77.4296,40.8275],[-77.3753,40.8452],[-77.3642,40.8469],[-77.2792,40.9097],[-77.204,40.9927],[-77.1438,41.0428],[-77.1442,41.0443],[-77.3399,40.9872],[-77.3939,40.9783],[-77.4403,40.9744],[-77.5086,40.9629],[-77.5802,41.0473],[-77.5617,41.0576],[-77.5687,41.0661],[-77.5744,41.0688],[-77.5822,41.0672],[-77.5838,41.0701],[-77.5888,41.0717],[-77.5913,41.0707],[-77.5919,41.0744],[-77.5953,41.0777],[-77.6209,41.0891],[-77.6218,41.0912],[-77.6295,41.0931],[-77.6298,41.0946],[-77.6501,41.0976],[-77.659,41.101],[-77.6608,41.1068],[-77.6633,41.1088],[-77.672,41.1052],[-77.6838,41.1093],[-77.691,41.1063],[-77.7066,41.1139],[-77.7117,41.1111],[-77.7137,41.1063],[-77.7164,41.1051],[-77.7248,41.1074],[-77.7256,41.1101],[-77.7287,41.1115],[-77.7381,41.1076],[-77.7467,41.1063],[-77.778,41.1466],[-77.7896,41.1421],[-77.79,41.1771],[-77.8977,41.1769],[-77.8984,41.2528],[-77.9046,41.2471],[-77.9116,41.2433],[-77.9218,41.2275],[-77.9341,41.2267],[-77.9378,41.225],[-77.939,41.2198],[-77.9352,41.2132],[-77.9371,41.2103],[-77.9427,41.2103],[-77.9577,41.2178],[-77.962,41.2153],[-77.9657,41.2096],[-77.9718,41.2059],[-77.9731,41.2042],[-77.9737,41.1924],[-77.9708,41.1747],[-77.9837,41.1707],[-77.9867,41.1638],[-77.9894,41.1619],[-77.9979,41.1634],[-78.0008,41.1617],[-78.0018,41.1581],[-78.0006,41.1489],[-78.0047,41.1441],[-78.0107,41.1439],[-78.0157,41.1529],[-78.0286,41.1503],[-78.0341,41.1536],[-78.0375,41.1539],[-78.0434,41.1465],[-78.0527,41.1453],[-78.056,41.132],[-78.0588,41.1309],[-78.067,41.1324],[-78.0697,41.1313],[-78.0704,41.129],[-78.0687,41.1243],[-78.0704,41.1219],[-78.083,41.1263],[-78.0859,41.1245],[-78.0869,41.1183],[-78.0892,41.116],[-78.0932,41.116],[-78.0954,41.1204],[-78.1003,41.1218],[-78.1033,41.1212],[-78.112,41.1143],[-78.1117,41.1111],[-78.101,41.091],[-78.0927,41.0796],[-78.0937,41.0758],[-78.0972,41.0723],[-78.0851,41.0681],[-78.0888,41.0634],[-78.0904,41.0582],[-78.0856,41.0573],[-78.0761,41.0599],[-78.0734,41.0574],[-78.0714,41.0499],[-78.0682,41.05],[-78.0624,41.0532],[-78.0594,41.0512],[-78.0641,41.0459],[-78.0573,41.0394],[-78.0577,41.0369],[-78.0656,41.0358],[-78.0698,41.0326],[-78.0783,41.0341],[-78.0803,41.0307],[-78.0773,41.0266],[-78.0713,41.0266],[-78.0707,41.0246],[-78.0756,41.0222],[-78.0679,41.0195],[-78.0694,41.0135],[-78.0603,41.0124],[-78.056,41.0083],[-78.0557,41.0049],[-78.0648,41.0039],[-78.0651,41.001],[-78.0614,40.9972],[-78.0619,40.9952],[-78.0644,40.9953],[-78.0674,40.9978],[-78.0745,40.9936],[-78.0866,40.9942],[-78.0821,40.9842],[-78.0848,40.9806],[-78.0905,40.9809],[-78.0887,40.9761],[-78.0917,40.9729],[-78.0945,40.9741],[-78.0968,40.973],[-78.093,40.9702],[-78.0853,40.969],[-78.0785,40.9605],[-78.0781,40.9564],[-78.0905,40.9542],[-78.0941,40.9506],[-78.0993,40.9516],[-78.1041,40.9495],[-78.109,40.9505],[-78.1113,40.9451],[-78.1203,40.9419],[-78.1225,40.9434],[-78.1205,40.9459],[-78.1215,40.9471],[-78.127,40.9457],[-78.1339,40.9467],[-78.1306,40.9513],[-78.1364,40.956],[-78.1299,40.9622],[-78.1337,40.967],[-78.1363,40.9663],[-78.1359,40.963],[-78.1396,40.9571],[-78.1405,40.9502],[-78.1443,40.9486],[-78.1478,40.9497],[-78.1469,40.9566],[-78.1594,40.9612],[-78.1685,40.9605],[-78.1693,40.9532],[-78.1677,40.9519],[-78.1627,40.9547],[-78.1595,40.9543],[-78.1594,40.9504],[-78.1558,40.9414],[-78.1625,40.9421],[-78.1646,40.9409],[-78.1632,40.9395],[-78.1665,40.9367],[-78.1719,40.9364],[-78.1715,40.9323],[-78.1772,40.9302],[-78.1817,40.9223],[-78.1833,40.9227],[-78.1904,40.9187],[-78.1919,40.9206],[-78.196,40.92],[-78.2016,40.9158],[-78.2102,40.9175],[-78.2148,40.9148],[-78.2148,40.9134],[-78.2173,40.9139],[-78.221,40.9119],[-78.2216,40.9099],[-78.2259,40.9074],[-78.2242,40.9062],[-78.2264,40.9035],[-78.2283,40.9042],[-78.2291,40.8997],[-78.2277,40.8999],[-78.2287,40.8989],[-78.2267,40.8985],[-78.2277,40.8975],[-78.2247,40.8965],[-78.221,40.8918],[-78.2222,40.8915],[-78.221,40.889],[-78.2278,40.887],[-78.2285,40.8822],[-78.2329,40.8784],[-78.2331,40.8803],[-78.2347,40.8793],[-78.2421,40.8817],[-78.2478,40.8796],[-78.2472,40.8778],[-78.2495,40.8772],[-78.2465,40.8758],[-78.2394,40.8768],[-78.2356,40.8738],[-78.2382,40.8719],[-78.2463,40.8721],[-78.249,40.8695],[-78.2491,40.8611],[-78.2469,40.8587],[-78.2481,40.8564],[-78.2549,40.8537],[-78.2571,40.8555],[-78.2603,40.8548],[-78.2636,40.8512],[-78.2675,40.8501],[-78.2676,40.8477],[-78.2702,40.8469],[-78.2777,40.851],[-78.2839,40.8511],[-78.2898,40.8489],[-78.2914,40.847],[-78.2905,40.8426],[-78.2937,40.8409],[-78.2961,40.8367],[-78.3023,40.8341],[-78.2995,40.8298],[-78.3002,40.8234],[-78.3056,40.8207],[-78.3078,40.8158],[-78.3116,40.8139],[-78.3138,40.8086],[-78.3203,40.8084],[-78.3223,40.8055],[-78.3268,40.8059],[-78.3299,40.8021],[-78.3393,40.7981],[-78.3402,40.7916],[-78.3439,40.7906],[-78.3419,40.7871],[-78.3435,40.7839],[-78.3418,40.7825],[-78.3463,40.7808],[-78.3464,40.7789],[-78.3516,40.7756],[-78.3523,40.7686],[-78.3591,40.7679],[-78.3606,40.7654],[-78.3654,40.7645],[-78.3714,40.7577],[-78.3742,40.7568],[-78.377,40.7524],[-78.373,40.7499],[-78.3713,40.744],[-78.363,40.7332],[-78.1318,40.743],[-77.9443,40.6916],[-77.8943,40.7162],[-77.8249,40.7435],[-77.7685,40.7195],[-77.7187,40.7274],[-77.7105,40.7146],[-77.6838,40.7287],[-77.662,40.7377],[-77.6526,40.7449],[-77.5934,40.7612],[-77.5111,40.794]]],"type":"Polygon"},"properties":{"GEOID":"42027","NAME":"Centre County"},"type":"Feature"},
{"geometry":{"coordinates":[[[[-75.5625,39.9016],[-75.5593,39.903],[-75.5613,39.9074],[-75.5586,39.9087],[-75.5561,39.9053],[-75.5464,39.9097],[-75.5505,39.9149],[-75.5425,39.9184],[-75.5444,39.9234],[-75.5411,39.9251],[-75.5427,39.9272],[-75.5361,39.9299],[-75.5302,39.9221],[-75.5235,39.9231],[-75.5305,39.932],[-75.5262,39.935],[-75.5245,39.9316],[-75.519,39.9343],[-75.5195,39.939],[-75.5238,39.9441],[-75.4358,39.9851],[-75.4357,39.9891],[-75.4384,39.991],[-75.4368,39.9929],[-75.4377,39.9939],[-75.4409,39.9918],[-75.4437,39.994],[-75.4538,39.9936],[-75.4043,40.0274],[-75.415,40.0418],[-75.361,40.0655],[-75.3667,40.0724],[-75.3926,40.061],[-75.4201,40.0972],[-75.4379,40.0896],[-75.4407,40.0943],[-75.4563,40.0878],[-75.4568,40.0947],[-75.4629,40.0973],[-75.4617,40.103],[-75.4684,40.1065],[-75.4716,40.1119],[-75.4697,40.1164],[-75.462,40.1201],[-75.4616,40.1248],[-75.4724,40.1293],[-75.4811,40.1268],[-75.4926,40.1261],[-75.5061,40.133],[-75.5097,40.1371],[-75.5108,40.1409],[-75.5087,40.1465],[-75.501,40.1545],[-75.5011,40.1574],[-75.5038,40.1597],[-75.509,40.1601],[-75.5132,40.1583],[-75.5204,40.1472],[-75.5259,40.1486],[-75.5277,40.1514],[-75.5267,40.1602],[-75.5289,40.1684],[-75.541,40.176],[-75.5487,40.1884],[-75.5574,40.2076],[-75.5611,40.2098],[-75.564,40.2093],[-75.565,40.2069],[-75.5623,40.2014],[-75.5627,40.1975],[-75.5674,40.1942],[-75.5733,40.1953],[-75.5787,40.2],[-75.5815,40.2071],[-75.5878,40.2144],[-75.597,40.2368],[-75.6032,40.2381],[-75.6069,40.2361],[-75.6075,40.2328],[-75.6037,40.2295],[-75.6032,40.227],[-75.6066,40.2243],[-75.6124,40.223],[-75.616,40.2247],[-75.62,40.2303],[-75.6511,40.2421],[-75.6568,40.2412],[-75.664,40.2449],[-75.6696,40.2449],[-75.6881,40.2362],[-75.6968,40.2419],[-75.7432,40.2167],[-75.8732,40.1372],[-75.943,40.1093],[-75.9361,40.0786],[-75.9343,40.0476],[-75.9359,40.0375],[-75.9863,39.9678],[-75.9863,39.9636],[-75.9946,39.9524],[-75.9911,39.9477],[-75.9923,39.9458],[-75.9897,39.9449],[-75.9882,39.9397],[-75.981,39.9335],[-75.9817,39.9295],[-75.9848,39.9321],[-75.987,39.9299],[-75.9918,39.9288],[-75.9915,39.9267],[-75.9974,39.9281],[-75.9958,39.9246],[-75.9971,39.9219],[-75.9949,39.9168],[-75.9961,39.9146],[-75.9953,39.9115],[-75.9975,39.91],[-75.9945,39.9024],[-75.995,39.8985],[-75.9933,39.899],[-75.9867,39.8929],[-75.9913,39.8875],[-75.9906,39.8845],[-75.9924,39.8822],[-75.9885,39.8784],[-75.9868,39.8736],[-75.9915,39.8687],[-75.9984,39.872],[-75.9978,39.8738],[-76.0024,39.8744],[-76.0044,39.8726],[-76.0059,39.8668],[-76.0076,39.8523],[-76.0188,39.8541],[-76.0222,39.8508],[-76.0229,39.8489],[-76.0208,39.8491],[-76.0188,39.8405],[-76.02,39.84],[-76.0177,39.838],[-76.0165,39.8313],[-76.0228,39.8308],[-76.0238,39.8271],[-76.027,39.8242],[-76.0376,39.8269],[-76.0373,39.8245],[-76.0314,39.8183],[-76.0296,39.8127],[-76.0352,39.8118],[-76.0352,39.8077],[-76.039,39.8012],[-76.0466,39.804],[-76.0498,39.8027],[-76.0414,39.7966],[-76.0451,39.7932],[-76.0435,39.7914],[-76.0485,39.7892],[-76.0505,39.7828],[-76.0584,39.7799],[-76.0605,39.775],[-76.0646,39.7712],[-76.0625,39.7648],[-76.0667,39.76],[-76.0819,39.7614],[-76.0858,39.7559],[-76.0826,39.753],[-76.0868,39.7458],[-76.094,39.7427],[-76.1003,39.7457],[-76.102,39.7395],[-76.0925,39.734],[-76.0958,39.7299],[-76.1009,39.7265],[-76.102,39.7241],[-76.1058,39.7241],[-76.1112,39.7283],[-76.1086,39.7348],[-76.1136,39.7371],[-76.1192,39.7366],[-76.1207,39.7351],[-76.1182,39.7254],[-76.119,39.7236],[-76.1225,39.7235],[-76.125,39.7268],[-76.1283,39.7277],[-76.1344,39.7271],[-76.1366,39.7254],[-76.1363,39.7232],[-76.1355,39.7211],[-75.7738,39.7222],[-75.7626,39.7438],[-75.7474,39.7644],[-75.7286,39.783],[-75.7062,39.7997],[-75.6813,39.8135],[-75.6549,39.8243],[-75.6261,39.8323],[-75.5949,39.8375],[-75.5978,39.8409],[-75.592,39.8525],[-75.6015,39.8559],[-75.5954,39.8665],[-75.5926,39.8679],[-75.5979,39.8745],[-75.5848,39.881],[-75.5872,39.8842],[-75.5862,39.8848],[-75.5824,39.8857],[-75.5804,39.8837],[-75.5712,39.8881],[-75.5743,39.8922],[-75.5723,39.8932],[-75.5734,39.8964],[-75.5625,39.9016]]],[[[-75.5931,39.8377],[-75.5799,39.8389],[-75.5869,39.8443],[-75.5931,39.8377]]]],"type":"MultiPolygon"},"properties":{"GEOID":"42029","NAME":"Chester County"},"type":"Feature"},
{"geometry":{"coordinates":[[[-79.3376,41.0025],[-79.3339,40.999],[-79.3192,41.0018],[-79.3026,41.0135],[-79.2905,41.01],[-79.2825,41.0098],[-79.274,41.0176],[-79.2676,41.0202],[-79.2607,41.0293],[-79.2423,41.0352],[-79.2365,41.042],[-79.2304,41.0459],[-79.2152,41.0505],[-79.2145,41.0788],[-79.2113,41.0787],[-79.2113,41.0807],[-79.2072,41.4309],[-79.3577,41.4324],[-79.3576,41.4362],[-79.4003,41.4361],[-79.4004,41.3866],[-79.4778,41.3865],[-79.4781,41.3357],[-79.5414,41.336],[-79.5415,41.321],[-79.6042,41.3215],[-79.6046,41.2771],[-79.6276,41.2772],[-79.6277,41.2669],[-79.6327,41.2669],[-79.6329,41.2536],[-79.6504,41.2537],[-79.6496,41.2179],[-79.6689,41.1991],[-79.6663,41.1971],[-79.6706,41.1932],[-79.6654,41.189],[-79.6701,41.1831],[-79.6729,41.183],[-79.6731,41.1847],[-79.6798,41.1832],[-79.6841,41.1844],[-79.6903,41.1814],[-79.697,41.1847],[-79.7004,41.1815],[-79.6993,41.1786],[-79.7006,41.1751],[-79.6913,41.1713],[-79.6797,41.1599],[-79.6802,41.1557],[-79.6862,41.1488],[-79.6867,41.1451],[-79.6796,41.1371],[-79.6788,41.1334],[-79.6794,41.1148],[-79.6813,41.1066],[-79.6784,41.0888],[-79.6745,41.0829],[-79.664,41.0774],[-79.6555,41.0684],[-79.6572,41.064],[-79.6666,41.0571],[-79.666,41.0493],[-79.6513,41.0451],[-79.6363,41.0378],[-79.6194,41.0333],[-79.6137,41.0333],[-79.6054,41.0369],[-79.6012,41.0369],[-79.599,41.0338],[-79.5995,41.0294],[-79.6027,41.0207],[-79.609,41.0126],[-79.6095,41.0072],[-79.6067,41.0052],[-79.5902,41.004],[-79.5818,40.998],[-79.5816,40.994],[-79.5849,40.9916],[-79.6034,40.9948],[-79.6191,40.989],[-79.6245,40.9818],[-79.6237,40.9774],[-79.6208,40.9752],[-79.6012,40.9693],[-79.5934,40.9688],[-79.5892,40.9707],[-79.5775,40.9829],[-79.5728,40.9853],[-79.5662,40.9858],[-79.5575,40.9838],[-79.5526,40.9798],[-79.54,40.9845],[-79.5358,40.9801],[-79.5286,40.9784],[-79.5224,40.975],[-79.5152,40.9778],[-79.5148,40.9803],[-79.5178,40.984],[-79.5152,40.9869],[-79.5074,40.984],[-79.5059,40.9777],[-79.5015,40.9766],[-79.493,40.9784],[-79.4948,40.9862],[-79.4879,40.9956],[-79.471,40.994],[-79.4632,40.99],[-79.4566,40.9911],[-79.4557,40.9885],[-79.4619,40.9853],[-79.4622,40.9831],[-79.451,40.9817],[-79.4427,40.9873],[-79.4306,40.9854],[-79.4271,40.9862],[-79.4229,40.9928],[-79.4212,41.0027],[-79.4123,41.0085],[-79.4096,41.0061],[-79.4143,41.002],[-79.4147,40.9994],[-79.4125,40.9979],[-79.4047,40.9978],[-79.4061,40.9906],[-79.404,40.9883],[-79.3982,40.9893],[-79.3947,40.9948],[-79.3904,40.9934],[-79.3838,40.9952],[-79.3781,40.9943],[-79.3777,40.9909],[-79.3849,40.9901],[-79.3867,40.9875],[-79.384,40.9851],[-79.3775,40.9856],[-79.3746,40.9844],[-79.3808,40.9801],[-79.382,40.9773],[-79.3816,40.9697],[-79.3768,40.9683],[-79.3722,40.9702],[-79.3694,40.9753],[-79.3716,40.9826],[-79.3715,40.9885],[-79.3648,41.0022],[-79.3608,41.0037],[-79.3563,40.9998],[-79.348,40.9977],[-79.3376,41.0025]]],"type":"Polygon"},"properties":{"GEOID":"42031","NAME":"Clarion County"},"type":"Feature"},
{"geometry":{"coordinates":[[[-78.2751,40.8499],[-78.27,40.847],[-78.2603,40.8548],[-78.2571,40.8555],[-78.2549,40.8537],[-78.2481,40.8564],[-78.2469,40.8587],[-78.2491,40.8611],[-78.249,40.8695],[-78.2463,40.8721],[-78.2382,40.8719],[-78.2356,40.8738],[-78.2394,40.8768],[-78.2465,40.8758],[-78.2495,40.8772],[-78.2472,40.8778],[-78.2478,40.8796],[-78.2421,40.8817],[-78.2347,40.8793],[-78.2331,40.8803],[-78.2329,40.8784],[-78.2285,40.8822],[-78.2278,40.887],[-78.221,40.889],[-78.2222,40.8915],[-78.221,40.8918],[-78.2247,40.8965],[-78.2277,40.8975],[-78.2267,40.8985],[-78.2287,40.8989],[-78.2277,40.8999],[-78.2291,40.8997],[-78.2283,40.9042],[-78.2264,40.9035],[-78.2242,40.9062],[-78.2259,40.9074],[-78.2216,40.9099],[-78.2208,40.9121],[-78.2173,40.9139],[-78.215,40.9133],[-78.2148,40.9148],[-78.2102,40.9175],[-78.2016,40.9158],[-78.196,40.92],[-78.1919,40.9206],[-78.1904,40.9187],[-78.1833,40.9227],[-78.1817,40.9223],[-78.1772,40.9302],[-78.1715,40.9323],[-78.1719,40.9364],[-78.1665,40.9367],[-78.1632,40.9395],[-78.1646,40.9409],[-78.1625,40.9421],[-78.1558,40.9414],[-78.1594,40.9504],[-78.1595,40.9543],[-78.1627,40.9547],[-78.1677,40.9519],[-78.1693,40.9532],[-78.1677,40.961],[-78.1594,40.9612],[-78.1469,40.9566],[-78.1478,40.9497],[-78.1443,40.9486],[-78.1405,40.9502],[-78.1396,40.9571],[-78.1359,40.963],[-78.1363,40.9663],[-78.1337,40.967],[-78.1299,40.9622],[-78.1364,40.956],[-78.1306,40.9513],[-78.1339,40.9467],[-78.127,40.9457],[-78.1215,40.9471],[-78.1205,40.9459],[-78.1225,40.9434],[-78.1203,40.9419],[-78.1113,40.9451],[-78.109,40.9505],[-78.1041,40.9495],[-78.0993,40.9516],[-78.0941,40.9506],[-78.0905,40.9542],[-78.0781,40.9564],[-78.0785,40.9605],[-78.0853,40.969],[-78.093,40.9702],[-78.0968,40.973],[-78.0945,40.9741],[-78.0917,40.9729],[-78.0887,40.9761],[-78.0905,40.9809],[-78.0848,40.9806],[-78.0821,40.9842],[-78.0866,40.9942],[-78.0745,40.9936],[-78.0674,40.9978],[-78.0644,40.9953],[-78.0619,40.9952],[-78.0614,40.9972],[-78.0651,41.001],[-78.0648,41.0039],[-78.0557,41.0049],[-78.056,41.0083],[-78.0603,41.0124],[-78.0694,41.0135],[-78.0679,41.0195],[-78.0756,41.0222],[-78.0707,41.0246],[-78.0713,41.0266],[-78.0773,41.0266],[-78.0803,41.0307],[-78.0783,41.0341],[-78.0698,41.0326],[-78.0656,41.0358],[-78.0577,41.0369],[-78.0573,41.0394],[-78.0641,41.0459],[-78.0594,41.0512],[-78.0624,41.0532],[-78.0682,41.05],[-78.0714,41.0499],[-78.0734,41.0574],[-78.0761,41.0599],[-78.0856,41.0573],[-78.0904,41.0582],[-78.0888,41.0634],[-78.0851,41.0681],[-78.0972,41.0723],[-78.0937,41.0758],[-78.0927,41.0796],[-78.1005,41.0901],[-78.1122,41.1136],[-78.1087,41.1176],[-78.1003,41.1218],[-78.0954,41.1204],[-78.0932,41.116],[-78.0892,41.116],[-78.0869,41.1183],[-78.0859,41.1245],[-78.083,41.1263],[-78.0704,41.1219],[-78.0687,41.1243],[-78.0704,41.129],[-78.0697,41.1313],[-78.067,41.1324],[-78.0588,41.1309],[-78.056,41.132],[-78.0527,41.1453],[-78.0434,41.1465],[-78.0382,41.1536],[-78.061,41.1745],[-78.0934,41.2169],[-78.2239,41.2292],[-78.6467,41.2538],[-78.6479,41.2175],[-78.7102,41.2019],[-78.7664,41.2028],[-78.7972,41.1454],[-78.7946,41.1424],[-78.7995,41.1413],[-78.8045,41.1322],[-78.804,40.9518],[-78.8064,40.8616],[-78.8063,40.7352],[-78.8063,40.7297],[-78.8033,40.7288],[-78.8017,40.7246],[-78.6356,40.7231],[-78.5298,40.7259],[-78.4029,40.7252],[-78.3484,40.7234],[-78.3664,40.7361],[-78.3731,40.7474],[-78.373,40.7499],[-78.377,40.7523],[-78.376,40.7545],[-78.3654,40.7645],[-78.3606,40.7654],[-78.3591,40.7679],[-78.3523,40.7686],[-78.3516,40.7756],[-78.3464,40.7789],[-78.3463,40.7808],[-78.3418,40.7825],[-78.3435,40.7839],[-78.3419,40.7871],[-78.3439,40.7906],[-78.3402,40.7916],[-78.3393,40.7981],[-78.3299,40.8021],[-78.3268,40.8059],[-78.3223,40.8055],[-78.3203,40.8084],[-78.3132,40.8091],[-78.3141,40.8101],[-78.3116,40.8139],[-78.3078,40.8158],[-78.3056,40.8207],[-78.2994,40.8246],[-78.3,40.8314],[-78.3023,40.8341],[-78.2961,40.8367],[-78.2937,40.8409],[-78.2905,40.8426],[-78.2905,40.8482],[-78.2839,40.8511],[-78.2751,40.8499]]],"type":"Polygon"},"properties":{"GEOID":"42033","NAME":"Clearfield County"},"type":"Feature"},
{"geometry":{"coordinates":[[[-77.344,41.2205],[-77.3514,41.2202],[-77.3485,41.2233],[-77.3496,41.2289],[-77.358,41.2306],[-77.3627,41.2336],[-77.3701,41.2327],[-77.399,41.2531],[-77.4111,41.2666],[-77.4159,41.27],[-77.4249,41.2731],[-77.4299,41.2826],[-77.4456,41.2881],[-77.4507,41.2941],[-77.4556,41.304],[-77.4669,41.3095],[-77.4716,41.3137],[-77.475,41.3252],[-77.4747,41.3359],[-77.4764,41.3386],[-77.4999,41.354],[-77.5267,41.3586],[-77.5377,41.365],[-77.54,41.368],[-77.5421,41.3818],[-77.5498,41.3949],[-77.5642,41.4124],[-77.5702,41.4147],[-77.5752,41.4205],[-77.5806,41.4358],[-77.5847,41.4413],[-77.5973,41.4411],[-77.5981,41.4786],[-77.9892,41.4748],[-77.9891,41.3674],[-78.0934,41.2169],[-78.061,41.1745],[-78.0382,41.1536],[-78.035,41.1539],[-78.0286,41.1503],[-78.0157,41.1529],[-78.0112,41.1442],[-78.0059,41.1436],[-78.0006,41.1489],[-78.0018,41.1581],[-78.0008,41.1617],[-77.9979,41.1634],[-77.9894,41.1619],[-77.9867,41.1638],[-77.9837,41.1707],[-77.9708,41.1747],[-77.9737,41.1924],[-77.9731,41.2042],[-77.9718,41.2059],[-77.9657,41.2096],[-77.962,41.2153],[-77.9577,41.2178],[-77.9427,41.2103],[-77.9371,41.2103],[-77.9352,41.2132],[-77.939,41.2198],[-77.9378,41.225],[-77.9341,41.2267],[-77.9218,41.2275],[-77.9116,41.2433],[-77.9046,41.2471],[-77.8984,41.2528],[-77.8977,41.1769],[-77.79,41.1771],[-77.7896,41.1421],[-77.778,41.1466],[-77.7467,41.1063],[-77.7381,41.1076],[-77.7287,41.1115],[-77.7256,41.1101],[-77.7248,41.1074],[-77.7164,41.1051],[-77.7137,41.1063],[-77.7117,41.1111],[-77.7066,41.1139],[-77.691,41.1063],[-77.6838,41.1093],[-77.672,41.1052],[-77.6633,41.1088],[-77.6608,41.1068],[-77.659,41.101],[-77.6501,41.0976],[-77.6298,41.0946],[-77.6295,41.0931],[-77.6218,41.0912],[-77.6209,41.0891],[-77.5953,41.0777],[-77.5919,41.0744],[-77.5913,41.0707],[-77.5888,41.0717],[-77.5838,41.0701],[-77.5822,41.0672],[-77.5744,41.0688],[-77.5687,41.0661],[-77.5617,41.0576],[-77.5802,41.0473],[-77.5086,40.9629],[-77.4403,40.9744],[-77.3939,40.9783],[-77.3399,40.9872],[-77.1442,41.0443],[-77.1441,41.0688],[-77.1643,41.0687],[-77.2622,41.1624],[-77.272,41.1725],[-77.2724,41.1754],[-77.2756,41.1791],[-77.2923,41.1853],[-77.2937,41.1911],[-77.2906,41.1951],[-77.3064,41.2081],[-77.3209,41.2189],[-77.3285,41.2193],[-77.3295,41.2207],[-77.3311,41.2194],[-77.344,41.2205]]],"type":"Polygon"},"properties":{"GEOID":"42035","NAME":"Clinton County"},"type":"Feature"},
{"geometry":{"coordinates":[[[-76.2991,40.8312],[-76.2846,40.8836],[-76.2497,40.9158],[-76.2078,40.9497],[-76.2208,41.0001],[-76.2314,41.0507],[-76.2281,41.0519],[-76.229,41.1385],[-76.2774,41.1318],[-76.3192,41.2081],[-76.3202,41.2158],[-76.3103,41.3102],[-76.4079,41.3084],[-76.4997,41.2339],[-76.5217,41.2143],[-76.5926,41.1578],[-76.6408,41.1557],[-76.6247,41.1042],[-76.6206,41.0853],[-76.6154,41.0795],[-76.6182,41.0742],[-76.6161,41.0683],[-76.619,41.0638],[-76.5699,41.0538],[-76.5623,41.0342],[-76.5628,41.0234],[-76.5662,41.0086],[-76.5652,40.9998],[-76.529,40.9731],[-76.5149,40.9589],[-76.5159,40.9503],[-76.5124,40.9461],[-76.5294,40.9401],[-76.5264,40.9349],[-76.5218,40.9317],[-76.5201,40.9266],[-76.5222,40.9227],[-76.5282,40.9191],[-76.5247,40.9152],[-76.528,40.8826],[-76.5066,40.8829],[-76.5041,40.8808],[-76.5038,40.8784],[-76.5092,40.8742],[-76.5099,40.8707],[-76.5074,40.8635],[-76.5025,40.8618],[-76.498,40.8541],[-76.4995,40.8501],[-76.5081,40.8466],[-76.5081,40.8421],[-76.5025,40.8314],[-76.5016,40.8248],[-76.4958,40.8241],[-76.4377,40.8325],[-76.4115,40.8335],[-76.3803,40.7754],[-76.3072,40.8018],[-76.2991,40.8312]]],"type":"Polygon"},"properties":{"GEOID":"42037","NAME":"Columbia County"},"type":"Feature"},
{"geometry":{"coordinates":[[[-79.91,41.8507],[-80.1465,41.849],[-80.5194,41.8496],[-80.5192,41.4891],[-80.445,41.4871],[-80.4449,41.4923],[-80.4321,41.4921],[-80.4315,41.4898],[-80.4333,41.4887],[-80.4312,41.489],[-80.4311,41.487],[-80.1254,41.4804],[-80.1256,41.4863],[-79.9987,41.4901],[-79.9987,41.501],[-79.9818,41.5002],[-79.9815,41.5129],[-79.9581,41.5135],[-79.9592,41.5254],[-79.9422,41.5253],[-79.9433,41.5378],[-79.9233,41.5376],[-79.9254,41.5502],[-79.9095,41.5501],[-79.9086,41.5622],[-79.8928,41.5622],[-79.8927,41.5741],[-79.87,41.5743],[-79.873,41.5813],[-79.8501,41.5871],[-79.8496,41.5978],[-79.8297,41.602],[-79.8291,41.6221],[-79.7683,41.621],[-79.7684,41.6177],[-79.6132,41.6169],[-79.6121,41.8503],[-79.6804,41.8515],[-79.91,41.8507]]],"type":"Polygon"},"properties":{"GEOID":"42039","NAME":"Crawford County"},"type":"Feature"},
{"geometry":{"coordinates":[[[-77.0128,40.1484],[-77.0092,40.1489],[-77.0031,40.1533],[-76.9916,40.1553],[-76.9868,40.1551],[-76.979,40.152],[-76.9753,40.153],[-76.9712,40.1572],[-76.973,40.1592],[-76.9774,40.1589],[-76.9807,40.1606],[-76.9818,40.163],[-76.978,40.1648],[-76.9677,40.1626],[-76.9646,40.1649],[-76.9594,40.1638],[-76.9499,40.1658],[-76.9291,40.1613],[-76.9091,40.1661],[-76.9059,40.1657],[-76.9076,40.1694],[-76.9242,40.1778],[-76.9285,40.1851],[-76.9258,40.1886],[-76.9142,40.1828],[-76.9119,40.1849],[-76.9135,40.1889],[-76.9093,40.1889],[-76.9086,40.1907],[-76.9184,40.1982],[-76.9289,40.1967],[-76.9313,40.1976],[-76.9315,40.1994],[-76.9269,40.2002],[-76.9257,40.203],[-76.9236,40.2038],[-76.9222,40.2083],[-76.9184,40.2103],[-76.9149,40.2087],[-76.9147,40.2058],[-76.9113,40.2048],[-76.9101,40.2083],[-76.9065,40.2096],[-76.9075,40.2147],[-76.906,40.2171],[-76.9037,40.2166],[-76.9018,40.2121],[-76.9,40.2122],[-76.8987,40.2146],[-76.9033,40.2211],[-76.9043,40.2235],[-76.9029,40.2246],[-76.9005,40.2234],[-76.897,40.2247],[-76.8892,40.2137],[-76.8856,40.214],[-76.8798,40.2178],[-76.8706,40.2156],[-76.8609,40.2193],[-76.8619,40.2229],[-76.8586,40.2262],[-76.8665,40.2312],[-76.8787,40.2439],[-76.89,40.2494],[-76.9045,40.2605],[-76.9138,40.2711],[-76.916,40.2799],[-76.9202,40.283],[-76.9242,40.2892],[-76.923,40.301],[-76.9118,40.3226],[-76.9142,40.3288],[-76.9493,40.3169],[-76.9806,40.3093],[-77.0184,40.3042],[-77.0418,40.3044],[-77.0964,40.3004],[-77.1606,40.2897],[-77.2045,40.2871],[-77.2309,40.2836],[-77.2392,40.2841],[-77.2701,40.2787],[-77.3122,40.2677],[-77.3173,40.2676],[-77.3312,40.2764],[-77.3307,40.2806],[-77.3229,40.2912],[-77.3232,40.2925],[-77.3266,40.2926],[-77.3406,40.2869],[-77.3607,40.2747],[-77.3851,40.2627],[-77.4025,40.257],[-77.4139,40.2552],[-77.4215,40.2558],[-77.4233,40.2585],[-77.4198,40.2641],[-77.4113,40.2691],[-77.4093,40.2746],[-77.4029,40.2801],[-77.3612,40.3052],[-77.3576,40.3125],[-77.3601,40.3141],[-77.366,40.3136],[-77.3944,40.3035],[-77.4195,40.2908],[-77.4578,40.2661],[-77.4736,40.2542],[-77.4987,40.2395],[-77.5264,40.2259],[-77.5294,40.2227],[-77.5377,40.2189],[-77.5558,40.2192],[-77.5594,40.218],[-77.5783,40.2066],[-77.5935,40.192],[-77.5997,40.1881],[-77.6054,40.1854],[-77.6147,40.1985],[-77.6276,40.1887],[-77.6136,40.1702],[-77.6137,40.1639],[-77.6088,40.1533],[-77.6042,40.1514],[-77.5933,40.1423],[-77.5928,40.1352],[-77.5901,40.1338],[-77.5817,40.1341],[-77.5756,40.1283],[-77.5686,40.1261],[-77.5629,40.1193],[-77.561,40.1084],[-77.5579,40.1031],[-77.5616,40.0983],[-77.5605,40.0944],[-77.5539,40.0959],[-77.5501,40.091],[-77.543,40.0896],[-77.5431,40.0872],[-77.5469,40.0863],[-77.5424,40.0838],[-77.5437,40.0823],[-77.5409,40.0799],[-77.5457,40.0782],[-77.5403,40.0768],[-77.5423,40.0749],[-77.5399,40.0741],[-77.5419,40.0698],[-77.5357,40.0707],[-77.5323,40.0672],[-77.533,40.0628],[-77.5305,40.0592],[-77.5325,40.0487],[-77.5263,40.0457],[-77.522,40.0466],[-77.5172,40.0444],[-77.5191,40.0424],[-77.5194,40.0393],[-77.5078,40.029],[-77.5092,40.0249],[-77.4954,40.0051],[-77.4892,40.0013],[-77.48,39.9923],[-77.4744,39.9919],[-77.471,39.9868],[-77.4658,39.9844],[-77.4617,39.9768],[-77.4541,39.9724],[-77.4711,39.9441],[-77.4036,39.9945],[-77.2292,40.025],[-77.1856,40.0295],[-77.1556,40.0567],[-77.032,40.1464],[-77.0288,40.1478],[-77.0227,40.1458],[-77.0197,40.1483],[-77.0128,40.1484]]],"type":"Polygon"},"properties":{"GEOID":"42041","NAME":"Cumberland County"},"type":"Feature"},
{"geometry":{"coordinates":[[[-76.5922,40.2543],[-76.678,40.4747],[-76.5354,40.5552],[-76.7016,40.6581],[-76.702,40.6561],[-76.7039,40.6554],[-76.7132,40.6596],[-76.7162,40.659],[-76.7192,40.6578],[-76.7217,40.6535],[-76.724,40.6531],[-76.7336,40.6549],[-76.7452,40.6546],[-76.7497,40.6531],[-76.7562,40.6481],[-76.7783,40.646],[-76.7904,40.6408],[-76.7945,40.6406],[-76.7982,40.6448],[-76.8034,40.6472],[-76.8095,40.6427],[-76.8111,40.6338],[-76.8274,40.6339],[-76.8332,40.6276],[-76.8401,40.6254],[-76.8644,40.6276],[-76.869,40.6242],[-76.8696,40.618],[-76.8723,40.6164],[-76.8868,40.6177],[-76.8914,40.615],[-76.8894,40.6124],[-76.8908,40.6101],[-76.9033,40.6119],[-76.9207,40.61],[-76.9209,40.6084],[-76.9178,40.6048],[-76.9187,40.6035],[-76.926,40.6092],[-76.937,40.6128],[-76.9491,40.6282],[-76.9508,40.627],[-76.9535,40.6172],[-76.9532,40.6035],[-76.9574,40.5947],[-76.9653,40.587],[-76.9863,40.5762],[-76.9905,40.5716],[-76.993,40.5641],[-76.9867,40.5547],[-76.9807,40.5391],[-76.9815,40.5319],[-76.9855,40.5258],[-76.9847,40.5151],[-76.9691,40.4976],[-76.9531,40.4906],[-76.9487,40.4816],[-76.9494,40.4691],[-76.9564,40.4588],[-76.9811,40.4468],[-76.9898,40.4379],[-76.9979,40.4337],[-77.0032,40.4268],[-77.0167,40.4247],[-77.0165,40.4183],[-77.012,40.4087],[-77.0122,40.4044],[-77.016,40.3999],[-77.0261,40.3943],[-77.0293,40.3887],[-77.0268,40.3805],[-77.022,40.3742],[-77.0208,40.3662],[-77.0092,40.3589],[-76.998,40.3567],[-76.9706,40.3563],[-76.9508,40.3582],[-76.9375,40.3575],[-76.9327,40.3553],[-76.9265,40.3414],[-76.9183,40.3338],[-76.9121,40.3255],[-76.9135,40.3175],[-76.923,40.301],[-76.9245,40.2914],[-76.9215,40.2847],[-76.916,40.2799],[-76.9138,40.2711],[-76.9104,40.267],[-76.8978,40.2547],[-76.8787,40.2439],[-76.8645,40.2297],[-76.859,40.2263],[-76.8377,40.2204],[-76.8331,40.2161],[-76.8289,40.205],[-76.826,40.203],[-76.819,40.201],[-76.8006,40.2001],[-76.774,40.1841],[-76.7527,40.1758],[-76.7493,40.1685],[-76.7443,40.1322],[-76.7372,40.1252],[-76.7305,40.1221],[-76.7216,40.1201],[-76.7153,40.1322],[-76.7064,40.1353],[-76.7099,40.1376],[-76.7045,40.1441],[-76.6993,40.1453],[-76.6989,40.1484],[-76.6956,40.1516],[-76.6974,40.1566],[-76.691,40.1567],[-76.6901,40.1481],[-76.6832,40.1518],[-76.6809,40.151],[-76.6806,40.1491],[-76.6772,40.1489],[-76.6763,40.1532],[-76.6706,40.1545],[-76.6728,40.1575],[-76.6685,40.1597],[-76.6662,40.1632],[-76.662,40.1635],[-76.661,40.1651],[-76.6549,40.1639],[-76.6531,40.166],[-76.6443,40.1648],[-76.6406,40.1673],[-76.6384,40.1667],[-76.6365,40.1682],[-76.6373,40.1694],[-76.6321,40.1706],[-76.6263,40.1783],[-76.6159,40.1806],[-76.6122,40.1839],[-76.6129,40.1855],[-76.6081,40.1894],[-76.5999,40.1883],[-76.5884,40.1906],[-76.586,40.1895],[-76.5827,40.1909],[-76.5807,40.1947],[-76.5721,40.1943],[-76.5666,40.1958],[-76.5694,40.1955],[-76.5922,40.2543]]],"type":"Polygon"},"properties":{"GEOID":"42043","NAME":"Dauphin County"},"type":"Feature"},
{"geometry":{"coordinates":[[[-75.3165,39.85],[-75.2722,39.8491],[-75.2328,39.8573],[-75.2115,39.867],[-75.216,39.8711],[-75.2157,39.8761],[-75.2341,39.8772],[-75.2405,39.8724],[-75.2484,39.8765],[-75.2625,39.8766],[-75.2651,39.8817],[-75.2619,39.8831],[-75.2644,39.8843],[-75.2626,39.8858],[-75.2651,39.8875],[-75.2623,39.8885],[-75.2617,39.8918],[-75.2567,39.8947],[-75.2556,39.8996],[-75.2513,39.9044],[-75.2535,39.9056],[-75.2503,39.9076],[-75.2499,39.9094],[-75.2515,39.9101],[-75.2471,39.9138],[-75.2475,39.9218],[-75.2443,39.9262],[-75.2444,39.9304],[-75.242,39.9335],[-75.2373,39.9326],[-75.2347,39.9369],[-75.2353,39.9383],[-75.2407,39.9387],[-75.2394,39.9406],[-75.2403,39.9421],[-75.2467,39.9428],[-75.2515,39.9493],[-75.2516,39.952],[-75.2489,39.9566],[-75.2509,39.959],[-75.2484,39.9604],[-75.2475,39.9635],[-75.2541,39.9654],[-75.2579,39.9636],[-75.2605,39.9663],[-75.2654,39.9652],[-75.2777,39.9712],[-75.2803,39.975],[-75.2765,39.977],[-75.3114,40.0198],[-75.3207,40.0162],[-75.3601,40.0662],[-75.415,40.0418],[-75.4043,40.0274],[-75.4538,39.9936],[-75.4437,39.994],[-75.4409,39.9918],[-75.4377,39.9939],[-75.4368,39.9929],[-75.4384,39.991],[-75.4357,39.9891],[-75.4358,39.9851],[-75.5238,39.9441],[-75.5195,39.939],[-75.519,39.9343],[-75.5245,39.9316],[-75.5262,39.935],[-75.5305,39.932],[-75.5235,39.9231],[-75.5302,39.9221],[-75.5361,39.9299],[-75.5427,39.9272],[-75.5411,39.9251],[-75.5444,39.9234],[-75.5425,39.9184],[-75.5505,39.9149],[-75.5464,39.9097],[-75.5561,39.9053],[-75.5586,39.9087],[-75.5613,39.9074],[-75.5593,39.903],[-75.5734,39.8964],[-75.5723,39.8932],[-75.5743,39.8922],[-75.5712,39.8881],[-75.5804,39.8837],[-75.5824,39.8857],[-75.5862,39.8848],[-75.5872,39.8842],[-75.5848,39.881],[-75.5979,39.8745],[-75.5926,39.8679],[-75.5954,39.8665],[-75.6015,39.8564],[-75.5989,39.8543],[-75.592,39.8525],[-75.5978,39.8409],[-75.5956,39.8376],[-75.5931,39.8377],[-75.5896,39.8429],[-75.5866,39.8444],[-75.5799,39.8389],[-75.5397,39.8389],[-75.4999,39.8337],[-75.454,39.8207],[-75.4325,39.8114],[-75.4151,39.8019],[-75.3984,39.8105],[-75.3463,39.8442],[-75.3304,39.849],[-75.3165,39.85]]],"type":"Polygon"},"properties":{"GEOID":"42045","NAME":"Delaware County"},"type":"Feature"},
{"geometry":{"coordinates":[[[-78.6467,41.2536],[-78.2369,41.2299],[-78.2347,41.3234],[-78.2544,41.3236],[-78.254,41.4047],[-78.42,41.405],[-78.4196,41.4737],[-78.4212,41.4738],[-78.4202,41.544],[-78.4184,41.544],[-78.4184,41.5547],[-78.4205,41.6019],[-78.4829,41.6023],[-78.4838,41.6315],[-78.676,41.625],[-78.8152,41.6242],[-78.815,41.6227],[-78.9561,41.6233],[-78.9591,41.5001],[-78.959,41.4371],[-78.9767,41.437],[-78.9767,41.4518],[-79.0635,41.4532],[-79.0652,41.4232],[-79.0936,41.4233],[-79.0951,41.3407],[-79.0919,41.3407],[-79.0821,41.352],[-79.076,41.3543],[-79.0633,41.3501],[-79.0485,41.3521],[-79.037,41.3576],[-79.0286,41.3575],[-79.0219,41.3512],[-79.0174,41.3501],[-79.013,41.3582],[-79.0029,41.3593],[-78.9931,41.3685],[-78.9822,41.3674],[-78.9741,41.3757],[-78.9698,41.3759],[-78.9652,41.3701],[-78.9595,41.3715],[-78.9593,41.3622],[-78.7353,41.2629],[-78.7391,41.2538],[-78.7382,41.2307],[-78.7101,41.2302],[-78.7102,41.2019],[-78.6479,41.2175],[-78.6467,41.2536]]],"type":"Polygon"},"properties":{"GEOID":"42047","NAME":"Elk County"},"type":"Feature"},
{"geometry":{"coordinates":[[[-79.7613,41.8509],[-79.6121,41.8503],[-79.6106,41.9895],[-79.6108,41.9988],[-79.762,41.9988],[-79.7624,42.5161],[-80.0802,42.3942],[-80.5199,42.3271],[-80.5194,41.8496],[-80.1465,41.849],[-79.7613,41.8509]]],"type":"Polygon"},"properties":{"GEOID":"42049","NAME":"Erie County"},"type":"Feature"},
{"geometry":{"coordinates":[[[-79.3873,39.9223],[-79.384,39.9245],[-79.3822,39.9268],[-79.3833,39.9276],[-79.3783,39.9331],[-79.3783,39.9367],[-79.3729,39.9365],[-79.356,39.9582],[-79.3541,39.9581],[-79.3542,39.9607],[-79.3425,39.9763],[-79.3426,39.9821],[-79.3385,39.982],[-79.2936,40.0408],[-79.3126,40.0444],[-79.3248,40.0406],[-79.3418,40.0432],[-79.3512,40.0679],[-79.3555,40.0743],[-79.3933,40.0906],[-79.4019,40.1028],[-79.4151,40.1045],[-79.4231,40.111],[-79.4379,40.116],[-79.4474,40.126],[-79.4475,40.1332],[-79.4612,40.1413],[-79.4615,40.1441],[-79.4714,40.144],[-79.4711,40.1453],[-79.4732,40.1457],[-79.4737,40.1439],[-79.4831,40.144],[-79.4897,40.141],[-79.5044,40.1409],[-79.518,40.1331],[-79.5179,40.1314],[-79.5274,40.123],[-79.5307,40.1281],[-79.5352,40.1281],[-79.5354,40.126],[-79.5411,40.1207],[-79.5403,40.1141],[-79.5421,40.1119],[-79.5466,40.112],[-79.5488,40.1103],[-79.5566,40.1128],[-79.559,40.1114],[-79.5606,40.1052],[-79.5662,40.1061],[-79.5754,40.1034],[-79.5789,40.1052],[-79.5854,40.1021],[-79.5846,40.0978],[-79.5912,40.0942],[-79.5933,40.0909],[-79.5919,40.0858],[-79.593,40.0821],[-79.6023,40.083],[-79.6004,40.0843],[-79.6031,40.086],[-79.6037,40.0908],[-79.6127,40.0935],[-79.6147,40.0913],[-79.6168,40.0916],[-79.622,40.0945],[-79.6259,40.0919],[-79.627,40.0884],[-79.6345,40.0865],[-79.6385,40.0829],[-79.6424,40.0836],[-79.6441,40.0847],[-79.6411,40.0883],[-79.6446,40.0895],[-79.6481,40.0876],[-79.6541,40.0893],[-79.6543,40.0938],[-79.6582,40.0971],[-79.6604,40.0971],[-79.6617,40.0945],[-79.6633,40.0946],[-79.6642,40.097],[-79.6681,40.097],[-79.6686,40.0988],[-79.6662,40.1022],[-79.6676,40.1045],[-79.6838,40.1086],[-79.6856,40.1138],[-79.6917,40.1131],[-79.6986,40.1096],[-79.7021,40.1104],[-79.7051,40.1077],[-79.7081,40.1077],[-79.7181,40.1134],[-79.7229,40.1132],[-79.7223,40.115],[-79.7185,40.1169],[-79.7244,40.1231],[-79.7276,40.1206],[-79.7346,40.1209],[-79.7461,40.1285],[-79.8038,40.1288],[-79.8058,40.1275],[-79.8067,40.1312],[-79.8166,40.1328],[-79.8161,40.1284],[-79.8672,40.1278],[-79.8753,40.1295],[-79.8779,40.127],[-79.8501,40.114],[-79.839,40.0906],[-79.8411,40.0858],[-79.8459,40.0812],[-79.8625,40.0757],[-79.8702,40.0752],[-79.8805,40.0789],[-79.8917,40.0804],[-79.8973,40.0795],[-79.9014,40.0767],[-79.9015,40.0736],[-79.8985,40.0713],[-79.8851,40.0686],[-79.8794,40.0644],[-79.8799,40.0592],[-79.8904,40.0512],[-79.8919,40.0482],[-79.8881,40.0432],[-79.877,40.0368],[-79.8762,40.0338],[-79.88,40.0283],[-79.89,40.0225],[-79.91,40.022],[-79.9248,40.0161],[-79.9298,40.0117],[-79.9345,39.9996],[-79.9467,39.9943],[-79.9546,39.9953],[-79.9632,40.008],[-79.9694,40.0131],[-79.9746,40.0139],[-79.9882,40.0119],[-79.9936,40.0091],[-79.9957,40.0051],[-79.9908,39.9881],[-79.9914,39.9855],[-80.0059,39.9802],[-80.0091,39.9771],[-80.0106,39.9727],[-80.0093,39.9588],[-79.9988,39.9509],[-79.9907,39.9498],[-79.9718,39.9554],[-79.9572,39.9533],[-79.9438,39.944],[-79.9231,39.921],[-79.9233,39.9177],[-79.9287,39.91],[-79.9294,39.9057],[-79.9234,39.8933],[-79.9163,39.8835],[-79.9154,39.8796],[-79.9173,39.8762],[-79.9277,39.872],[-79.9303,39.8693],[-79.9303,39.8662],[-79.9248,39.8588],[-79.9246,39.8551],[-79.9361,39.8481],[-79.9386,39.8449],[-79.9359,39.8414],[-79.9244,39.8382],[-79.9217,39.8313],[-79.9206,39.8134],[-79.9102,39.7996],[-79.9086,39.7935],[-79.9095,39.7911],[-79.914,39.788],[-79.9306,39.7859],[-79.9344,39.7813],[-79.933,39.7712],[-79.9347,39.7647],[-79.9308,39.7579],[-79.9225,39.7535],[-79.9131,39.7517],[-79.9034,39.743],[-79.9062,39.7334],[-79.9163,39.7208],[-79.3925,39.7216],[-79.3895,39.7271],[-79.3927,39.7327],[-79.41,39.735],[-79.408,39.742],[-79.3941,39.7433],[-79.3942,39.7473],[-79.3997,39.7544],[-79.3986,39.7583],[-79.3863,39.7619],[-79.3787,39.7689],[-79.3803,39.7732],[-79.3917,39.778],[-79.395,39.7834],[-79.3915,39.7844],[-79.3831,39.7825],[-79.3801,39.7901],[-79.3586,39.7814],[-79.3545,39.7825],[-79.3513,39.7866],[-79.3529,39.7884],[-79.3626,39.7885],[-79.3671,39.7933],[-79.3688,39.8015],[-79.364,39.8068],[-79.3657,39.8205],[-79.3691,39.8247],[-79.3733,39.8278],[-79.3821,39.8271],[-79.3832,39.8288],[-79.3812,39.8348],[-79.382,39.8369],[-79.4176,39.8538],[-79.3987,39.9006],[-79.3876,39.9157],[-79.3916,39.9195],[-79.3873,39.9223]]],"type":"Polygon"},"properties":{"GEOID":"42051","NAME":"Fayette County"},"type":"Feature"},
{"geometry":{"coordinates":[[[-78.9586,41.5255],[-78.9561,41.6233],[-79.153,41.6268],[-79.5121,41.6246],[-79.5112,41.5004],[-79.5123,41.4652],[-79.522,41.4652],[-79.5216,41.4406],[-79.4782,41.4401],[-79.4773,41.3865],[-79.4004,41.3866],[-79.4003,41.4361],[-79.3576,41.4362],[-79.3577,41.4324],[-79.2072,41.4309],[-79.2089,41.3319],[-79.2065,41.3313],[-79.2025,41.3268],[-79.192,41.3243],[-79.186,41.3288],[-79.1866,41.338],[-79.1802,41.3393],[-79.1753,41.3362],[-79.176,41.3284],[-79.173,41.3253],[-79.1668,41.3307],[-79.1692,41.3405],[-79.1661,41.344],[-79.1605,41.3417],[-79.16,41.3396],[-79.1631,41.3331],[-79.1576,41.3288],[-79.1482,41.3317],[-79.1382,41.3418],[-79.1325,41.3392],[-79.1228,41.3302],[-79.1144,41.3253],[-79.1113,41.3251],[-79.1064,41.3262],[-79.1047,41.3294],[-79.1072,41.3364],[-79.105,41.3415],[-79.0997,41.3426],[-79.0951,41.3407],[-79.0936,41.4233],[-79.0652,41.4232],[-79.0635,41.4532],[-78.9767,41.4518],[-78.9767,41.437],[-78.959,41.4371],[-78.9586,41.5255]]],"type":"Polygon"},"properties":{"GEOID":"42053","NAME":"Forest County"},"type":"Feature"},
{"geometry":{"coordinates":[[[-77.5264,40.0458],[-77.5325,40.0487],[-77.5305,40.0592],[-77.533,40.0628],[-77.5323,40.0672],[-77.5357,40.0707],[-77.5419,40.0698],[-77.5399,40.0741],[-77.5423,40.0749],[-77.5403,40.0768],[-77.5457,40.078],[-77.5409,40.0799],[-77.5437,40.0823],[-77.5424,40.0838],[-77.5469,40.0863],[-77.5431,40.0872],[-77.543,40.0896],[-77.5501,40.091],[-77.5539,40.0959],[-77.5605,40.0944],[-77.5616,40.0983],[-77.5579,40.1031],[-77.561,40.1084],[-77.5629,40.1193],[-77.5686,40.1261],[-77.5756,40.1283],[-77.5817,40.1341],[-77.5901,40.1338],[-77.5928,40.1352],[-77.5933,40.1423],[-77.6042,40.1514],[-77.6088,40.1533],[-77.6137,40.1639],[-77.6136,40.1702],[-77.6276,40.1887],[-77.605,40.2055],[-77.6049,40.2249],[-77.6027,40.2282],[-77.6066,40.2297],[-77.6092,40.2328],[-77.6162,40.2326],[-77.6399,40.2177],[-77.6428,40.2181],[-77.6434,40.2232],[-77.6453,40.2225],[-77.6459,40.2238],[-77.6476,40.2225],[-77.6502,40.2275],[-77.6489,40.2333],[-77.6454,40.2389],[-77.65,40.248],[-77.6451,40.2551],[-77.6482,40.2572],[-77.6528,40.2575],[-77.6677,40.252],[-77.6709,40.2586],[-77.6564,40.2704],[-77.6643,40.2782],[-77.6642,40.2805],[-77.6718,40.2899],[-77.6802,40.2806],[-77.699,40.2658],[-77.7084,40.2613],[-77.7242,40.2501],[-77.7683,40.2041],[-77.7964,40.1668],[-77.8159,40.1324],[-77.828,40.1168],[-77.8594,40.0652],[-77.8623,40.0622],[-77.8767,40.0547],[-77.8838,40.0483],[-77.8936,40.0331],[-77.9041,40.0236],[-77.9056,40.0187],[-77.9186,40.0046],[-77.921,40.0002],[-77.9198,39.9927],[-77.9215,39.9882],[-77.93,39.9738],[-77.9324,39.9724],[-77.9338,39.9654],[-77.9366,39.9611],[-77.9378,39.9489],[-77.9473,39.9349],[-77.9555,39.9289],[-77.9562,39.9261],[-77.9542,39.9228],[-77.9565,39.9149],[-77.9647,39.8999],[-77.9653,39.8943],[-77.9674,39.8924],[-77.974,39.8743],[-77.9826,39.8579],[-78.0027,39.8266],[-78.0147,39.8117],[-78.0365,39.792],[-78.063,39.7598],[-78.0693,39.7483],[-78.0994,39.7221],[-77.4591,39.72],[-77.4632,39.8208],[-77.4711,39.9441],[-77.4541,39.9724],[-77.4617,39.9768],[-77.4658,39.9844],[-77.471,39.9868],[-77.4744,39.9919],[-77.48,39.9923],[-77.4892,40.0013],[-77.4954,40.0051],[-77.5092,40.0249],[-77.5078,40.029],[-77.5194,40.0393],[-77.5191,40.0424],[-77.5172,40.0444],[-77.522,40.0466],[-77.5264,40.0458]]],"type":"Polygon"},"properties":{"GEOID":"42055","NAME":"Franklin County"},"type":"Feature"},
{"geometry":{"coordinates":[[[-77.9566,39.9157],[-77.9542,39.9228],[-77.9562,39.9261],[-77.9555,39.9289],[-77.9473,39.9349],[-77.9378,39.9489],[-77.9366,39.9611],[-77.9338,39.9654],[-77.9324,39.9724],[-77.9266,39.9792],[-77.9198,39.9927],[-77.9212,39.9983],[-77.9195,40.0034],[-77.9056,40.0187],[-77.9041,40.0236],[-77.8936,40.0331],[-77.8838,40.0483],[-77.8767,40.0547],[-77.8645,40.0616],[-77.9256,40.104],[-77.9259,40.1019],[-78.0785,40.1333],[-78.1349,40.1651],[-78.1583,40.1222],[-78.1886,40.1017],[-78.2069,40.0863],[-78.2039,40.0831],[-78.2051,40.0728],[-78.2037,40.0699],[-78.1988,40.0673],[-78.1907,40.0665],[-78.1875,40.0646],[-78.1853,40.0604],[-78.1815,40.0587],[-78.1843,40.0502],[-78.1879,40.0471],[-78.1993,40.0459],[-78.2045,40.0415],[-78.2057,40.0345],[-78.2026,40.0284],[-78.2041,40.0175],[-78.201,40.013],[-78.2046,40.0107],[-78.2198,39.9933],[-78.2352,39.9637],[-78.2399,39.9495],[-78.25,39.936],[-78.2675,39.9035],[-78.2716,39.8905],[-78.2769,39.8807],[-78.2906,39.8435],[-78.299,39.8255],[-78.3222,39.7947],[-78.329,39.7811],[-78.3356,39.7741],[-78.3438,39.7616],[-78.3806,39.7226],[-78.0994,39.7221],[-78.0693,39.7483],[-78.063,39.7598],[-78.0365,39.792],[-78.0179,39.8083],[-78.0027,39.8266],[-77.9751,39.8718],[-77.969,39.8888],[-77.9653,39.8943],[-77.9647,39.8999],[-77.9617,39.9035],[-77.9566,39.9157]]],"type":"Polygon"},"properties":{"GEOID":"42057","NAME":"Fulton County"},"type":"Feature"},
{"geometry":{"coordinates":[[[-80.0398,39.9741],[-80.0487,39.9789],[-80.0447,39.9848],[-80.0485,39.9851],[-80.0508,39.9888],[-80.046,39.9932],[-80.039,39.9966],[-80.0444,39.9986],[-80.0445,40.0012],[-80.0491,40.0067],[-80.0584,40.0036],[-80.0597,40.0049],[-80.0577,40.0084],[-80.0598,40.0095],[-80.0861,39.9903],[-80.0978,39.992],[-80.1057,39.991],[-80.111,39.9882],[-80.1183,39.9913],[-80.1295,39.9884],[-80.1364,39.9926],[-80.151,39.9944],[-80.1521,39.9962],[-80.1553,39.9965],[-80.1551,39.999],[-80.1575,39.9996],[-80.1605,40.0033],[-80.1695,40.0063],[-80.1718,40.0055],[-80.1759,40.0081],[-80.1812,40.0067],[-80.1826,40.0031],[-80.1878,40.0033],[-80.1905,40.0018],[-80.1939,40.0049],[-80.2006,40.0031],[-80.2085,40.0051],[-80.2148,40.0028],[-80.2228,40.0047],[-80.2264,40.0078],[-80.2415,40.0095],[-80.2443,40.007],[-80.2518,40.0078],[-80.2529,40.0052],[-80.2566,40.0031],[-80.2588,40.0041],[-80.2659,40.0016],[-80.2734,40.0024],[-80.2761,40.0055],[-80.272,40.0077],[-80.2733,40.0133],[-80.2848,40.0121],[-80.2874,40.0192],[-80.2921,40.0206],[-80.2946,40.0185],[-80.3014,40.0206],[-80.3102,40.0177],[-80.3108,40.0137],[-80.309,40.0122],[-80.3089,40.0065],[-80.3126,40.0033],[-80.3175,40.0033],[-80.3219,40.0059],[-80.3298,40.0055],[-80.3441,40.0004],[-80.3506,40.0006],[-80.3563,39.9968],[-80.3723,39.9966],[-80.3912,39.988],[-80.3958,39.9835],[-80.3965,39.9779],[-80.4017,39.9787],[-80.4067,39.9768],[-80.4129,39.977],[-80.42,39.9754],[-80.4224,39.9724],[-80.4254,39.9719],[-80.4336,39.9774],[-80.4389,39.9771],[-80.4402,39.9755],[-80.4442,39.976],[-80.4454,39.9755],[-80.4437,39.9731],[-80.447,39.9712],[-80.4487,39.9665],[-80.4509,39.9678],[-80.451,39.9709],[-80.4536,39.9734],[-80.4564,39.9694],[-80.4615,39.9672],[-80.4591,39.9631],[-80.4636,39.9609],[-80.4703,39.9614],[-80.4661,39.9568],[-80.4666,39.9547],[-80.4715,39.9547],[-80.4753,39.9521],[-80.4901,39.9545],[-80.4906,39.9569],[-80.4867,39.9599],[-80.488,39.9614],[-80.493,39.9588],[-80.4998,39.9576],[-80.5013,39.9565],[-80.5014,39.9538],[-80.519,39.9636],[-80.5193,39.7214],[-79.9163,39.7208],[-79.9062,39.7334],[-79.9034,39.743],[-79.9131,39.7517],[-79.9225,39.7535],[-79.9308,39.7579],[-79.9347,39.7647],[-79.933,39.7712],[-79.9344,39.7813],[-79.9306,39.7859],[-79.914,39.788],[-79.9095,39.7911],[-79.9086,39.7935],[-79.9102,39.7996],[-79.9206,39.8134],[-79.9217,39.8313],[-79.9244,39.8382],[-79.9359,39.8414],[-79.9386,39.8449],[-79.9361,39.8481],[-79.9246,39.8551],[-79.9248,39.8588],[-79.9303,39.8662],[-79.9303,39.8693],[-79.9277,39.872],[-79.9173,39.8762],[-79.9154,39.8796],[-79.9163,39.8835],[-79.9234,39.8933],[-79.9294,39.9057],[-79.928,39.9114],[-79.9233,39.9177],[-79.9233,39.9215],[-79.9438,39.944],[-79.9572,39.9533],[-79.9727,39.9553],[-79.9937,39.9494],[-79.9988,39.9509],[-80.0076,39.9567],[-80.0104,39.9623],[-80.01,39.9756],[-80.0059,39.9802],[-79.998,39.9833],[-79.9991,39.9844],[-80.0079,39.9844],[-80.018,39.9775],[-80.0324,39.9841],[-80.0338,39.9826],[-80.0319,39.9777],[-80.0398,39.9741]]],"type":"Polygon"},"properties":{"GEOID":"42059","NAME":"Greene County"},"type":"Feature"},
{"geometry":{"coordinates":[[[-78.1982,40.6477],[-78.1961,40.6425],[-78.1972,40.639],[-78.1911,40.638],[-78.1892,40.6328],[-78.179,40.627],[-78.1731,40.628],[-78.1697,40.621],[-78.1664,40.6179],[-78.1842,40.5953],[-78.1793,40.5927],[-78.1783,40.5838],[-78.1971,40.5584],[-78.1891,40.5512],[-78.1856,40.5437],[-78.1786,40.538],[-78.1768,40.5345],[-78.1717,40.5344],[-78.1662,40.5314],[-78.163,40.5366],[-78.1497,40.5416],[-78.1499,40.546],[-78.1454,40.5486],[-78.1451,40.5539],[-78.1405,40.5576],[-78.1357,40.5697],[-78.133,40.5704],[-78.1286,40.568],[-78.1324,40.5645],[-78.1394,40.5506],[-78.1407,40.5444],[-78.1473,40.5333],[-78.1539,40.4922],[-78.1534,40.4886],[-78.1509,40.4868],[-78.1339,40.4983],[-78.13,40.4929],[-78.1295,40.4857],[-78.1342,40.4732],[-78.1569,40.4364],[-78.1863,40.3999],[-78.204,40.3751],[-78.2142,40.3563],[-78.2357,40.3338],[-78.2501,40.3123],[-78.2573,40.2979],[-78.2363,40.2246],[-78.0785,40.1333],[-77.9259,40.1019],[-77.9256,40.104],[-77.8645,40.0616],[-77.8623,40.0622],[-77.828,40.1168],[-77.8159,40.1324],[-77.7964,40.1668],[-77.7683,40.2041],[-77.7242,40.2501],[-77.703,40.2639],[-77.7521,40.3785],[-77.7617,40.3687],[-77.8104,40.3686],[-77.8147,40.3625],[-77.8186,40.3605],[-77.8298,40.3639],[-77.8383,40.369],[-77.8446,40.3689],[-77.8514,40.3652],[-77.8557,40.3649],[-77.8652,40.3715],[-77.8726,40.3812],[-77.8703,40.3923],[-77.8777,40.3935],[-77.8877,40.3914],[-77.8891,40.3922],[-77.8891,40.399],[-77.9138,40.3987],[-77.9124,40.4082],[-77.9081,40.414],[-77.8965,40.4175],[-77.8901,40.4273],[-77.8702,40.4452],[-77.8359,40.4842],[-77.8282,40.4916],[-77.816,40.4997],[-77.8418,40.55],[-77.8216,40.5789],[-77.7991,40.6023],[-77.7725,40.6259],[-77.7516,40.6323],[-77.7204,40.6546],[-77.7207,40.658],[-77.7108,40.662],[-77.6871,40.6768],[-77.6827,40.6827],[-77.6823,40.6851],[-77.6853,40.6849],[-77.7038,40.6799],[-77.7084,40.6905],[-77.7005,40.6949],[-77.6992,40.6981],[-77.7009,40.7052],[-77.6766,40.7165],[-77.6813,40.7298],[-77.7105,40.7146],[-77.7187,40.7274],[-77.7685,40.7195],[-77.8249,40.7435],[-77.8943,40.7162],[-77.9443,40.6916],[-78.1162,40.7394],[-78.1391,40.7243],[-78.1559,40.7177],[-78.1566,40.713],[-78.1615,40.7117],[-78.1641,40.7135],[-78.17,40.7126],[-78.1952,40.6973],[-78.1973,40.6966],[-78.1999,40.699],[-78.2013,40.6984],[-78.2155,40.6851],[-78.222,40.6745],[-78.2062,40.6551],[-78.1982,40.6477]]],"type":"Polygon"},"properties":{"GEOID":"42061","NAME":"Huntingdon County"},"type":"Feature"},
{"geometry":{"coordinates":[[[-79.2153,40.906],[-79.2152,40.7759],[-79.3778,40.604],[-79.4502,40.5301],[-79.4496,40.5268],[-79.459,40.5205],[-79.4597,40.5167],[-79.4539,40.5055],[-79.4554,40.5005],[-79.4525,40.4894],[-79.4538,40.4842],[-79.4467,40.4809],[-79.4385,40.4867],[-79.4295,40.4886],[-79.4285,40.4834],[-79.4213,40.4706],[-79.4157,40.4706],[-79.4066,40.4743],[-79.3945,40.456],[-79.3818,40.4527],[-79.3742,40.4537],[-79.3696,40.4566],[-79.3663,40.466],[-79.3667,40.4763],[-79.3621,40.4787],[-79.3586,40.4779],[-79.3573,40.4752],[-79.3625,40.4625],[-79.3605,40.4541],[-79.3579,40.4523],[-79.3515,40.4518],[-79.3464,40.4535],[-79.3454,40.4672],[-79.3403,40.4706],[-79.3324,40.463],[-79.3303,40.4539],[-79.3286,40.4526],[-79.3254,40.4527],[-79.3221,40.4567],[-79.3177,40.4588],[-79.301,40.4612],[-79.2976,40.4558],[-79.3017,40.4514],[-79.2999,40.4449],[-79.3018,40.4393],[-79.3013,40.4352],[-79.2973,40.4347],[-79.2894,40.4367],[-79.2838,40.4427],[-79.2732,40.4395],[-79.2694,40.4285],[-79.274,40.4203],[-79.2729,40.4184],[-79.2684,40.4168],[-79.2633,40.4168],[-79.2566,40.4202],[-79.2469,40.4322],[-79.2402,40.43],[-79.2307,40.4302],[-79.2148,40.4245],[-79.2065,40.415],[-79.2007,40.4109],[-79.1912,40.4152],[-79.1737,40.4106],[-79.1545,40.4113],[-79.1521,40.4088],[-79.154,40.4017],[-79.1527,40.3992],[-79.1483,40.3976],[-79.135,40.3983],[-79.116,40.3935],[-79.1153,40.3894],[-79.1208,40.3899],[-79.1287,40.3851],[-79.1271,40.3751],[-79.1216,40.3706],[-79.1093,40.3733],[-79.1042,40.3694],[-79.0996,40.3689],[-79.0968,40.3707],[-79.095,40.3759],[-79.0905,40.3802],[-79.0878,40.3874],[-79.083,40.3896],[-79.076,40.3869],[-79.0699,40.3804],[-79.0646,40.379],[-79.0589,40.3803],[-79.0575,40.3838],[-79.0519,40.3893],[-79.042,40.3916],[-79.0405,40.3956],[-79.0356,40.3963],[-79.0319,40.4024],[-79.0284,40.4047],[-79.0282,40.4071],[-79.0335,40.4088],[-79.0342,40.4121],[-79.0326,40.4175],[-79.0278,40.4196],[-79.0124,40.4196],[-78.9966,40.4133],[-78.9889,40.412],[-78.9738,40.3954],[-78.9219,40.4835],[-78.8859,40.5541],[-78.8507,40.6263],[-78.8089,40.721],[-78.7992,40.7171],[-78.8033,40.7288],[-78.8063,40.7297],[-78.8052,40.906],[-79.2153,40.9113],[-79.2153,40.906]]],"type":"Polygon"},"properties":{"GEOID":"42063","NAME":"Indiana County"},"type":"Feature"},
{"geometry":{"coordinates":[[[-79.2102,41.1776],[-79.2113,41.0787],[-79.2145,41.0788],[-79.2152,41.0514],[-79.2152,41.0489],[-79.2102,41.0491],[-79.2125,40.9605],[-79.2157,40.94],[-79.2153,40.9113],[-78.8052,40.906],[-78.8045,41.1322],[-78.7995,41.1413],[-78.7946,41.1424],[-78.7972,41.1454],[-78.7664,41.2028],[-78.7102,41.2019],[-78.7101,41.2302],[-78.7382,41.2307],[-78.7391,41.2538],[-78.7353,41.2629],[-78.9593,41.3622],[-78.9595,41.3715],[-78.9652,41.3701],[-78.9689,41.3751],[-78.9725,41.3765],[-78.9822,41.3674],[-78.9931,41.3685],[-79.0029,41.3593],[-79.0101,41.3593],[-79.0141,41.3576],[-79.0174,41.3501],[-79.0219,41.3512],[-79.0286,41.3575],[-79.037,41.3576],[-79.0485,41.3521],[-79.0633,41.3501],[-79.0741,41.3541],[-79.0791,41.3536],[-79.0829,41.3512],[-79.0921,41.3406],[-79.0997,41.3426],[-79.105,41.3415],[-79.1072,41.3364],[-79.1047,41.3294],[-79.1064,41.3262],[-79.1113,41.3251],[-79.1144,41.3253],[-79.1228,41.3302],[-79.1325,41.3392],[-79.1382,41.3418],[-79.1482,41.3317],[-79.1576,41.3288],[-79.1631,41.3331],[-79.16,41.3396],[-79.1605,41.3417],[-79.1661,41.344],[-79.1692,41.3405],[-79.1668,41.3307],[-79.173,41.3253],[-79.176,41.3284],[-79.1753,41.3362],[-79.1802,41.3393],[-79.1866,41.338],[-79.186,41.3288],[-79.192,41.3243],[-79.2025,41.3268],[-79.2065,41.3313],[-79.2089,41.3319],[-79.2102,41.1776]]],"type":"Polygon"},"properties":{"GEOID":"42065","NAME":"Jefferson County"},"type":"Feature"},
{"geometry":{"coordinates":[[[-77.318,40.5048],[-77.2896,40.5185],[-77.2815,40.5197],[-77.2767,40.5228],[-77.2317,40.5385],[-77.1985,40.5523],[-77.1676,40.5595],[-77.1828,40.5822],[-77.1635,40.5869],[-77.1203,40.5913],[-77.1189,40.5927],[-77.1068,40.5928],[-77.1015,40.5962],[-77.07,40.5985],[-77.042,40.6042],[-77.0233,40.6043],[-76.9997,40.6109],[-76.9561,40.6279],[-76.9491,40.6282],[-76.9399,40.6381],[-76.9407,40.6462],[-76.9452,40.6503],[-76.9611,40.6457],[-76.9655,40.6472],[-76.9678,40.6448],[-76.9675,40.6413],[-76.9759,40.6422],[-76.9767,40.6454],[-76.9866,40.644],[-76.9973,40.6357],[-76.9989,40.6378],[-77.0034,40.6389],[-77.0061,40.6426],[-77.0041,40.6459],[-77.0081,40.6513],[-77.0088,40.6556],[-77.0074,40.6568],[-77.0104,40.6616],[-77.0141,40.6621],[-77.0182,40.6595],[-77.0225,40.6609],[-77.0258,40.6561],[-77.0295,40.6556],[-77.0344,40.6599],[-77.0324,40.6649],[-77.0354,40.6685],[-77.0355,40.6768],[-77.0378,40.6795],[-77.0414,40.6791],[-77.0458,40.6756],[-77.0567,40.676],[-77.0607,40.6799],[-77.0644,40.6782],[-77.0683,40.6799],[-77.0829,40.6774],[-77.088,40.6784],[-77.0936,40.6761],[-77.0977,40.6787],[-77.0975,40.6821],[-77.1002,40.688],[-77.1096,40.6916],[-77.1252,40.6858],[-77.1398,40.6836],[-77.1491,40.6805],[-77.1505,40.6771],[-77.2879,40.6936],[-77.3231,40.6831],[-77.3838,40.6618],[-77.4808,40.6195],[-77.4978,40.6095],[-77.4975,40.5817],[-77.5127,40.5731],[-77.5156,40.5696],[-77.5263,40.563],[-77.574,40.5378],[-77.6125,40.5142],[-77.6125,40.4909],[-77.6342,40.4773],[-77.7107,40.4176],[-77.7334,40.3983],[-77.7521,40.3785],[-77.703,40.2636],[-77.6802,40.2806],[-77.6649,40.2973],[-77.6397,40.3198],[-77.5994,40.3482],[-77.5657,40.3674],[-77.5429,40.3751],[-77.5323,40.376],[-77.5401,40.3992],[-77.4784,40.432],[-77.318,40.5048]]],"type":"Polygon"},"properties":{"GEOID":"42067","NAME":"Juniata County"},"type":"Feature"},
{"geometry":{"coordinates":[[[-75.4482,41.3877],[-75.4624,41.6416],[-75.7199,41.6423],[-75.7207,41.6394],[-75.7186,41.6379],[-75.7188,41.6361],[-75.7217,41.6346],[-75.7286,41.6356],[-75.7743,41.574],[-75.7693,41.5685],[-75.8032,41.5242],[-75.7716,41.5058],[-75.8345,41.427],[-75.8311,41.4159],[-75.8325,41.3994],[-75.8293,41.3934],[-75.8232,41.3894],[-75.8003,41.3831],[-75.7951,41.3771],[-75.7678,41.3654],[-75.7421,41.3483],[-75.6886,41.3394],[-75.6878,41.3178],[-75.695,41.3176],[-75.6941,41.3041],[-75.6908,41.3043],[-75.6897,41.2878],[-75.6793,41.288],[-75.6793,41.2649],[-75.6523,41.2574],[-75.6492,41.1872],[-75.6467,41.1872],[-75.6438,41.1825],[-75.6438,41.1766],[-75.6394,41.1762],[-75.6368,41.1714],[-75.6318,41.1697],[-75.6241,41.1698],[-75.616,41.1726],[-75.6139,41.1691],[-75.6151,41.1683],[-75.6117,41.1642],[-75.6072,41.1642],[-75.6018,41.1614],[-75.597,41.1634],[-75.5963,41.1664],[-75.598,41.1683],[-75.5983,41.1724],[-75.5882,41.1725],[-75.5827,41.1767],[-75.5767,41.1779],[-75.5755,41.1806],[-75.5764,41.1866],[-75.5702,41.1911],[-75.5697,41.1987],[-75.5669,41.1996],[-75.5626,41.2054],[-75.5601,41.2051],[-75.5593,41.2069],[-75.5547,41.2076],[-75.554,41.2117],[-75.5439,41.2236],[-75.5398,41.2255],[-75.5294,41.2266],[-75.5257,41.2231],[-75.5167,41.2193],[-75.5108,41.2251],[-75.5083,41.2329],[-75.5062,41.2321],[-75.5047,41.2351],[-75.5008,41.2364],[-75.4961,41.2429],[-75.4851,41.2426],[-75.4845,41.2459],[-75.4775,41.2471],[-75.4768,41.2451],[-75.4705,41.2433],[-75.4678,41.2479],[-75.4611,41.2473],[-75.4557,41.2545],[-75.4513,41.2523],[-75.4404,41.2581],[-75.4482,41.3877]]],"type":"Polygon"},"properties":{"GEOID":"42069","NAME":"Lackawanna County"},"type":"Feature"},
{"geometry":{"coordinates":[[[-75.9724,39.9875],[-75.9359,40.0375],[-75.9343,40.0476],[-75.9361,40.0786],[-75.943,40.1093],[-75.8734,40.1371],[-76.1512,40.316],[-76.3076,40.2551],[-76.4354,40.2382],[-76.5703,40.1946],[-76.5807,40.1947],[-76.5827,40.1909],[-76.586,40.1895],[-76.5884,40.1906],[-76.5999,40.1883],[-76.6065,40.19],[-76.6129,40.1855],[-76.6122,40.1839],[-76.6163,40.1804],[-76.6263,40.1783],[-76.6321,40.1706],[-76.6373,40.1694],[-76.6365,40.1682],[-76.6384,40.1667],[-76.6406,40.1673],[-76.6443,40.1648],[-76.6531,40.166],[-76.6549,40.1639],[-76.661,40.1651],[-76.662,40.1635],[-76.6662,40.1632],[-76.6685,40.1597],[-76.6728,40.1575],[-76.6706,40.1545],[-76.6763,40.1532],[-76.6772,40.1489],[-76.6806,40.1491],[-76.6809,40.151],[-76.6832,40.1518],[-76.6901,40.1481],[-76.691,40.1567],[-76.6974,40.1566],[-76.6956,40.1516],[-76.6989,40.1484],[-76.6993,40.1453],[-76.7045,40.1441],[-76.7099,40.1376],[-76.7066,40.1351],[-76.7159,40.1315],[-76.7216,40.1201],[-76.7109,40.1138],[-76.6932,40.0988],[-76.6804,40.0832],[-76.6755,40.0736],[-76.6638,40.0632],[-76.6477,40.0586],[-76.6411,40.0595],[-76.6223,40.055],[-76.5958,40.0515],[-76.5731,40.0458],[-76.5558,40.0464],[-76.5415,40.051],[-76.534,40.051],[-76.5316,40.0462],[-76.532,40.0361],[-76.5298,40.0311],[-76.5269,40.0262],[-76.5136,40.0156],[-76.5096,40.0094],[-76.5006,40.0006],[-76.4981,39.9955],[-76.4954,39.9761],[-76.4874,39.9621],[-76.4782,39.9535],[-76.4777,39.9498],[-76.4777,39.952],[-76.4686,39.9436],[-76.4598,39.9413],[-76.4473,39.9335],[-76.4222,39.9258],[-76.4049,39.9152],[-76.3959,39.9142],[-76.3905,39.9118],[-76.3855,39.9057],[-76.3838,39.8936],[-76.3796,39.8882],[-76.3817,39.8789],[-76.3777,39.8667],[-76.3696,39.8604],[-76.3617,39.8571],[-76.3521,39.849],[-76.3508,39.8471],[-76.3505,39.8377],[-76.3334,39.8177],[-76.3157,39.81],[-76.3109,39.8034],[-76.2902,39.785],[-76.2774,39.7777],[-76.2675,39.7594],[-76.2606,39.752],[-76.2566,39.75],[-76.2496,39.74],[-76.2422,39.7329],[-76.2388,39.726],[-76.2398,39.7213],[-76.1355,39.7211],[-76.1367,39.7253],[-76.134,39.7272],[-76.1276,39.7276],[-76.125,39.7268],[-76.1225,39.7235],[-76.1191,39.7235],[-76.1182,39.7254],[-76.1205,39.7305],[-76.1204,39.7358],[-76.1139,39.7372],[-76.1084,39.7346],[-76.1112,39.7283],[-76.1062,39.7242],[-76.102,39.7241],[-76.1009,39.7265],[-76.0958,39.7299],[-76.0925,39.734],[-76.102,39.7395],[-76.1003,39.7457],[-76.094,39.7427],[-76.0868,39.7458],[-76.0826,39.753],[-76.0858,39.7559],[-76.0819,39.7614],[-76.0667,39.76],[-76.0625,39.7648],[-76.0646,39.7712],[-76.0605,39.775],[-76.0584,39.7799],[-76.0505,39.7828],[-76.0485,39.7892],[-76.0435,39.7914],[-76.0451,39.7932],[-76.0414,39.7966],[-76.0498,39.8027],[-76.0466,39.804],[-76.039,39.8012],[-76.0352,39.8077],[-76.0352,39.8118],[-76.0296,39.8127],[-76.0314,39.8183],[-76.0373,39.8245],[-76.0376,39.8269],[-76.027,39.8242],[-76.0238,39.8271],[-76.0228,39.8308],[-76.0165,39.8313],[-76.0177,39.838],[-76.02,39.84],[-76.0188,39.8405],[-76.0208,39.8491],[-76.0229,39.8489],[-76.0222,39.8508],[-76.0188,39.8541],[-76.0076,39.8523],[-76.0059,39.8668],[-76.0044,39.8726],[-76.0024,39.8744],[-75.9978,39.8738],[-75.9984,39.872],[-75.9915,39.8687],[-75.9868,39.8736],[-75.9885,39.8784],[-75.9924,39.8822],[-75.9906,39.8845],[-75.9913,39.8875],[-75.9867,39.8929],[-75.9933,39.899],[-75.995,39.8985],[-75.9945,39.9024],[-75.9975,39.91],[-75.9953,39.9115],[-75.9961,39.9146],[-75.9949,39.9168],[-75.9971,39.9219],[-75.9958,39.9246],[-75.9974,39.9281],[-75.9915,39.9267],[-75.9918,39.9288],[-75.987,39.9299],[-75.9848,39.9321],[-75.9817,39.9295],[-75.981,39.9335],[-75.9882,39.9397],[-75.9897,39.9449],[-75.9923,39.9458],[-75.9911,39.9477],[-75.9946,39.9524],[-75.9863,39.9636],[-75.9867,39.9672],[-75.9724,39.9875]]],"type":"Polygon"},"properties":{"GEOID":"42071","NAME":"Lancaster County"},"type":"Feature"},
{"geometry":{"coordinates":[[[-80.3278,41.1272],[-80.519,41.1251],[-80.5191,40.8513],[-80.1585,40.8551],[-80.1665,41.0009],[-80.0983,41.0711],[-80.1473,41.1139],[-80.2579,41.1172],[-80.2579,41.1282],[-80.3278,41.1272]]],"type":"Polygon"},"properties":{"GEOID":"42073","NAME":"Lawrence County"},"type":"Feature"},
{"geometry":{"coordinates":[[[-76.4663,40.2284],[-76.4354,40.2382],[-76.3076,40.2551],[-76.1512,40.316],[-76.2055,40.3607],[-76.2319,40.3663],[-76.5354,40.5552],[-76.678,40.4747],[-76.5694,40.1955],[-76.4663,40.2284]]],"type":"Polygon"},"properties":{"GEOID":"42075","NAME":"Lebanon County"},"type":"Feature"},
{"geometry":{"coordinates":[[[-75.5156,40.7022],[-75.5255,40.7201],[-75.5262,40.7327],[-75.5301,40.7363],[-75.5358,40.7377],[-75.5396,40.7367],[-75.5436,40.7257],[-75.5564,40.7208],[-75.5613,40.7218],[-75.5678,40.7259],[-75.5706,40.7325],[-75.5731,40.7344],[-75.5879,40.7339],[-75.5926,40.7361],[-75.6019,40.7501],[-75.6036,40.7568],[-75.6029,40.766],[-75.6067,40.7713],[-75.6048,40.7777],[-75.6091,40.7875],[-75.6768,40.7749],[-75.6946,40.7702],[-75.7024,40.7622],[-75.7286,40.7539],[-75.7393,40.7442],[-75.7436,40.7435],[-75.7449,40.7403],[-75.7659,40.7309],[-75.7777,40.7295],[-75.7797,40.725],[-75.7965,40.717],[-75.8078,40.7075],[-75.8447,40.693],[-75.8548,40.6932],[-75.8915,40.6773],[-75.812,40.6251],[-75.4839,40.4186],[-75.4097,40.488],[-75.3335,40.5371],[-75.4044,40.5812],[-75.3913,40.5966],[-75.3886,40.6144],[-75.3781,40.6154],[-75.383,40.6174],[-75.3841,40.6202],[-75.3832,40.6239],[-75.3888,40.6287],[-75.3875,40.6331],[-75.3925,40.6341],[-75.3969,40.6377],[-75.4301,40.6684],[-75.4304,40.6742],[-75.4815,40.6557],[-75.4839,40.6596],[-75.4836,40.667],[-75.4858,40.6726],[-75.4892,40.676],[-75.498,40.6792],[-75.5031,40.6897],[-75.5097,40.6942],[-75.5156,40.7022]]],"type":"Polygon"},"properties":{"GEOID":"42077","NAME":"Lehigh County"},"type":"Feature"},
{"geometry":{"coordinates":[[[-75.7703,41.0501],[-75.7715,41.0611],[-75.7703,41.0619],[-75.7701,41.069],[-75.772,41.0767],[-75.7656,41.0845],[-75.7675,41.0927],[-75.7645,41.0941],[-75.7604,41.0917],[-75.7551,41.0944],[-75.7534,41.0964],[-75.7547,41.1016],[-75.7536,41.1034],[-75.7481,41.1043],[-75.739,41.1022],[-75.7331,41.1029],[-75.7287,41.1084],[-75.7224,41.1103],[-75.7167,41.1181],[-75.7083,41.1159],[-75.7096,41.1221],[-75.7035,41.122],[-75.7006,41.1273],[-75.6919,41.1312],[-75.6853,41.1299],[-75.6798,41.1329],[-75.6664,41.1336],[-75.6652,41.1303],[-75.6615,41.1292],[-75.6569,41.1241],[-75.6582,41.1186],[-75.6567,41.116],[-75.6498,41.1218],[-75.6486,41.1254],[-75.6403,41.1268],[-75.6346,41.123],[-75.6328,41.1279],[-75.6281,41.1283],[-75.6251,41.1309],[-75.6279,41.1326],[-75.6282,41.1372],[-75.6153,41.1439],[-75.6141,41.1465],[-75.6156,41.1507],[-75.6093,41.1501],[-75.6033,41.1519],[-75.6044,41.1565],[-75.6008,41.16],[-75.6007,41.1615],[-75.6045,41.1634],[-75.6117,41.1642],[-75.6151,41.1683],[-75.6139,41.1691],[-75.616,41.1726],[-75.6241,41.1698],[-75.6318,41.1697],[-75.6368,41.1714],[-75.6394,41.1762],[-75.6438,41.1766],[-75.6438,41.1825],[-75.6467,41.1872],[-75.6492,41.1872],[-75.6523,41.2574],[-75.6793,41.2649],[-75.6793,41.288],[-75.6897,41.2878],[-75.6908,41.3043],[-75.6941,41.3041],[-75.695,41.3176],[-75.6878,41.3178],[-75.6886,41.3394],[-75.7421,41.3483],[-75.7678,41.3654],[-75.7951,41.3771],[-75.8003,41.3831],[-75.8232,41.3894],[-75.8293,41.3934],[-75.8325,41.3994],[-75.8311,41.4159],[-75.8345,41.427],[-75.8393,41.4246],[-75.9833,41.3911],[-76.0051,41.3846],[-76.2828,41.3772],[-76.3108,41.3089],[-76.3202,41.2158],[-76.3192,41.2081],[-76.2774,41.1318],[-76.229,41.1385],[-76.2281,41.0519],[-76.2314,41.0507],[-76.2208,41.0001],[-76.2078,40.9497],[-76.028,40.9023],[-75.848,40.9664],[-75.8485,40.9722],[-75.8192,40.9826],[-75.8012,40.9834],[-75.7322,41.0081],[-75.7386,41.017],[-75.7401,41.0298],[-75.7432,41.0315],[-75.7577,41.0316],[-75.7613,41.0412],[-75.7657,41.0441],[-75.7703,41.0501]]],"type":"Polygon"},"properties":{"GEOID":"42079","NAME":"Luzerne County"},"type":"Feature"},
{"geometry":{"coordinates":[[[-76.881,41.158],[-76.8569,41.1636],[-76.8282,41.1658],[-76.7908,41.1757],[-76.73,41.1719],[-76.6788,41.1542],[-76.5926,41.1578],[-76.4476,41.2756],[-76.5485,41.2931],[-76.5478,41.2957],[-76.5925,41.3043],[-76.7495,41.4056],[-76.8137,41.59],[-76.8747,41.5969],[-76.8783,41.5905],[-76.8829,41.5884],[-76.8966,41.5859],[-76.9084,41.5815],[-76.9173,41.5827],[-76.9226,41.5808],[-76.9266,41.5711],[-76.933,41.569],[-76.9472,41.5681],[-76.953,41.5646],[-76.9587,41.5582],[-76.963,41.5563],[-76.9631,41.5546],[-76.96,41.554],[-76.9603,41.5514],[-77.285,41.5441],[-77.5993,41.5423],[-77.5973,41.4411],[-77.5847,41.4413],[-77.5806,41.4358],[-77.5752,41.4205],[-77.5702,41.4147],[-77.5642,41.4124],[-77.5498,41.3949],[-77.5421,41.3818],[-77.54,41.368],[-77.5379,41.3653],[-77.5267,41.3586],[-77.4999,41.354],[-77.4763,41.3385],[-77.4746,41.3353],[-77.475,41.3252],[-77.4713,41.3133],[-77.4664,41.3092],[-77.4556,41.304],[-77.4507,41.2941],[-77.4452,41.2878],[-77.4299,41.2826],[-77.4249,41.2731],[-77.4159,41.27],[-77.4111,41.2666],[-77.399,41.2531],[-77.3701,41.2327],[-77.3627,41.2336],[-77.358,41.2306],[-77.3496,41.2289],[-77.3485,41.2233],[-77.3514,41.2202],[-77.3311,41.2194],[-77.3295,41.2207],[-77.3285,41.2193],[-77.3209,41.2189],[-77.2924,41.1971],[-77.2906,41.1951],[-77.2937,41.1911],[-77.2923,41.1853],[-77.2756,41.1791],[-77.2724,41.1754],[-77.272,41.1725],[-77.2622,41.1624],[-77.1643,41.0687],[-77.1138,41.069],[-77.0682,41.0852],[-76.9779,41.0879],[-76.9602,41.1488],[-76.8961,41.1391],[-76.8881,41.1538],[-76.8842,41.1573],[-76.881,41.158]]],"type":"Polygon"},"properties":{"GEOID":"42081","NAME":"Lycoming County"},"type":"Feature"},
{"geometry":{"coordinates":[[[-78.2065,41.885],[-78.2064,41.9995],[-78.6228,42.0],[-78.9189,41.9981],[-78.9185,41.9529],[-78.9155,41.9529],[-78.9171,41.8618],[-78.916,41.8618],[-78.9156,41.8409],[-78.9215,41.8409],[-78.9214,41.8309],[-78.9486,41.8305],[-78.9561,41.6233],[-78.815,41.6227],[-78.8152,41.6242],[-78.676,41.625],[-78.4838,41.6315],[-78.4829,41.6023],[-78.4205,41.6019],[-78.4208,41.6173],[-78.2036,41.6176],[-78.2065,41.885]]],"type":"Polygon"},"properties":{"GEOID":"42083","NAME":"McKean County"},"type":"Feature"},
{"geometry":{"coordinates":[[[-80.1792,41.4817],[-80.4311,41.487],[-80.4312,41.489],[-80.4333,41.4887],[-80.4315,41.4898],[-80.4321,41.4921],[-80.4449,41.4923],[-80.445,41.4871],[-80.5192,41.4891],[-80.519,41.1251],[-80.2579,41.1282],[-80.2579,41.1172],[-80.1473,41.1139],[-80.0969,41.0698],[-80.0471,41.1206],[-79.9998,41.1719],[-79.9998,41.49],[-80.1256,41.4863],[-80.1254,41.4804],[-80.1792,41.4817]]],"type":"Polygon"},"properties":{"GEOID":"42085","NAME":"Mercer County"},"type":"Feature"},
{"geometry":{"coordinates":[[[-77.6675,40.7355],[-77.6813,40.7298],[-77.6766,40.7165],[-77.7009,40.7052],[-77.6992,40.6981],[-77.7005,40.6949],[-77.7084,40.6905],[-77.7038,40.6799],[-77.6823,40.6851],[-77.6871,40.6768],[-77.7108,40.662],[-77.7207,40.658],[-77.7204,40.6546],[-77.7516,40.6323],[-77.7725,40.6259],[-77.7991,40.6023],[-77.8216,40.5789],[-77.8418,40.55],[-77.816,40.4997],[-77.8282,40.4916],[-77.8359,40.4842],[-77.8702,40.4452],[-77.8901,40.4273],[-77.8965,40.4175],[-77.9081,40.414],[-77.9123,40.4085],[-77.9138,40.3987],[-77.8891,40.399],[-77.8891,40.3922],[-77.8877,40.3914],[-77.8777,40.3935],[-77.8703,40.3923],[-77.8726,40.3812],[-77.8652,40.3715],[-77.8557,40.3649],[-77.8514,40.3652],[-77.8446,40.3689],[-77.8383,40.369],[-77.8298,40.3639],[-77.8186,40.3605],[-77.8147,40.3625],[-77.8104,40.3686],[-77.7617,40.3687],[-77.7206,40.4096],[-77.6342,40.4773],[-77.6125,40.4909],[-77.6125,40.5142],[-77.574,40.5378],[-77.5263,40.563],[-77.5156,40.5696],[-77.5127,40.5731],[-77.4975,40.5817],[-77.4978,40.6095],[-77.4925,40.6131],[-77.4425,40.6371],[-77.3838,40.6618],[-77.3231,40.6831],[-77.2879,40.6936],[-77.3541,40.7017],[-77.3571,40.8445],[-77.3642,40.8469],[-77.3753,40.8452],[-77.4296,40.8275],[-77.5934,40.7612],[-77.6526,40.7449],[-77.662,40.7377],[-77.6675,40.7355]]],"type":"Polygon"},"properties":{"GEOID":"42087","NAME":"Mifflin County"},"type":"Feature"},
{"geometry":{"coordinates":[[[-75.2948,40.8622],[-75.284,40.866],[-75.2735,40.8732],[-75.2672,40.8825],[-75.2325,40.8998],[-75.2411,40.9094],[-75.2218,40.9196],[-75.2178,40.9281],[-75.1955,40.9363],[-75.1875,40.9371],[-75.1781,40.9403],[-75.1768,40.9455],[-75.1695,40.948],[-75.1529,40.9493],[-75.1292,40.9589],[-75.1202,40.9687],[-75.1226,40.9702],[-75.1314,40.9693],[-75.1355,40.9738],[-75.1355,40.9769],[-75.1321,40.9826],[-75.1313,40.99],[-75.1286,40.9929],[-75.1091,41.0041],[-75.093,41.0097],[-75.0845,41.0159],[-75.0705,41.0186],[-75.0418,41.0317],[-75.0335,41.0377],[-75.0271,41.0395],[-75.0271,41.0453],[-75.0176,41.0559],[-75.0124,41.0673],[-75.0068,41.0676],[-75.0008,41.0732],[-74.9931,41.0773],[-74.9809,41.08],[-74.9701,41.0859],[-74.968,41.0887],[-74.9669,41.0945],[-74.9694,41.0961],[-74.983,41.0891],[-74.9883,41.0882],[-74.9918,41.0891],[-74.9917,41.0923],[-74.9941,41.0939],[-74.9964,41.093],[-74.9976,41.0896],[-75.0003,41.0895],[-75.0032,41.0918],[-75.0068,41.0885],[-75.0118,41.088],[-75.0126,41.0838],[-75.0205,41.0848],[-75.025,41.0835],[-75.0258,41.0806],[-75.028,41.0799],[-75.0334,41.0873],[-75.0392,41.0888],[-75.0768,41.1411],[-75.1565,41.1503],[-75.1297,41.2521],[-75.3746,41.2378],[-75.5083,41.2329],[-75.5108,41.2251],[-75.5169,41.2192],[-75.5257,41.2231],[-75.5294,41.2266],[-75.5398,41.2255],[-75.544,41.2235],[-75.554,41.2117],[-75.5547,41.2076],[-75.5593,41.2069],[-75.5601,41.2051],[-75.5626,41.2054],[-75.5669,41.1996],[-75.5697,41.1987],[-75.5702,41.1911],[-75.5764,41.1866],[-75.5755,41.1806],[-75.5767,41.1779],[-75.5827,41.1767],[-75.5882,41.1725],[-75.5983,41.1724],[-75.5963,41.1658],[-75.597,41.1634],[-75.6007,41.1617],[-75.6044,41.1565],[-75.6031,41.1521],[-75.6072,41.1503],[-75.6156,41.1507],[-75.6141,41.1465],[-75.6153,41.1439],[-75.6282,41.1372],[-75.6279,41.1326],[-75.6251,41.1309],[-75.6281,41.1283],[-75.6328,41.1279],[-75.6346,41.123],[-75.6403,41.1268],[-75.649,41.1251],[-75.6494,41.1223],[-75.6457,41.1181],[-75.6459,41.1129],[-75.6362,41.113],[-75.6341,41.112],[-75.633,41.1085],[-75.6297,41.107],[-75.6278,41.1071],[-75.625,41.1114],[-75.62,41.109],[-75.6206,41.1067],[-75.6155,41.1044],[-75.6136,41.0948],[-75.6041,41.0934],[-75.6056,41.085],[-75.6001,41.0842],[-75.5875,41.0763],[-75.583,41.0729],[-75.5832,41.0704],[-75.581,41.0678],[-75.5769,41.068],[-75.5749,41.0627],[-75.5711,41.0593],[-75.5714,41.0577],[-75.5689,41.0566],[-75.5684,41.0553],[-75.5705,41.0539],[-75.5698,41.0501],[-75.5619,41.0495],[-75.4961,40.9874],[-75.5746,40.9513],[-75.4936,40.8464],[-75.4742,40.8147],[-75.4425,40.8184],[-75.4205,40.8235],[-75.4168,40.8261],[-75.3833,40.831],[-75.3398,40.8459],[-75.3209,40.8557],[-75.3006,40.8596],[-75.2948,40.8622]]],"type":"Polygon"},"properties":{"GEOID":"42089","NAME":"Monroe County"},"type":"Feature"},
{"geometry":{"coordinates":[[[-75.3077,40.3127],[-75.5298,40.4471],[-75.6968,40.2419],[-75.6881,40.2362],[-75.6696,40.2449],[-75.664,40.2449],[-75.6568,40.2412],[-75.6511,40.2421],[-75.62,40.2303],[-75.616,40.2247],[-75.6124,40.223],[-75.6066,40.2243],[-75.6032,40.227],[-75.6037,40.2295],[-75.6075,40.2328],[-75.6069,40.2361],[-75.6032,40.2381],[-75.597,40.2368],[-75.5878,40.2144],[-75.5815,40.2071],[-75.5787,40.2],[-75.5733,40.1953],[-75.5674,40.1942],[-75.5627,40.1975],[-75.5623,40.2014],[-75.565,40.2069],[-75.564,40.2093],[-75.5611,40.2098],[-75.5574,40.2076],[-75.5487,40.1884],[-75.541,40.176],[-75.5289,40.1684],[-75.5267,40.1602],[-75.5277,40.1514],[-75.5259,40.1486],[-75.5204,40.1472],[-75.5132,40.1583],[-75.509,40.1601],[-75.5038,40.1597],[-75.5011,40.1574],[-75.501,40.1545],[-75.5087,40.1465],[-75.5108,40.1409],[-75.5097,40.1371],[-75.5061,40.133],[-75.4926,40.1261],[-75.4811,40.1268],[-75.4724,40.1293],[-75.4616,40.1248],[-75.462,40.1201],[-75.4697,40.1164],[-75.4716,40.1119],[-75.4684,40.1065],[-75.4617,40.103],[-75.4629,40.0973],[-75.4568,40.0947],[-75.4563,40.0878],[-75.4407,40.0943],[-75.4379,40.0896],[-75.4201,40.0972],[-75.3926,40.061],[-75.3667,40.0724],[-75.3611,40.0655],[-75.3601,40.0662],[-75.3565,40.0628],[-75.3207,40.0162],[-75.3114,40.0198],[-75.2765,39.977],[-75.206,40.0117],[-75.2189,40.0215],[-75.232,40.028],[-75.2452,40.0374],[-75.2644,40.0541],[-75.2236,40.0929],[-75.1885,40.0727],[-75.1764,40.0846],[-75.1094,40.0458],[-75.1065,40.0494],[-75.0941,40.0568],[-75.0874,40.0636],[-75.0967,40.069],[-75.0869,40.0786],[-75.0778,40.0858],[-75.0583,40.1059],[-75.0206,40.1323],[-75.0151,40.138],[-75.3077,40.3127]]],"type":"Polygon"},"properties":{"GEOID":"42091","NAME":"Montgomery County"},"type":"Feature"},
{"geometry":{"coordinates":[[[-76.5511,40.9894],[-76.5652,40.9998],[-76.5662,41.0086],[-76.5628,41.0234],[-76.5623,41.0342],[-76.5699,41.0538],[-76.619,41.0638],[-76.6161,41.0683],[-76.6182,41.0742],[-76.6154,41.0795],[-76.6206,41.0853],[-76.6247,41.1042],[-76.6408,41.1557],[-76.6788,41.1542],[-76.7327,41.172],[-76.7309,41.1536],[-76.736,41.1392],[-76.7338,41.1321],[-76.7358,41.13],[-76.7335,41.1277],[-76.7353,41.1101],[-76.7342,41.104],[-76.7351,41.0911],[-76.7466,41.0654],[-76.7574,41.049],[-76.7594,41.0394],[-76.7645,41.0296],[-76.762,41.0259],[-76.7706,41.0187],[-76.7748,41.0122],[-76.7758,41.0083],[-76.7737,41.0022],[-76.7846,40.9673],[-76.7866,40.965],[-76.7868,40.9606],[-76.7854,40.9591],[-76.7915,40.9555],[-76.7891,40.9523],[-76.7942,40.9492],[-76.7929,40.9466],[-76.7436,40.9544],[-76.7341,40.9545],[-76.6613,40.968],[-76.6525,40.9616],[-76.6427,40.9648],[-76.6336,40.9641],[-76.6251,40.9603],[-76.6014,40.9422],[-76.5896,40.9401],[-76.557,40.9386],[-76.5586,40.9304],[-76.5681,40.9155],[-76.5655,40.9056],[-76.5603,40.8989],[-76.5574,40.8889],[-76.5508,40.8826],[-76.528,40.8825],[-76.5247,40.9152],[-76.5282,40.9191],[-76.5222,40.9227],[-76.5201,40.9266],[-76.5218,40.9317],[-76.5264,40.9349],[-76.5294,40.9401],[-76.5124,40.9461],[-76.5159,40.9503],[-76.5148,40.9585],[-76.521,40.9639],[-76.5218,40.9671],[-76.5249,40.9676],[-76.529,40.9731],[-76.5511,40.9894]]],"type":"Polygon"},"properties":{"GEOID":"42093","NAME":"Montour County"},"type":"Feature"},
{"geometry":{"coordinates":[[[-75.1902,40.6794],[-75.1969,40.6813],[-75.2039,40.6915],[-75.1944,40.714],[-75.1867,40.7195],[-75.1861,40.7257],[-75.1821,40.7315],[-75.1858,40.7373],[-75.1953,40.7455],[-75.1965,40.7516],[-75.1918,40.7558],[-75.179,40.7619],[-75.1756,40.7729],[-75.1716,40.7777],[-75.1636,40.7784],[-75.1494,40.7748],[-75.1344,40.7738],[-75.1231,40.7867],[-75.1085,40.7911],[-75.1008,40.7998],[-75.1002,40.8077],[-75.0905,40.8159],[-75.0839,40.8245],[-75.0838,40.8278],[-75.0855,40.8301],[-75.097,40.8393],[-75.0976,40.843],[-75.0958,40.8471],[-75.091,40.8492],[-75.0767,40.8499],[-75.0708,40.8474],[-75.066,40.8476],[-75.0633,40.8502],[-75.0638,40.8556],[-75.051,40.8657],[-75.0537,40.8737],[-75.0753,40.8942],[-75.0761,40.907],[-75.0793,40.9139],[-75.0955,40.9241],[-75.1048,40.9352],[-75.1117,40.9481],[-75.1178,40.953],[-75.1208,40.9629],[-75.1202,40.9687],[-75.1292,40.9589],[-75.1451,40.9516],[-75.1529,40.9493],[-75.1695,40.948],[-75.1768,40.9455],[-75.1781,40.9403],[-75.1875,40.9371],[-75.1955,40.9363],[-75.2182,40.9279],[-75.2218,40.9196],[-75.2411,40.9094],[-75.2325,40.8998],[-75.2672,40.8825],[-75.2735,40.8732],[-75.284,40.866],[-75.3006,40.8596],[-75.3209,40.8557],[-75.3398,40.8459],[-75.3833,40.831],[-75.4168,40.8261],[-75.4205,40.8235],[-75.4425,40.8184],[-75.508,40.8091],[-75.5415,40.8068],[-75.5514,40.8046],[-75.5575,40.8012],[-75.5775,40.7994],[-75.5955,40.7933],[-75.6026,40.788],[-75.609,40.7874],[-75.6048,40.7777],[-75.6067,40.7713],[-75.6029,40.766],[-75.6036,40.7568],[-75.6019,40.7501],[-75.5926,40.7361],[-75.5879,40.7339],[-75.5731,40.7344],[-75.5706,40.7325],[-75.5678,40.7259],[-75.5613,40.7218],[-75.5564,40.7208],[-75.5436,40.7257],[-75.5396,40.7367],[-75.5358,40.7377],[-75.5289,40.7357],[-75.5262,40.7327],[-75.5255,40.7201],[-75.5226,40.7135],[-75.5097,40.6942],[-75.5031,40.6897],[-75.4983,40.6795],[-75.4892,40.676],[-75.485,40.6715],[-75.4839,40.6596],[-75.4815,40.6557],[-75.4304,40.6742],[-75.4301,40.6684],[-75.3969,40.6377],[-75.3925,40.6341],[-75.3875,40.6331],[-75.3888,40.6287],[-75.3832,40.6239],[-75.3841,40.6202],[-75.383,40.6174],[-75.3781,40.6154],[-75.3886,40.6144],[-75.3913,40.5966],[-75.4044,40.5812],[-75.333,40.5368],[-75.2935,40.562],[-75.2582,40.582],[-75.1968,40.6086],[-75.2018,40.6172],[-75.1979,40.6193],[-75.1907,40.62],[-75.1886,40.6246],[-75.1907,40.6359],[-75.1954,40.643],[-75.2005,40.6469],[-75.2005,40.6492],[-75.1979,40.652],[-75.198,40.6547],[-75.1909,40.6619],[-75.1828,40.666],[-75.1768,40.6754],[-75.1776,40.6777],[-75.1806,40.6794],[-75.1902,40.6794]]],"type":"Polygon"},"properties":{"GEOID":"42095","NAME":"Northampton County"},"type":"Feature"},
{"geometry":{"coordinates":[[[-76.4101,40.7649],[-76.3803,40.7754],[-76.4115,40.8335],[-76.4377,40.8325],[-76.4958,40.8241],[-76.5016,40.8248],[-76.5025,40.8314],[-76.5081,40.8421],[-76.5081,40.8466],[-76.4995,40.8501],[-76.498,40.8541],[-76.5025,40.8618],[-76.5074,40.8635],[-76.5099,40.8707],[-76.5092,40.8742],[-76.5038,40.8784],[-76.5041,40.8808],[-76.5066,40.8829],[-76.5508,40.8826],[-76.5573,40.8888],[-76.5603,40.8989],[-76.5655,40.9056],[-76.5681,40.9155],[-76.5586,40.9304],[-76.557,40.9386],[-76.5896,40.9401],[-76.6014,40.9422],[-76.6302,40.963],[-76.6427,40.9648],[-76.6525,40.9616],[-76.6613,40.968],[-76.7341,40.9545],[-76.7436,40.9544],[-76.7929,40.9466],[-76.7942,40.9492],[-76.7891,40.9523],[-76.7915,40.9555],[-76.7854,40.9591],[-76.7868,40.9606],[-76.7866,40.965],[-76.7846,40.9673],[-76.7737,41.0022],[-76.7758,41.0083],[-76.7748,41.0122],[-76.7706,41.0187],[-76.762,41.0259],[-76.7645,41.0296],[-76.7594,41.0394],[-76.7574,41.049],[-76.7466,41.0654],[-76.7351,41.0911],[-76.7342,41.104],[-76.7353,41.1101],[-76.7335,41.1277],[-76.7358,41.13],[-76.7338,41.1321],[-76.736,41.1392],[-76.7309,41.1536],[-76.7327,41.172],[-76.7908,41.1757],[-76.8282,41.1658],[-76.8569,41.1636],[-76.8842,41.1573],[-76.8881,41.1538],[-76.8976,41.1355],[-76.8953,41.1174],[-76.8896,41.1006],[-76.8844,41.0938],[-76.8715,41.0817],[-76.8645,41.0799],[-76.8583,41.0731],[-76.8562,41.0501],[-76.8613,41.038],[-76.8612,41.0285],[-76.8669,41.0105],[-76.8685,40.9952],[-76.8818,40.9732],[-76.8822,40.9688],[-76.8771,40.9595],[-76.8775,40.9553],[-76.8756,40.9499],[-76.8541,40.9154],[-76.8246,40.8907],[-76.804,40.8849],[-76.8002,40.8819],[-76.7987,40.8784],[-76.8128,40.8471],[-76.8388,40.8233],[-76.8498,40.8091],[-76.8489,40.806],[-76.8559,40.7916],[-76.8593,40.777],[-76.8567,40.764],[-76.8575,40.7496],[-76.8552,40.7311],[-76.8565,40.7226],[-76.8612,40.7116],[-76.8693,40.699],[-76.8796,40.6874],[-76.9102,40.6693],[-76.9163,40.663],[-76.9276,40.6457],[-76.9399,40.6381],[-76.9491,40.6282],[-76.937,40.6128],[-76.926,40.6092],[-76.9187,40.6035],[-76.9178,40.6048],[-76.9209,40.6084],[-76.9207,40.61],[-76.9033,40.6119],[-76.8908,40.6101],[-76.8894,40.6124],[-76.8914,40.615],[-76.8868,40.6177],[-76.8723,40.6164],[-76.8696,40.618],[-76.869,40.6242],[-76.8644,40.6276],[-76.8401,40.6254],[-76.8332,40.6276],[-76.8274,40.6339],[-76.8111,40.6338],[-76.8095,40.6427],[-76.8034,40.6472],[-76.7925,40.6406],[-76.7859,40.6417],[-76.7783,40.646],[-76.7562,40.6481],[-76.7497,40.6531],[-76.7447,40.6547],[-76.722,40.6534],[-76.7192,40.6578],[-76.7136,40.6596],[-76.7029,40.6555],[-76.7002,40.6633],[-76.6946,40.6629],[-76.6001,40.6971],[-76.5724,40.7054],[-76.4101,40.7649]]],"type":"Polygon"},"properties":{"GEOID":"42097","NAME":"Northumberland County"},"type":"Feature"},
{"geometry":{"coordinates":[[[-77.0163,40.4252],[-77.0032,40.4268],[-76.9979,40.4337],[-76.9898,40.4379],[-76.9811,40.4468],[-76.9564,40.4588],[-76.9494,40.4691],[-76.9487,40.4816],[-76.9531,40.4906],[-76.9691,40.4976],[-76.9847,40.5151],[-76.9855,40.5258],[-76.9815,40.5319],[-76.9807,40.5391],[-76.9867,40.5547],[-76.993,40.5641],[-76.9905,40.5716],[-76.9863,40.5762],[-76.9653,40.587],[-76.9574,40.5947],[-76.9534,40.6028],[-76.9534,40.6178],[-76.9512,40.6263],[-76.9491,40.6282],[-76.9561,40.6279],[-76.9997,40.6109],[-77.0233,40.6043],[-77.042,40.6042],[-77.07,40.5985],[-77.1015,40.5962],[-77.1068,40.5928],[-77.1189,40.5927],[-77.1203,40.5913],[-77.1635,40.5869],[-77.1828,40.5822],[-77.1676,40.5595],[-77.1985,40.5523],[-77.2317,40.5385],[-77.2767,40.5228],[-77.2815,40.5197],[-77.2896,40.5185],[-77.3906,40.471],[-77.4784,40.432],[-77.5401,40.3992],[-77.5323,40.376],[-77.5429,40.3751],[-77.5657,40.3674],[-77.5994,40.3482],[-77.6397,40.3198],[-77.6531,40.3085],[-77.6718,40.2898],[-77.6642,40.2805],[-77.6643,40.2782],[-77.6564,40.2704],[-77.6712,40.2576],[-77.6677,40.252],[-77.6534,40.2574],[-77.6457,40.256],[-77.645,40.2539],[-77.65,40.248],[-77.6454,40.2389],[-77.6489,40.2333],[-77.6502,40.2275],[-77.6476,40.2225],[-77.6459,40.2238],[-77.6453,40.2225],[-77.6434,40.2232],[-77.6428,40.2181],[-77.6399,40.2177],[-77.6162,40.2326],[-77.6092,40.2328],[-77.6066,40.2297],[-77.6027,40.2282],[-77.6049,40.2249],[-77.6048,40.206],[-77.6147,40.1986],[-77.6054,40.1854],[-77.5935,40.192],[-77.5783,40.2066],[-77.5594,40.218],[-77.5558,40.2192],[-77.5377,40.2189],[-77.5294,40.2227],[-77.5264,40.2259],[-77.4987,40.2395],[-77.4736,40.2542],[-77.4578,40.2661],[-77.4195,40.2908],[-77.3944,40.3035],[-77.366,40.3136],[-77.3601,40.3141],[-77.3576,40.3125],[-77.3612,40.3052],[-77.4029,40.2801],[-77.4093,40.2746],[-77.4113,40.2691],[-77.4198,40.2641],[-77.4233,40.2585],[-77.4215,40.2558],[-77.4139,40.2552],[-77.4025,40.257],[-77.3851,40.2627],[-77.3607,40.2747],[-77.3406,40.2869],[-77.3266,40.2926],[-77.3232,40.2925],[-77.3229,40.2912],[-77.3307,40.2806],[-77.3312,40.2764],[-77.3173,40.2676],[-77.3122,40.2677],[-77.2701,40.2787],[-77.2392,40.2841],[-77.2309,40.2836],[-77.2045,40.2871],[-77.1606,40.2897],[-77.0964,40.3004],[-77.0418,40.3044],[-77.0184,40.3042],[-76.9806,40.3093],[-76.9493,40.3169],[-76.915,40.3285],[-76.9173,40.3327],[-76.9265,40.3414],[-76.9311,40.3529],[-76.9346,40.3566],[-76.9512,40.3582],[-76.9706,40.3563],[-76.9969,40.3565],[-77.0092,40.3589],[-77.0208,40.3662],[-77.022,40.3742],[-77.0268,40.3805],[-77.0293,40.3887],[-77.0261,40.3943],[-77.016,40.3999],[-77.0122,40.4044],[-77.012,40.4087],[-77.017,40.4207],[-77.0163,40.4252]]],"type":"Polygon"},"properties":{"GEOID":"42099","NAME":"Perry County"},"type":"Feature"},
{"geometry":{"coordinates":[[[-75.2803,39.975],[-75.2753,39.9694],[-75.2706,39.9687],[-75.2654,39.9652],[-75.2605,39.9663],[-75.2579,39.9636],[-75.2541,39.9654],[-75.2478,39.9639],[-75.248,39.961],[-75.2509,39.959],[-75.2489,39.9566],[-75.2516,39.952],[-75.2514,39.9491],[-75.2467,39.9428],[-75.2403,39.9421],[-75.2404,39.9385],[-75.2348,39.9373],[-75.2372,39.9327],[-75.242,39.9335],[-75.2444,39.9304],[-75.2443,39.9262],[-75.2475,39.9218],[-75.2471,39.9138],[-75.2515,39.9101],[-75.2499,39.9094],[-75.2503,39.9076],[-75.2535,39.9056],[-75.2513,39.9044],[-75.2556,39.8996],[-75.2567,39.8947],[-75.2617,39.8918],[-75.2623,39.8885],[-75.2651,39.8875],[-75.2626,39.8858],[-75.2644,39.8843],[-75.2619,39.8831],[-75.2651,39.8817],[-75.2625,39.8766],[-75.2484,39.8765],[-75.2405,39.8724],[-75.2341,39.8772],[-75.2157,39.8761],[-75.216,39.8711],[-75.212,39.8675],[-75.187,39.8806],[-75.1423,39.8852],[-75.1359,39.8913],[-75.1294,39.9066],[-75.1303,39.9174],[-75.1359,39.9324],[-75.136,39.9483],[-75.1311,39.9589],[-75.1051,39.9716],[-75.0812,39.9767],[-75.0722,39.9801],[-75.0626,39.9882],[-75.0552,40.0024],[-75.0488,40.0092],[-75.0379,40.0146],[-75.0149,40.0199],[-74.9988,40.0303],[-74.9806,40.0459],[-74.9762,40.0477],[-74.9748,40.0493],[-74.9797,40.0535],[-74.9832,40.0542],[-74.9852,40.0572],[-74.9804,40.0603],[-74.9808,40.0661],[-74.9724,40.0722],[-74.9713,40.0758],[-74.9633,40.0772],[-74.9591,40.0823],[-74.9558,40.095],[-74.9618,40.0978],[-74.9609,40.1031],[-74.9656,40.1081],[-74.9637,40.1099],[-74.9632,40.1167],[-74.965,40.1186],[-74.9692,40.1168],[-74.973,40.1198],[-74.9825,40.12],[-74.9834,40.1236],[-74.9865,40.123],[-74.9892,40.1262],[-74.9944,40.1262],[-74.9927,40.1305],[-74.9939,40.1319],[-74.9979,40.1278],[-75.0151,40.138],[-75.0206,40.1323],[-75.0583,40.1059],[-75.0778,40.0858],[-75.0869,40.0786],[-75.0967,40.069],[-75.0874,40.0636],[-75.0941,40.0568],[-75.1065,40.0494],[-75.1094,40.0458],[-75.1764,40.0846],[-75.1885,40.0727],[-75.2236,40.0929],[-75.2644,40.0541],[-75.2452,40.0374],[-75.232,40.028],[-75.2189,40.0215],[-75.206,40.0117],[-75.2803,39.975]]],"type":"Polygon"},"properties":{"GEOID":"42101","NAME":"Philadelphia County"},"type":"Feature"},
{"geometry":{"coordinates":[[[-74.796,41.318],[-74.7958,41.3201],[-74.7921,41.3228],[-74.7735,41.3245],[-74.7666,41.3282],[-74.763,41.332],[-74.7603,41.3403],[-74.7551,41.3459],[-74.7222,41.347],[-74.6994,41.3549],[-74.6898,41.3617],[-74.6903,41.366],[-74.6938,41.3699],[-74.7085,41.3792],[-74.7125,41.3888],[-74.7164,41.393],[-74.7346,41.3974],[-74.7412,41.4054],[-74.7411,41.4113],[-74.7385,41.4138],[-74.7347,41.4225],[-74.7349,41.4264],[-74.7372,41.4298],[-74.7438,41.4307],[-74.7586,41.4233],[-74.7727,41.4263],[-74.7891,41.4214],[-74.7951,41.4237],[-74.7993,41.4308],[-74.8011,41.4383],[-74.8082,41.4429],[-74.818,41.4405],[-74.8263,41.4316],[-74.832,41.4304],[-74.8375,41.4319],[-74.8479,41.4396],[-74.8577,41.4442],[-74.8631,41.4444],[-74.8783,41.44],[-74.8926,41.4386],[-74.8957,41.4397],[-74.8964,41.4422],[-74.8949,41.4462],[-74.8892,41.4511],[-74.8902,41.4556],[-74.8948,41.4581],[-74.9066,41.4609],[-74.9092,41.4724],[-74.913,41.476],[-74.9241,41.4771],[-74.9331,41.4826],[-74.9434,41.4837],[-74.9574,41.4766],[-74.9821,41.48],[-74.9856,41.4859],[-74.9823,41.4987],[-74.9842,41.5065],[-74.988,41.5089],[-75.0003,41.5074],[-75.0036,41.5083],[-75.0037,41.5118],[-75.0007,41.5186],[-75.0032,41.5235],[-75.0111,41.5293],[-75.0245,41.5346],[-75.0247,41.5401],[-75.016,41.5442],[-75.0188,41.5524],[-75.0281,41.5643],[-75.0336,41.5652],[-75.0405,41.5697],[-75.0468,41.5832],[-75.0529,41.5879],[-75.06,41.5908],[-75.0696,41.6019],[-75.1701,41.4732],[-75.1779,41.4654],[-75.1784,41.462],[-75.1881,41.4577],[-75.1869,41.4533],[-75.1875,41.451],[-75.1893,41.4506],[-75.1892,41.4468],[-75.1867,41.4462],[-75.1862,41.4428],[-75.1909,41.4411],[-75.1919,41.4383],[-75.1991,41.438],[-75.1996,41.4336],[-75.2013,41.432],[-75.2102,41.4311],[-75.2173,41.4243],[-75.2282,41.4248],[-75.2291,41.4272],[-75.2299,41.4246],[-75.2346,41.4232],[-75.2336,41.4205],[-75.2459,41.421],[-75.2462,41.4196],[-75.2502,41.4186],[-75.246,41.4169],[-75.252,41.4112],[-75.2484,41.4085],[-75.2492,41.4072],[-75.2472,41.4058],[-75.2468,41.4024],[-75.2522,41.401],[-75.2555,41.3982],[-75.2567,41.3941],[-75.2531,41.3913],[-75.2551,41.387],[-75.2617,41.3825],[-75.2621,41.375],[-75.2657,41.3724],[-75.2783,41.3725],[-75.2981,41.3673],[-75.3061,41.3742],[-75.3091,41.3747],[-75.3143,41.3686],[-75.3237,41.366],[-75.3307,41.3696],[-75.3369,41.3763],[-75.345,41.3711],[-75.3485,41.3706],[-75.3513,41.3637],[-75.3482,41.3642],[-75.3487,41.3618],[-75.3464,41.3573],[-75.3417,41.355],[-75.3421,41.3519],[-75.3389,41.3506],[-75.3378,41.3486],[-75.3388,41.3463],[-75.3366,41.3451],[-75.3444,41.341],[-75.3443,41.3374],[-75.3428,41.336],[-75.3351,41.3364],[-75.3309,41.3349],[-75.326,41.3407],[-75.3224,41.34],[-75.3176,41.3347],[-75.3112,41.3316],[-75.3104,41.3269],[-75.3125,41.3243],[-75.3121,41.321],[-75.316,41.319],[-75.314,41.3106],[-75.3223,41.2999],[-75.3278,41.2989],[-75.3277,41.2946],[-75.3246,41.2889],[-75.3298,41.2856],[-75.3301,41.2829],[-75.3336,41.2794],[-75.3317,41.2752],[-75.3342,41.2703],[-75.3472,41.266],[-75.3473,41.2635],[-75.3501,41.2601],[-75.3416,41.2553],[-75.3422,41.2527],[-75.3458,41.2478],[-75.3592,41.2392],[-75.1297,41.2521],[-75.1565,41.1503],[-75.0768,41.1411],[-75.0392,41.0888],[-75.0334,41.0873],[-75.0272,41.0799],[-75.025,41.0835],[-75.0205,41.0848],[-75.0126,41.0838],[-75.0118,41.088],[-75.0068,41.0885],[-75.0032,41.0918],[-74.9996,41.0894],[-74.9971,41.0899],[-74.9955,41.0935],[-74.9917,41.0923],[-74.98,41.1105],[-74.9736,41.1132],[-74.964,41.1143],[-74.9491,41.1226],[-74.9445,41.13],[-74.932,41.1334],[-74.9245,41.1375],[-74.9053,41.1557],[-74.8999,41.1663],[-74.8826,41.1804],[-74.8748,41.1972],[-74.8595,41.2188],[-74.8601,41.2216],[-74.8663,41.2258],[-74.8676,41.2286],[-74.8621,41.2378],[-74.8611,41.2436],[-74.8564,41.2497],[-74.8471,41.2528],[-74.8449,41.2576],[-74.8461,41.2634],[-74.8384,41.2773],[-74.83,41.2874],[-74.8225,41.2936],[-74.8156,41.2961],[-74.8074,41.3028],[-74.7922,41.3108],[-74.792,41.3134],[-74.796,41.318]]],"type":"Polygon"},"properties":{"GEOID":"42103","NAME":"Pike County"},"type":"Feature"},
{"geometry":{"coordinates":[[[-78.2063,41.9751],[-78.2067,41.8762],[-78.2036,41.6176],[-78.0504,41.4755],[-77.9917,41.4748],[-77.5981,41.4786],[-77.61,41.9994],[-77.8944,41.9982],[-78.1215,42.0004],[-78.2064,41.9995],[-78.2063,41.9751]]],"type":"Polygon"},"properties":{"GEOID":"42105","NAME":"Potter County"},"type":"Feature"},
{"geometry":{"coordinates":[[[-76.0168,40.576],[-76.0122,40.5777],[-75.9932,40.6397],[-75.8937,40.6764],[-75.8548,40.6932],[-75.8447,40.693],[-75.8078,40.7075],[-75.7965,40.717],[-75.7797,40.725],[-75.7777,40.7295],[-75.7659,40.7309],[-75.7578,40.7354],[-75.886,40.8163],[-75.9976,40.9133],[-76.028,40.9023],[-76.2078,40.9497],[-76.2497,40.9158],[-76.2846,40.8836],[-76.3072,40.8018],[-76.5654,40.7078],[-76.6001,40.6971],[-76.6946,40.6629],[-76.7002,40.6633],[-76.7016,40.6581],[-76.4402,40.496],[-76.4159,40.496],[-76.3692,40.5096],[-76.3524,40.5112],[-76.3382,40.5155],[-76.3304,40.5159],[-76.3225,40.5142],[-76.3146,40.5159],[-76.3023,40.5147],[-76.2722,40.5176],[-76.256,40.5171],[-76.2343,40.5221],[-76.2181,40.529],[-76.1966,40.5313],[-76.1856,40.5356],[-76.1716,40.5349],[-76.1636,40.54],[-76.1601,40.5405],[-76.1551,40.5452],[-76.132,40.5544],[-76.1059,40.5622],[-76.0794,40.5661],[-76.0653,40.5797],[-76.058,40.5796],[-76.0573,40.576],[-76.053,40.5742],[-76.0495,40.5765],[-76.0469,40.5831],[-76.0425,40.584],[-76.039,40.5827],[-76.0338,40.5773],[-76.0265,40.5786],[-76.0204,40.5737],[-76.0173,40.5742],[-76.0168,40.576]]],"type":"Polygon"},"properties":{"GEOID":"42107","NAME":"Schuylkill County"},"type":"Feature"},
{"geometry":{"coordinates":[[[-76.824,40.8368],[-76.8128,40.8471],[-76.7995,40.8757],[-76.7987,40.8784],[-76.8002,40.882],[-76.7993,40.8786],[-76.8082,40.8786],[-76.8249,40.8879],[-76.8294,40.8876],[-76.8345,40.8896],[-76.8408,40.887],[-76.8499,40.8864],[-76.852,40.8887],[-76.8583,40.8893],[-76.8774,40.8844],[-76.8908,40.8887],[-76.9123,40.8845],[-76.9415,40.8881],[-76.97,40.8809],[-76.9732,40.8771],[-76.9937,40.8751],[-76.9966,40.872],[-77.0048,40.8721],[-77.0113,40.8688],[-77.0155,40.8609],[-77.0199,40.8579],[-77.0249,40.8575],[-77.0319,40.8641],[-77.0427,40.8634],[-77.052,40.8694],[-77.0741,40.8683],[-77.1296,40.8538],[-77.3216,40.8171],[-77.3566,40.8073],[-77.3541,40.7017],[-77.1508,40.6771],[-77.1491,40.6805],[-77.1398,40.6836],[-77.1252,40.6858],[-77.1096,40.6916],[-77.1002,40.688],[-77.0975,40.6821],[-77.0977,40.6787],[-77.0936,40.6761],[-77.088,40.6784],[-77.0829,40.6774],[-77.0683,40.6799],[-77.0644,40.6782],[-77.0607,40.6799],[-77.0567,40.676],[-77.0458,40.6756],[-77.0414,40.6791],[-77.0378,40.6795],[-77.0355,40.6768],[-77.0354,40.6685],[-77.0324,40.6649],[-77.0344,40.6599],[-77.0295,40.6556],[-77.0258,40.6561],[-77.0225,40.6609],[-77.0182,40.6595],[-77.0141,40.6621],[-77.0104,40.6616],[-77.0074,40.6568],[-77.0088,40.6556],[-77.0081,40.6513],[-77.0041,40.6459],[-77.0061,40.6426],[-77.0034,40.6389],[-76.9989,40.6378],[-76.9973,40.6357],[-76.9866,40.644],[-76.9767,40.6454],[-76.9759,40.6422],[-76.9675,40.6413],[-76.9678,40.6448],[-76.9655,40.6472],[-76.9611,40.6457],[-76.9452,40.6503],[-76.9407,40.6462],[-76.9399,40.6381],[-76.9276,40.6457],[-76.9163,40.663],[-76.9102,40.6693],[-76.8796,40.6874],[-76.8634,40.7077],[-76.8565,40.7226],[-76.8554,40.7286],[-76.8575,40.7496],[-76.8567,40.764],[-76.8593,40.777],[-76.8561,40.7912],[-76.8491,40.8055],[-76.8487,40.8106],[-76.8388,40.8233],[-76.824,40.8368]]],"type":"Polygon"},"properties":{"GEOID":"42109","NAME":"Snyder County"},"type":"Feature"},
{"geometry":{"coordinates":[[[-78.839,40.2448],[-78.8517,40.246],[-78.8591,40.2426],[-78.8612,40.2455],[-78.8645,40.2444],[-78.869,40.249],[-78.8798,40.2472],[-78.8808,40.2451],[-78.8847,40.2446],[-78.8911,40.25],[-78.894,40.2611],[-78.8972,40.2635],[-78.8944,40.2685],[-78.8962,40.2716],[-78.9034,40.2752],[-78.9248,40.2785],[-78.9275,40.2819],[-78.9271,40.2847],[-79.0561,40.2849],[-79.0577,40.2775],[-79.068,40.2725],[-79.0737,40.2666],[-79.0758,40.2613],[-79.0796,40.2579],[-79.0781,40.2526],[-79.0867,40.2453],[-79.0863,40.2424],[-79.0917,40.2403],[-79.0948,40.2369],[-79.0959,40.2326],[-79.1024,40.2322],[-79.1002,40.2311],[-79.0983,40.2273],[-79.0993,40.2253],[-79.1046,40.2245],[-79.1003,40.2223],[-79.1035,40.2201],[-79.1032,40.2179],[-79.1055,40.217],[-79.1091,40.2183],[-79.107,40.2143],[-79.1141,40.2106],[-79.1146,40.205],[-79.1262,40.2004],[-79.1237,40.193],[-79.1277,40.1873],[-79.126,40.185],[-79.1267,40.1833],[-79.1344,40.1787],[-79.1433,40.1799],[-79.14,40.1639],[-79.1498,40.1604],[-79.1613,40.1609],[-79.1605,40.1569],[-79.1628,40.1541],[-79.1632,40.1459],[-79.1622,40.1428],[-79.1658,40.1387],[-79.1676,40.1288],[-79.1723,40.1261],[-79.1742,40.1206],[-79.1804,40.1164],[-79.1836,40.1107],[-79.187,40.1096],[-79.1912,40.1098],[-79.194,40.1119],[-79.1971,40.1187],[-79.2022,40.1176],[-79.2029,40.1149],[-79.2102,40.1189],[-79.2138,40.118],[-79.2209,40.1127],[-79.2226,40.1042],[-79.2267,40.0982],[-79.2375,40.0962],[-79.2401,40.0947],[-79.2406,40.0923],[-79.2468,40.0937],[-79.256,40.0885],[-79.2589,40.0798],[-79.2644,40.0787],[-79.2677,40.0743],[-79.2672,40.0659],[-79.2714,40.0642],[-79.2788,40.0555],[-79.2782,40.0503],[-79.2843,40.0482],[-79.2886,40.0418],[-79.2939,40.0404],[-79.3385,39.982],[-79.3426,39.9821],[-79.3425,39.9763],[-79.3542,39.9607],[-79.3541,39.9581],[-79.356,39.9582],[-79.3729,39.9365],[-79.3783,39.9367],[-79.3783,39.9331],[-79.3833,39.9276],[-79.3822,39.9268],[-79.384,39.9245],[-79.3916,39.9195],[-79.3876,39.9157],[-79.3987,39.9006],[-79.4176,39.8538],[-79.382,39.8369],[-79.3812,39.8348],[-79.3832,39.8288],[-79.3821,39.8271],[-79.3733,39.8278],[-79.3691,39.8247],[-79.3657,39.8205],[-79.364,39.8068],[-79.3688,39.8015],[-79.3671,39.7933],[-79.3626,39.7885],[-79.3529,39.7884],[-79.3513,39.7866],[-79.3545,39.7825],[-79.3586,39.7814],[-79.3801,39.7901],[-79.3831,39.7825],[-79.3915,39.7844],[-79.395,39.7834],[-79.3917,39.778],[-79.3803,39.7732],[-79.3787,39.7689],[-79.3863,39.7619],[-79.3986,39.7583],[-79.3997,39.7544],[-79.3942,39.7473],[-79.3941,39.7433],[-79.408,39.742],[-79.41,39.735],[-79.3927,39.7327],[-79.3895,39.7271],[-79.3925,39.7216],[-78.8084,39.7229],[-78.767,39.7954],[-78.7572,39.8235],[-78.7632,40.057],[-78.752,40.0749],[-78.7398,40.0696],[-78.677,40.2112],[-78.6614,40.2311],[-78.6583,40.2432],[-78.839,40.2448]]],"type":"Polygon"},"properties":{"GEOID":"42111","NAME":"Somerset County"},"type":"Feature"},
{"geometry":{"coordinates":[[[-76.5552,41.5685],[-76.8137,41.59],[-76.7495,41.4056],[-76.5925,41.3043],[-76.5478,41.2957],[-76.5485,41.2931],[-76.4476,41.2756],[-76.4079,41.3084],[-76.3103,41.3102],[-76.2281,41.5111],[-76.2201,41.5413],[-76.5552,41.5685]]],"type":"Polygon"},"properties":{"GEOID":"42113","NAME":"Sullivan County"},"type":"Feature"},
{"geometry":{"coordinates":[[[-75.7734,41.9979],[-76.1455,41.9988],[-76.1142,41.6434],[-76.0872,41.6447],[-75.9863,41.6448],[-75.8687,41.6444],[-75.7922,41.6421],[-75.7679,41.6434],[-75.4622,41.6416],[-75.4831,41.9993],[-75.7734,41.9979]]],"type":"Polygon"},"properties":{"GEOID":"42115","NAME":"Susquehanna County"},"type":"Feature"},
{"geometry":{"coordinates":[[[-77.0106,41.5498],[-76.9603,41.5514],[-76.96,41.554],[-76.9631,41.5546],[-76.963,41.5563],[-76.9587,41.5582],[-76.953,41.5646],[-76.9472,41.5681],[-76.933,41.569],[-76.9266,41.5711],[-76.9226,41.5808],[-76.9173,41.5827],[-76.9084,41.5815],[-76.8966,41.5859],[-76.8829,41.5884],[-76.8783,41.5905],[-76.8747,41.5969],[-76.8787,41.6203],[-76.8991,41.8081],[-76.9271,42.0016],[-77.1614,41.9996],[-77.61,41.9994],[-77.5993,41.5423],[-77.285,41.5441],[-77.0106,41.5498]]],"type":"Polygon"},"properties":{"GEOID":"42117","NAME":"Tioga County"},"type":"Feature"},
{"geometry":{"coordinates":[[[-76.9905,40.8753],[-76.9732,40.8771],[-76.97,40.8809],[-76.9415,40.8881],[-76.9123,40.8845],[-76.8908,40.8887],[-76.8774,40.8844],[-76.8583,40.8893],[-76.852,40.8887],[-76.8499,40.8864],[-76.8408,40.887],[-76.8345,40.8896],[-76.8294,40.8876],[-76.8249,40.8879],[-76.8085,40.8787],[-76.7993,40.8786],[-76.8002,40.882],[-76.804,40.8849],[-76.8246,40.8907],[-76.8515,40.9128],[-76.8599,40.924],[-76.8762,40.9511],[-76.8771,40.9595],[-76.8824,40.9714],[-76.868,40.9967],[-76.8669,41.0105],[-76.8612,41.0285],[-76.8613,41.038],[-76.8563,41.0483],[-76.8577,41.0579],[-76.857,41.0666],[-76.86,41.0757],[-76.8645,41.0799],[-76.8723,41.0823],[-76.8896,41.1006],[-76.8959,41.1199],[-76.8979,41.133],[-76.8961,41.1391],[-76.9602,41.1488],[-76.9779,41.0879],[-77.0682,41.0852],[-77.1138,41.069],[-77.1441,41.0688],[-77.1438,41.0428],[-77.204,40.9927],[-77.2792,40.9097],[-77.3642,40.8469],[-77.3571,40.8445],[-77.3566,40.8073],[-77.3216,40.8171],[-77.1296,40.8538],[-77.0741,40.8683],[-77.052,40.8694],[-77.0427,40.8634],[-77.0319,40.8641],[-77.0249,40.8575],[-77.0199,40.8579],[-77.0155,40.8609],[-77.015,40.8637],[-77.0103,40.8697],[-77.0038,40.8724],[-76.9966,40.872],[-76.9949,40.8747],[-76.9905,40.8753]]],"type":"Polygon"},"properties":{"GEOID":"42119","NAME":"Union County"},"type":"Feature"},
{"geometry":{"coordinates":[[[-79.8226,41.1731],[-79.695,41.1729],[-79.7006,41.1751],[-79.6993,41.1786],[-79.7004,41.1815],[-79.6972,41.1846],[-79.6903,41.1814],[-79.6841,41.1844],[-79.6798,41.1832],[-79.6731,41.1847],[-79.6729,41.183],[-79.6701,41.1831],[-79.6654,41.189],[-79.6706,41.1932],[-79.6663,41.1971],[-79.6689,41.1991],[-79.6496,41.2179],[-79.6504,41.2537],[-79.6329,41.2536],[-79.6327,41.2669],[-79.6277,41.2669],[-79.6276,41.2772],[-79.6046,41.2771],[-79.6042,41.3215],[-79.5415,41.321],[-79.5414,41.336],[-79.4781,41.3357],[-79.4782,41.4401],[-79.5216,41.4406],[-79.522,41.4652],[-79.5123,41.4652],[-79.5112,41.5004],[-79.5121,41.6246],[-79.6131,41.6239],[-79.6132,41.6169],[-79.7684,41.6177],[-79.7683,41.621],[-79.8291,41.6221],[-79.8297,41.602],[-79.8496,41.5978],[-79.8501,41.5871],[-79.873,41.5813],[-79.87,41.5743],[-79.8927,41.5741],[-79.8928,41.5622],[-79.9086,41.5622],[-79.9095,41.5501],[-79.9254,41.5502],[-79.9233,41.5376],[-79.9433,41.5378],[-79.9422,41.5253],[-79.9592,41.5254],[-79.9581,41.5135],[-79.9815,41.5129],[-79.9818,41.5002],[-79.9987,41.501],[-79.9987,41.4901],[-79.9998,41.49],[-79.9998,41.1719],[-79.8226,41.1731]]],"type":"Polygon"},"properties":{"GEOID":"42121","NAME":"Venango County"},"type":"Feature"},
{"geometry":{"coordinates":[[[-79.4917,41.9984],[-79.6108,41.9988],[-79.6131,41.6239],[-79.153,41.6268],[-78.9561,41.6233],[-78.9486,41.8305],[-78.9214,41.8309],[-78.9215,41.8409],[-78.9156,41.8409],[-78.916,41.8618],[-78.9171,41.8618],[-78.9155,41.9529],[-78.9185,41.9529],[-78.9189,41.9981],[-79.1584,41.9997],[-79.4917,41.9984]]],"type":"Polygon"},"properties":{"GEOID":"42123","NAME":"Warren County"},"type":"Feature"},
{"geometry":{"coordinates":[[[-79.8948,40.0703],[-79.899,40.0716],[-79.902,40.0746],[-79.901,40.0772],[-79.8965,40.0798],[-79.8846,40.0797],[-79.8707,40.0753],[-79.8636,40.0754],[-79.8468,40.0807],[-79.8426,40.0838],[-79.8393,40.0893],[-79.8393,40.0925],[-79.8513,40.1151],[-79.8866,40.1302],[-79.8921,40.1395],[-79.9021,40.1486],[-79.9049,40.1542],[-79.9044,40.1582],[-79.902,40.1614],[-79.8933,40.165],[-79.868,40.1619],[-79.8595,40.1631],[-79.853,40.1691],[-79.8506,40.1747],[-79.8533,40.1892],[-79.8554,40.192],[-79.8658,40.197],[-79.8779,40.197],[-79.8948,40.1943],[-79.9138,40.1979],[-79.9293,40.2071],[-79.9579,40.2143],[-79.9688,40.2241],[-79.9713,40.2282],[-79.97,40.2333],[-79.9626,40.2388],[-79.9308,40.243],[-79.9216,40.2469],[-79.9145,40.2524],[-80.1846,40.3331],[-80.2219,40.3651],[-80.3608,40.4776],[-80.519,40.4774],[-80.5177,40.4622],[-80.519,40.3421],[-80.5191,39.9622],[-80.518,39.9635],[-80.5147,39.9602],[-80.5099,39.9593],[-80.5009,39.9538],[-80.5013,39.9565],[-80.4998,39.9576],[-80.493,39.9588],[-80.488,39.9614],[-80.4867,39.9599],[-80.4906,39.9569],[-80.4901,39.9545],[-80.4753,39.9521],[-80.4715,39.9547],[-80.4666,39.9547],[-80.4661,39.9568],[-80.4703,39.9614],[-80.4636,39.9609],[-80.4591,39.9631],[-80.4615,39.9672],[-80.4564,39.9694],[-80.4536,39.9734],[-80.451,39.9709],[-80.4509,39.9678],[-80.4487,39.9665],[-80.447,39.9712],[-80.4437,39.9731],[-80.4454,39.9755],[-80.4442,39.976],[-80.4402,39.9755],[-80.4389,39.9771],[-80.4336,39.9774],[-80.4254,39.9719],[-80.4224,39.9724],[-80.42,39.9754],[-80.4129,39.977],[-80.4067,39.9768],[-80.4017,39.9787],[-80.3965,39.9779],[-80.3958,39.9835],[-80.3912,39.988],[-80.3723,39.9966],[-80.3563,39.9968],[-80.3506,40.0006],[-80.3441,40.0004],[-80.3298,40.0055],[-80.3219,40.0059],[-80.3175,40.0033],[-80.3126,40.0033],[-80.3089,40.0065],[-80.309,40.0122],[-80.3108,40.0137],[-80.3102,40.0177],[-80.3014,40.0206],[-80.2946,40.0185],[-80.2921,40.0206],[-80.2874,40.0192],[-80.2848,40.0121],[-80.2733,40.0133],[-80.272,40.0077],[-80.2761,40.0055],[-80.2734,40.0024],[-80.2659,40.0016],[-80.2588,40.0041],[-80.2566,40.0031],[-80.2529,40.0052],[-80.2518,40.0078],[-80.2443,40.007],[-80.2415,40.0095],[-80.2264,40.0078],[-80.2228,40.0047],[-80.2148,40.0028],[-80.2085,40.0051],[-80.2006,40.0031],[-80.1939,40.0049],[-80.1905,40.0018],[-80.1878,40.0033],[-80.1826,40.0031],[-80.1812,40.0067],[-80.1759,40.0081],[-80.1718,40.0055],[-80.1695,40.0063],[-80.1605,40.0033],[-80.1575,39.9996],[-80.1551,39.999],[-80.1553,39.9965],[-80.1521,39.9962],[-80.151,39.9944],[-80.1364,39.9926],[-80.1295,39.9884],[-80.1183,39.9913],[-80.111,39.9882],[-80.1057,39.991],[-80.0978,39.992],[-80.0861,39.9903],[-80.0598,40.0095],[-80.0577,40.0084],[-80.0597,40.0049],[-80.0584,40.0036],[-80.0491,40.0067],[-80.0445,40.0012],[-80.0444,39.9986],[-80.039,39.9966],[-80.0507,39.9896],[-80.0485,39.9851],[-80.0447,39.9848],[-80.0487,39.9805],[-80.0483,39.9785],[-80.0398,39.9741],[-80.0319,39.9777],[-80.0338,39.9826],[-80.0321,39.9842],[-80.0176,39.9775],[-80.0121,39.9826],[-80.0074,39.9846],[-79.9963,39.9834],[-79.9914,39.9855],[-79.9908,39.9881],[-79.9957,40.0051],[-79.9936,40.0091],[-79.9852,40.0131],[-79.9694,40.0131],[-79.9632,40.008],[-79.9546,39.9953],[-79.9467,39.9943],[-79.9345,39.9996],[-79.9298,40.0117],[-79.9248,40.0161],[-79.91,40.022],[-79.89,40.0225],[-79.88,40.0283],[-79.8762,40.0338],[-79.877,40.0368],[-79.8881,40.0432],[-79.8919,40.0482],[-79.8904,40.0512],[-79.8799,40.0592],[-79.8791,40.0638],[-79.8851,40.0686],[-79.8948,40.0703]]],"type":"Polygon"},"properties":{"GEOID":"42125","NAME":"Washington County"},"type":"Feature"},
{"geometry":{"coordinates":[[[-75.2983,41.3674],[-75.2783,41.3725],[-75.2657,41.3724],[-75.2621,41.375],[-75.2617,41.3825],[-75.2551,41.387],[-75.2531,41.3913],[-75.2567,41.3941],[-75.2555,41.3982],[-75.2522,41.401],[-75.2468,41.4024],[-75.2472,41.4058],[-75.2492,41.4072],[-75.2484,41.4085],[-75.252,41.4112],[-75.246,41.4169],[-75.25,41.4188],[-75.2462,41.4196],[-75.2459,41.421],[-75.2336,41.4205],[-75.2346,41.4232],[-75.2299,41.4246],[-75.2288,41.4273],[-75.2282,41.4248],[-75.2173,41.4243],[-75.2102,41.4311],[-75.2013,41.432],[-75.1996,41.4336],[-75.1991,41.438],[-75.1919,41.4383],[-75.1909,41.4411],[-75.1862,41.4428],[-75.1867,41.4462],[-75.1892,41.4468],[-75.1893,41.4506],[-75.1875,41.451],[-75.1869,41.4533],[-75.1881,41.4577],[-75.1784,41.462],[-75.1779,41.4654],[-75.1701,41.4732],[-75.0696,41.6019],[-75.0744,41.6059],[-75.0745,41.6081],[-75.0691,41.6102],[-75.0637,41.6093],[-75.0597,41.6104],[-75.0616,41.6158],[-75.0597,41.6176],[-75.053,41.6185],[-75.0467,41.6156],[-75.0445,41.6172],[-75.0436,41.6233],[-75.0487,41.6337],[-75.0495,41.6416],[-75.0477,41.6459],[-75.0495,41.6603],[-75.054,41.6681],[-75.0575,41.6688],[-75.0595,41.6723],[-75.0584,41.6749],[-75.0513,41.68],[-75.0526,41.6881],[-75.0587,41.6985],[-75.0671,41.7051],[-75.069,41.7093],[-75.0662,41.7128],[-75.0524,41.7115],[-75.0497,41.7134],[-75.0548,41.7349],[-75.0527,41.7439],[-75.053,41.7521],[-75.0612,41.7648],[-75.0725,41.7685],[-75.0751,41.7715],[-75.0937,41.7683],[-75.1006,41.7691],[-75.1035,41.7712],[-75.1047,41.7744],[-75.1039,41.7801],[-75.1009,41.7889],[-75.092,41.797],[-75.0821,41.7965],[-75.0767,41.7985],[-75.0729,41.8047],[-75.0716,41.8128],[-75.0734,41.8149],[-75.0772,41.8154],[-75.0855,41.8117],[-75.0899,41.8117],[-75.1006,41.8189],[-75.113,41.8226],[-75.1151,41.8275],[-75.1134,41.8421],[-75.1166,41.8454],[-75.131,41.8453],[-75.1406,41.8522],[-75.154,41.8485],[-75.1621,41.8502],[-75.1683,41.8587],[-75.1684,41.8693],[-75.1741,41.8726],[-75.1784,41.8706],[-75.1817,41.8631],[-75.1854,41.8601],[-75.1891,41.8617],[-75.1954,41.8678],[-75.2046,41.8699],[-75.215,41.8673],[-75.2196,41.8612],[-75.2245,41.8576],[-75.2316,41.8595],[-75.2411,41.8673],[-75.2505,41.8621],[-75.2576,41.862],[-75.2604,41.8639],[-75.2643,41.8702],[-75.2575,41.8768],[-75.2606,41.8838],[-75.2715,41.8878],[-75.273,41.8963],[-75.2678,41.902],[-75.2673,41.9061],[-75.2766,41.9222],[-75.2769,41.9329],[-75.2788,41.9387],[-75.2895,41.9432],[-75.2916,41.9466],[-75.2915,41.9524],[-75.2933,41.9543],[-75.3011,41.9534],[-75.3013,41.9481],[-75.3109,41.9491],[-75.3179,41.9539],[-75.3196,41.9603],[-75.328,41.9679],[-75.3416,41.9722],[-75.3419,41.9754],[-75.3375,41.9846],[-75.3376,41.9872],[-75.3416,41.9932],[-75.3596,41.9996],[-75.4831,41.9993],[-75.4404,41.2581],[-75.4513,41.2523],[-75.4557,41.2545],[-75.4611,41.2473],[-75.4678,41.2479],[-75.4705,41.2433],[-75.4768,41.2451],[-75.4775,41.2471],[-75.4845,41.2459],[-75.4851,41.2426],[-75.4912,41.2419],[-75.4953,41.2433],[-75.5008,41.2364],[-75.5047,41.2351],[-75.5056,41.2325],[-75.3599,41.2387],[-75.3526,41.2429],[-75.3458,41.2478],[-75.3414,41.2544],[-75.3445,41.2561],[-75.3448,41.2582],[-75.3501,41.2595],[-75.3473,41.2635],[-75.3477,41.2657],[-75.3342,41.2703],[-75.3317,41.2752],[-75.3336,41.2794],[-75.3301,41.2829],[-75.3298,41.2856],[-75.3246,41.2889],[-75.3277,41.2946],[-75.3278,41.2989],[-75.3223,41.2999],[-75.314,41.3106],[-75.316,41.319],[-75.3121,41.321],[-75.3125,41.3243],[-75.3104,41.3269],[-75.3112,41.3316],[-75.3176,41.3347],[-75.3224,41.34],[-75.326,41.3407],[-75.3309,41.3349],[-75.3351,41.3364],[-75.3428,41.336],[-75.3443,41.3374],[-75.3444,41.341],[-75.3366,41.3451],[-75.3388,41.3463],[-75.3378,41.3486],[-75.3389,41.3506],[-75.3421,41.3519],[-75.3417,41.355],[-75.3464,41.3573],[-75.3487,41.3618],[-75.3482,41.3642],[-75.3513,41.3637],[-75.3497,41.3657],[-75.3505,41.368],[-75.3482,41.3708],[-75.345,41.3711],[-75.3369,41.3763],[-75.3307,41.3696],[-75.3237,41.366],[-75.3143,41.3686],[-75.3091,41.3747],[-75.3061,41.3742],[-75.2983,41.3674]]],"type":"Polygon"},"properties":{"GEOID":"42127","NAME":"Wayne County"},"type":"Feature"},
{"geometry":{"coordinates":[[[-79.1726,40.1255],[-79.168,40.1282],[-79.1658,40.1387],[-79.1622,40.1428],[-79.1632,40.1459],[-79.1628,40.1541],[-79.1605,40.1569],[-79.1613,40.1609],[-79.1498,40.1604],[-79.14,40.1639],[-79.1433,40.1799],[-79.1344,40.1787],[-79.1267,40.1833],[-79.126,40.185],[-79.1277,40.1873],[-79.1237,40.193],[-79.1262,40.2004],[-79.1146,40.205],[-79.1141,40.2106],[-79.107,40.2143],[-79.1091,40.2183],[-79.1055,40.217],[-79.1032,40.2179],[-79.1035,40.2201],[-79.1003,40.2223],[-79.1046,40.2245],[-79.0993,40.2253],[-79.0983,40.2273],[-79.1002,40.2311],[-79.1024,40.2322],[-79.0959,40.2326],[-79.0948,40.2369],[-79.0917,40.2403],[-79.0863,40.2424],[-79.0867,40.2453],[-79.0781,40.2526],[-79.0796,40.2579],[-79.0758,40.2613],[-79.0737,40.2666],[-79.068,40.2725],[-79.0594,40.2758],[-79.0566,40.2786],[-79.0551,40.2892],[-79.0516,40.2901],[-79.045,40.2996],[-79.0373,40.3073],[-79.0369,40.3141],[-79.0312,40.3181],[-79.0304,40.3221],[-79.0247,40.3269],[-79.02,40.3356],[-79.0154,40.3392],[-79.0099,40.3405],[-79.0061,40.3512],[-78.9982,40.3562],[-78.9738,40.3954],[-78.9871,40.411],[-79.0124,40.4196],[-79.0293,40.4193],[-79.033,40.4168],[-79.0343,40.4098],[-79.0282,40.4071],[-79.0284,40.4047],[-79.0319,40.4024],[-79.0356,40.3963],[-79.0405,40.3956],[-79.042,40.3916],[-79.0519,40.3893],[-79.0575,40.3838],[-79.0589,40.3803],[-79.0646,40.379],[-79.0699,40.3804],[-79.076,40.3869],[-79.083,40.3896],[-79.0878,40.3874],[-79.0905,40.3802],[-79.095,40.3759],[-79.0968,40.3707],[-79.0996,40.3689],[-79.1042,40.3694],[-79.1093,40.3733],[-79.1216,40.3706],[-79.1271,40.3751],[-79.1287,40.3851],[-79.1208,40.3899],[-79.1153,40.3894],[-79.116,40.3935],[-79.135,40.3983],[-79.1483,40.3976],[-79.1527,40.3992],[-79.154,40.4017],[-79.1521,40.4088],[-79.1558,40.4118],[-79.1737,40.4106],[-79.1912,40.4152],[-79.2007,40.4109],[-79.2065,40.415],[-79.2148,40.4245],[-79.2307,40.4302],[-79.2402,40.43],[-79.2469,40.4322],[-79.2501,40.4295],[-79.2541,40.4223],[-79.2615,40.4175],[-79.2662,40.4164],[-79.2729,40.4184],[-79.274,40.4217],[-79.2694,40.4285],[-79.2732,40.4395],[-79.2838,40.4427],[-79.2894,40.4367],[-79.2973,40.4347],[-79.3013,40.4352],[-79.3018,40.4393],[-79.2999,40.4449],[-79.3017,40.4514],[-79.2976,40.4558],[-79.3016,40.4614],[-79.3177,40.4588],[-79.3221,40.4567],[-79.3254,40.4527],[-79.3286,40.4526],[-79.3303,40.4539],[-79.3324,40.463],[-79.3403,40.4706],[-79.3454,40.4672],[-79.3464,40.4535],[-79.3515,40.4518],[-79.3579,40.4523],[-79.3605,40.4541],[-79.3625,40.4625],[-79.3573,40.4752],[-79.3586,40.4779],[-79.3621,40.4787],[-79.3667,40.4763],[-79.3666,40.4645],[-79.3712,40.4551],[-79.3818,40.4527],[-79.3923,40.4548],[-79.3955,40.4571],[-79.3979,40.4628],[-79.4066,40.4743],[-79.4157,40.4706],[-79.4213,40.4706],[-79.4285,40.4834],[-79.4295,40.4886],[-79.4385,40.4867],[-79.4467,40.4809],[-79.4538,40.4842],[-79.4525,40.4894],[-79.4554,40.5005],[-79.4539,40.5055],[-79.4599,40.518],[-79.4565,40.5232],[-79.4491,40.5275],[-79.4533,40.5332],[-79.4643,40.5341],[-79.4766,40.5296],[-79.4779,40.5315],[-79.4769,40.5358],[-79.4819,40.5369],[-79.4846,40.5347],[-79.4865,40.5274],[-79.4927,40.5251],[-79.4971,40.5253],[-79.4989,40.5322],[-79.5073,40.5374],[-79.5113,40.5423],[-79.521,40.5413],[-79.5262,40.5424],[-79.5362,40.5503],[-79.5598,40.5626],[-79.5707,40.5841],[-79.5664,40.593],[-79.5512,40.6021],[-79.5509,40.6042],[-79.5591,40.6051],[-79.566,40.608],[-79.5697,40.6072],[-79.5761,40.6017],[-79.5812,40.6025],[-79.5844,40.607],[-79.584,40.6109],[-79.5896,40.6166],[-79.5887,40.6255],[-79.5828,40.6332],[-79.5837,40.6366],[-79.5869,40.6367],[-79.5915,40.6343],[-79.6007,40.6251],[-79.6078,40.6253],[-79.6099,40.6283],[-79.6089,40.6373],[-79.611,40.642],[-79.6266,40.6476],[-79.6361,40.6545],[-79.6375,40.6644],[-79.64,40.6669],[-79.6683,40.68],[-79.6793,40.6723],[-79.6929,40.6697],[-79.6958,40.6648],[-79.6958,40.6615],[-79.6892,40.6479],[-79.6903,40.6409],[-79.7033,40.6257],[-79.7146,40.617],[-79.7213,40.6082],[-79.7361,40.602],[-79.7603,40.5951],[-79.7716,40.5856],[-79.7739,40.5798],[-79.7747,40.5707],[-79.7651,40.5492],[-79.7517,40.5518],[-79.7427,40.5485],[-79.7356,40.549],[-79.7319,40.5451],[-79.7224,40.5422],[-79.7154,40.5335],[-79.71,40.5322],[-79.7016,40.5254],[-79.7048,40.4263],[-79.7069,40.4223],[-79.716,40.4174],[-79.7172,40.4138],[-79.727,40.4144],[-79.7275,40.4124],[-79.7222,40.4088],[-79.7314,40.4076],[-79.7324,40.3999],[-79.7343,40.3981],[-79.7364,40.3995],[-79.7387,40.3981],[-79.7387,40.3955],[-79.7419,40.3969],[-79.7446,40.3962],[-79.7478,40.3909],[-79.7503,40.3914],[-79.7513,40.3884],[-79.7621,40.3928],[-79.7648,40.39],[-79.7637,40.3853],[-79.7656,40.3845],[-79.7711,40.3754],[-79.7886,40.2977],[-79.781,40.2936],[-79.776,40.2892],[-79.7752,40.2864],[-79.7801,40.2821],[-79.7958,40.2811],[-79.7951,40.2722],[-79.7875,40.2625],[-79.7958,40.254],[-79.7995,40.2464],[-79.8055,40.241],[-79.8074,40.2369],[-79.8069,40.2339],[-79.8043,40.2319],[-79.7826,40.2276],[-79.8714,40.1974],[-79.865,40.1968],[-79.8545,40.1913],[-79.8514,40.183],[-79.8506,40.1747],[-79.8551,40.1667],[-79.863,40.162],[-79.8914,40.1651],[-79.8972,40.164],[-79.9031,40.1602],[-79.905,40.1553],[-79.9036,40.1508],[-79.8921,40.1395],[-79.8866,40.1302],[-79.8779,40.127],[-79.8753,40.1295],[-79.8672,40.1278],[-79.8161,40.1284],[-79.8166,40.1328],[-79.8067,40.1312],[-79.8058,40.1275],[-79.8038,40.1288],[-79.7461,40.1285],[-79.7346,40.1209],[-79.7276,40.1206],[-79.7244,40.1231],[-79.7185,40.1169],[-79.7223,40.115],[-79.7229,40.1132],[-79.7181,40.1134],[-79.7081,40.1077],[-79.7051,40.1077],[-79.7021,40.1104],[-79.6986,40.1096],[-79.6917,40.1131],[-79.6856,40.1138],[-79.6838,40.1086],[-79.6676,40.1045],[-79.6662,40.1022],[-79.6686,40.0988],[-79.6681,40.097],[-79.6642,40.097],[-79.6633,40.0946],[-79.6617,40.0945],[-79.6604,40.0971],[-79.6582,40.0971],[-79.6543,40.0938],[-79.6541,40.0893],[-79.6481,40.0876],[-79.6446,40.0895],[-79.6411,40.0883],[-79.6441,40.0847],[-79.6424,40.0836],[-79.6385,40.0829],[-79.6345,40.0865],[-79.627,40.0884],[-79.6259,40.0919],[-79.622,40.0945],[-79.6168,40.0916],[-79.6147,40.0913],[-79.6127,40.0935],[-79.6037,40.0908],[-79.6031,40.086],[-79.6004,40.0843],[-79.6023,40.083],[-79.593,40.0821],[-79.5919,40.0858],[-79.5933,40.0909],[-79.5912,40.0942],[-79.5846,40.0978],[-79.5854,40.1021],[-79.5789,40.1052],[-79.5754,40.1034],[-79.5662,40.1061],[-79.5606,40.1052],[-79.559,40.1114],[-79.5566,40.1128],[-79.5488,40.1103],[-79.5466,40.112],[-79.5421,40.1119],[-79.5403,40.1141],[-79.5411,40.1207],[-79.5347,40.1284],[-79.5307,40.1281],[-79.5274,40.123],[-79.5179,40.1314],[-79.518,40.1331],[-79.5044,40.1409],[-79.4897,40.141],[-79.4831,40.144],[-79.4737,40.1439],[-79.4732,40.1457],[-79.4711,40.1453],[-79.4714,40.144],[-79.4615,40.1441],[-79.4612,40.1413],[-79.4475,40.1332],[-79.4474,40.126],[-79.4379,40.116],[-79.4231,40.111],[-79.4151,40.1045],[-79.4019,40.1028],[-79.3933,40.0906],[-79.3555,40.0743],[-79.3512,40.0679],[-79.3418,40.0432],[-79.3248,40.0406],[-79.3126,40.0444],[-79.2934,40.0403],[-79.2886,40.0418],[-79.2843,40.0482],[-79.2781,40.0505],[-79.2788,40.0555],[-79.2714,40.0642],[-79.2672,40.0659],[-79.2677,40.0743],[-79.2644,40.0787],[-79.2589,40.0798],[-79.256,40.0885],[-79.2468,40.0937],[-79.2406,40.0923],[-79.2401,40.0947],[-79.2375,40.0962],[-79.2267,40.0982],[-79.2226,40.1042],[-79.2209,40.1127],[-79.2138,40.118],[-79.2102,40.1189],[-79.2029,40.1149],[-79.2022,40.1176],[-79.1971,40.1187],[-79.1962,40.1146],[-79.1922,40.1103],[-79.1852,40.1098],[-79.1804,40.1164],[-79.1742,40.1206],[-79.1726,40.1255]]],"type":"Polygon"},"properties":{"GEOID":"42129","NAME":"Westmoreland County"},"type":"Feature"},
{"geometry":{"coordinates":[[[-75.7838,41.5129],[-75.8032,41.5242],[-75.7693,41.5685],[-75.7743,41.574],[-75.7286,41.6356],[-75.7217,41.6346],[-75.7188,41.6361],[-75.7186,41.6379],[-75.7207,41.6394],[-75.7199,41.6423],[-75.9863,41.6448],[-76.0872,41.6447],[-76.1142,41.6434],[-76.1152,41.6518],[-76.198,41.6478],[-76.2239,41.5245],[-76.2281,41.5111],[-76.2828,41.3772],[-76.0051,41.3846],[-75.9833,41.3911],[-75.8393,41.4246],[-75.8346,41.4269],[-75.7716,41.5058],[-75.7838,41.5129]]],"type":"Polygon"},"properties":{"GEOID":"42131","NAME":"Wyoming County"},"type":"Feature"},
{"geometry":{"coordinates":[[[-76.4611,39.7213],[-76.2398,39.7213],[-76.2387,39.7251],[-76.2456,39.7372],[-76.2496,39.74],[-76.2566,39.75],[-76.2606,39.752],[-76.2675,39.7594],[-76.2774,39.7777],[-76.2902,39.785],[-76.3109,39.8034],[-76.3157,39.81],[-76.3334,39.8177],[-76.3505,39.8377],[-76.3508,39.8471],[-76.3521,39.849],[-76.3617,39.8571],[-76.3696,39.8604],[-76.3777,39.8667],[-76.3817,39.8789],[-76.3796,39.8882],[-76.3838,39.8936],[-76.3855,39.9057],[-76.3905,39.9118],[-76.3959,39.9142],[-76.4049,39.9152],[-76.4222,39.9258],[-76.4473,39.9335],[-76.4598,39.9413],[-76.4686,39.9436],[-76.4777,39.952],[-76.4777,39.9498],[-76.4782,39.9535],[-76.4874,39.9621],[-76.4954,39.9761],[-76.4981,39.9955],[-76.5006,40.0006],[-76.5096,40.0094],[-76.5136,40.0156],[-76.5269,40.0262],[-76.5298,40.0311],[-76.532,40.0361],[-76.5316,40.0462],[-76.534,40.051],[-76.5415,40.051],[-76.5558,40.0464],[-76.5731,40.0458],[-76.5958,40.0515],[-76.6223,40.055],[-76.6411,40.0595],[-76.6477,40.0586],[-76.6638,40.0632],[-76.6755,40.0736],[-76.6804,40.0832],[-76.6972,40.1025],[-76.7109,40.1138],[-76.7223,40.1205],[-76.7335,40.1231],[-76.7435,40.1308],[-76.7482,40.1547],[-76.7493,40.1685],[-76.7523,40.1755],[-76.774,40.1841],[-76.8006,40.2001],[-76.8247,40.2023],[-76.8289,40.205],[-76.8333,40.2165],[-76.8395,40.2216],[-76.859,40.2263],[-76.8619,40.2229],[-76.861,40.2192],[-76.865,40.2182],[-76.8667,40.2161],[-76.8727,40.2156],[-76.8798,40.2178],[-76.8882,40.2137],[-76.8916,40.2156],[-76.897,40.2247],[-76.9005,40.2234],[-76.9039,40.2242],[-76.8987,40.2146],[-76.9,40.2122],[-76.9018,40.2121],[-76.9037,40.2166],[-76.906,40.2171],[-76.9075,40.2147],[-76.9065,40.2096],[-76.9101,40.2083],[-76.9113,40.2048],[-76.9147,40.2058],[-76.9149,40.2087],[-76.9184,40.2103],[-76.9222,40.2083],[-76.9236,40.2038],[-76.9257,40.203],[-76.9269,40.2002],[-76.9317,40.1987],[-76.9289,40.1967],[-76.9184,40.1982],[-76.9086,40.1907],[-76.9093,40.1889],[-76.9135,40.1889],[-76.9119,40.1849],[-76.9142,40.1828],[-76.9258,40.1886],[-76.9285,40.1851],[-76.9242,40.1778],[-76.9076,40.1694],[-76.9059,40.1657],[-76.9091,40.1661],[-76.9291,40.1613],[-76.9499,40.1658],[-76.9594,40.1638],[-76.9646,40.1649],[-76.9677,40.1626],[-76.978,40.1648],[-76.9818,40.163],[-76.9807,40.1606],[-76.9774,40.1589],[-76.973,40.1592],[-76.9712,40.1572],[-76.9769,40.1523],[-76.9916,40.1553],[-77.0031,40.1533],[-77.0092,40.1489],[-77.0197,40.1483],[-77.0227,40.1458],[-77.0288,40.1478],[-77.031,40.1469],[-77.1374,40.0699],[-77.1276,40.0686],[-77.0921,40.0537],[-77.0811,40.0436],[-77.0784,40.0376],[-77.0728,40.0344],[-77.0685,40.0289],[-77.0564,40.0235],[-77.0262,40.0184],[-77.0186,40.0139],[-76.9662,39.9352],[-76.9697,39.9373],[-76.9726,39.9341],[-76.971,39.9312],[-76.9723,39.9257],[-76.9699,39.9237],[-76.9702,39.9214],[-76.9649,39.922],[-76.9685,39.9184],[-76.967,39.9162],[-76.9728,39.9139],[-76.9736,39.9103],[-76.9816,39.9053],[-76.9801,39.9039],[-76.984,39.9018],[-76.9841,39.8996],[-76.982,39.8974],[-76.984,39.8936],[-76.982,39.8922],[-76.9801,39.8866],[-76.9775,39.8855],[-76.9783,39.8819],[-76.974,39.8744],[-76.9725,39.8729],[-76.9636,39.874],[-76.9622,39.8648],[-76.9549,39.8569],[-76.9648,39.8508],[-76.9785,39.8477],[-76.9907,39.8343],[-76.9997,39.8313],[-76.9993,39.7201],[-76.4611,39.7213]]],"type":"Polygon"},"properties":{"GEOID":"42133","NAME":"York County"},"type":"Feature"},
{"geometry":{"coordinates":[[[-79.8268,39.1048],[-79.824,39.1086],[-79.8263,39.1127],[-79.8252,39.1162],[-79.8309,39.1194],[-79.8283,39.1219],[-79.8297,39.1231],[-79.8286,39.125],[-79.8299,39.1265],[-79.8362,39.1271],[-79.8381,39.131],[-79.8359,39.1336],[-79.8348,39.1407],[-79.833,39.1432],[-79.8344,39.1477],[-79.833,39.1542],[-79.8275,39.1604],[-79.827,39.1746],[-79.8286,39.178],[-79.8222,39.1865],[-79.8226,39.1906],[-79.8268,39.1948],[-79.8201,39.1992],[-79.8176,39.2056],[-79.8142,39.2094],[-79.8167,39.2186],[-79.8089,39.2238],[-79.8103,39.2296],[-79.8093,39.2358],[-79.8189,39.2405],[-79.8363,39.2409],[-79.839,39.2433],[-79.8503,39.2466],[-79.8534,39.2503],[-79.8509,39.2568],[-79.8516,39.2626],[-79.8542,39.2642],[-79.8524,39.2699],[-79.8535,39.2722],[-79.8587,39.2733],[-79.8601,39.2754],[-79.8585,39.2804],[-79.861,39.281],[-79.8617,39.2851],[-79.8672,39.2903],[-79.871,39.2908],[-79.8722,39.2947],[-79.8799,39.2948],[-79.8868,39.2979],[-79.8887,39.3029],[-79.8901,39.2993],[-79.8929,39.2989],[-79.8978,39.2999],[-79.9025,39.3033],[-79.905,39.303],[-79.9086,39.2993],[-79.9086,39.2956],[-79.9065,39.2922],[-79.9079,39.2893],[-79.9123,39.2896],[-79.9126,39.2921],[-79.916,39.2947],[-79.925,39.289],[-79.9323,39.2895],[-79.9326,39.2931],[-79.936,39.2968],[-79.9426,39.2965],[-79.9423,39.2902],[-79.9468,39.2872],[-79.95,39.282],[-79.9561,39.282],[-79.9611,39.2688],[-79.9664,39.2682],[-79.9726,39.2637],[-80.0234,39.2479],[-80.15,39.2383],[-80.1664,39.2423],[-80.2247,39.171],[-80.2267,39.1514],[-80.2247,39.142],[-80.2272,39.1128],[-80.2161,39.1067],[-80.2095,39.0974],[-80.1996,39.0986],[-80.1678,39.0876],[-80.1518,39.0716],[-80.1443,39.0568],[-80.1282,39.0378],[-80.0671,39.038],[-80.061,39.0342],[-80.0567,39.0372],[-80.0552,39.0365],[-80.054,39.028],[-80.0591,39.022],[-80.053,39.0153],[-80.0464,39.0136],[-80.0444,39.0109],[-80.0549,39.0053],[-80.0547,39.0017],[-80.0516,39.001],[-80.0469,38.9967],[-80.0517,38.9939],[-80.0513,38.9908],[-80.0538,38.9849],[-80.0527,38.9752],[-80.0617,38.9751],[-80.0638,38.9694],[-80.0675,38.9669],[-80.0725,38.9685],[-80.0729,38.9642],[-80.0638,38.9617],[-80.0639,38.9582],[-80.0719,38.9541],[-80.0735,38.9509],[-80.0812,38.9514],[-80.0851,38.9472],[-79.896,38.9734],[-79.8951,38.9774],[-79.8919,38.9808],[-79.8921,38.9871],[-79.8874,38.9949],[-79.8873,39.0032],[-79.8792,39.0195],[-79.877,39.0283],[-79.8728,39.0344],[-79.8696,39.0512],[-79.8655,39.0581],[-79.8659,39.0634],[-79.8606,39.0685],[-79.8632,39.0727],[-79.859,39.0763],[-79.8544,39.0848],[-79.8548,39.0884],[-79.8496,39.0949],[-79.8381,39.0951],[-79.8338,39.1001],[-79.8271,39.1028],[-79.8268,39.1048]]],"type":"Polygon"},"properties":{"GEOID":"54001","NAME":"Barbour County"},"type":"Feature"},
{"geometry":{"coordinates":[[[-77.9309,39.3812],[-77.8592,39.4371],[-77.857,39.4407],[-77.8471,39.4466],[-77.8471,39.4507],[-77.8437,39.4588],[-77.8394,39.4607],[-77.841,39.4637],[-77.8386,39.4709],[-77.8323,39.4787],[-77.8317,39.4835],[-77.8251,39.4932],[-77.8454,39.4981],[-77.8478,39.5018],[-77.8453,39.5055],[-77.8262,39.5163],[-77.8235,39.5238],[-77.825,39.5287],[-77.8323,39.5323],[-77.837,39.5321],[-77.8406,39.5291],[-77.8419,39.5184],[-77.8494,39.5156],[-77.8612,39.5143],[-77.8648,39.5159],[-77.8661,39.5184],[-77.8653,39.5384],[-77.8716,39.5443],[-77.886,39.5517],[-77.8888,39.5556],[-77.8869,39.56],[-77.8785,39.5634],[-77.8432,39.5645],[-77.8361,39.5667],[-77.8334,39.5712],[-77.8297,39.5911],[-77.8322,39.6014],[-77.8378,39.6059],[-77.8639,39.6088],[-77.8743,39.6141],[-77.8849,39.6158],[-77.887,39.6136],[-77.8812,39.6064],[-77.8812,39.601],[-77.8854,39.5977],[-77.892,39.5978],[-77.9227,39.6047],[-77.9284,39.6136],[-77.9328,39.6176],[-77.9411,39.619],[-77.9448,39.6156],[-77.939,39.6131],[-77.9361,39.6099],[-77.9358,39.5985],[-77.9384,39.5879],[-77.9443,39.5845],[-77.9486,39.5859],[-77.9505,39.5884],[-77.9523,39.5957],[-77.9506,39.6038],[-77.955,39.6081],[-77.961,39.6089],[-77.9672,39.6071],[-77.9732,39.6013],[-77.9772,39.5997],[-78.0035,39.6007],[-78.0111,39.6039],[-78.0221,39.6197],[-78.0252,39.621],[-78.0342,39.6208],[-78.037,39.6138],[-78.0436,39.6129],[-78.0465,39.6081],[-78.059,39.5984],[-78.0787,39.5999],[-78.0853,39.5973],[-78.0931,39.5826],[-78.0955,39.5822],[-78.1092,39.5874],[-78.116,39.5939],[-78.1389,39.5938],[-78.1424,39.5895],[-78.1499,39.5704],[-78.1541,39.5647],[-78.1603,39.5469],[-78.1739,39.5214],[-78.1746,39.5138],[-78.1893,39.4801],[-78.2,39.4412],[-78.2075,39.4315],[-78.2289,39.3915],[-78.1582,39.3434],[-78.1409,39.3337],[-78.0332,39.2646],[-78.0335,39.2681],[-78.028,39.2697],[-78.026,39.2726],[-78.0345,39.276],[-78.0353,39.2787],[-78.0262,39.2802],[-78.0252,39.2846],[-78.0272,39.2884],[-78.0203,39.2881],[-78.0181,39.2935],[-78.0129,39.2973],[-78.0059,39.3068],[-77.9974,39.3105],[-77.988,39.3203],[-77.9902,39.3228],[-77.9948,39.3238],[-77.996,39.326],[-77.9931,39.3275],[-77.9879,39.3256],[-77.9882,39.3319],[-77.9847,39.333],[-77.9805,39.339],[-77.9769,39.3401],[-77.9769,39.3437],[-77.9825,39.3476],[-77.9816,39.3493],[-77.9739,39.3497],[-77.9698,39.3459],[-77.9666,39.3459],[-77.9652,39.3523],[-77.9685,39.3574],[-77.9619,39.3596],[-77.9671,39.367],[-77.9583,39.3671],[-77.9513,39.3723],[-77.9439,39.3727],[-77.9428,39.3748],[-77.9485,39.378],[-77.9468,39.3806],[-77.9331,39.3793],[-77.9309,39.3812]]],"type":"Polygon"},"properties":{"GEOID":"54003","NAME":"Berkeley County"},"type":"Feature"},
{"geometry":{"coordinates":[[[-81.9731,38.0649],[-81.9698,38.0625],[-81.9725,38.0545],[-81.9705,38.0523],[-81.9721,38.0503],[-81.9682,38.0458],[-81.9633,38.0456],[-81.9617,38.0427],[-81.956,38.0426],[-81.9546,38.0394],[-81.9509,38.0379],[-81.9382,38.037],[-81.933,38.0339],[-81.93,38.0359],[-81.9253,38.0335],[-81.9177,38.0354],[-81.9162,38.032],[-81.9052,38.0298],[-81.9089,38.0279],[-81.9284,38.0282],[-81.9607,38.0075],[-81.9799,37.991],[-81.9803,37.9864],[-81.9775,37.9823],[-81.9677,37.9776],[-81.9629,37.9784],[-81.9581,37.9748],[-81.9537,37.9746],[-81.9499,37.9718],[-81.9368,37.9774],[-81.9123,37.9755],[-81.9109,37.9713],[-81.9022,37.9687],[-81.9022,37.9601],[-81.9091,37.9583],[-81.9109,37.9556],[-81.9077,37.9531],[-81.9026,37.9531],[-81.9032,37.9498],[-81.8931,37.9502],[-81.8899,37.9485],[-81.8832,37.9516],[-81.8774,37.951],[-81.8736,37.9522],[-81.8611,37.9483],[-81.8146,37.9472],[-81.8063,37.9399],[-81.802,37.94],[-81.8011,37.9363],[-81.7923,37.9358],[-81.7898,37.9376],[-81.7884,37.9356],[-81.7856,37.9364],[-81.7814,37.9345],[-81.7799,37.9328],[-81.7824,37.9307],[-81.782,37.9288],[-81.774,37.923],[-81.7722,37.9195],[-81.7738,37.9161],[-81.7725,37.9129],[-81.7606,37.9113],[-81.7644,37.9053],[-81.7619,37.9027],[-81.7596,37.9034],[-81.7606,37.9004],[-81.7589,37.8969],[-81.7595,37.8927],[-81.757,37.8925],[-81.7599,37.8899],[-81.7605,37.8871],[-81.7591,37.8851],[-81.7644,37.8829],[-81.769,37.8775],[-81.772,37.8768],[-81.7738,37.872],[-81.7817,37.8698],[-81.7822,37.8672],[-81.7716,37.8619],[-81.7744,37.8591],[-81.7744,37.8538],[-81.7672,37.8559],[-81.7623,37.849],[-81.7587,37.8501],[-81.7544,37.8485],[-81.7527,37.8452],[-81.7459,37.8441],[-81.7463,37.8413],[-81.7504,37.8383],[-81.7469,37.8369],[-81.7447,37.8291],[-81.7394,37.8255],[-81.7306,37.8247],[-81.7304,37.8205],[-81.7326,37.8168],[-81.7246,37.8141],[-81.7231,37.8096],[-81.7184,37.8112],[-81.7143,37.8098],[-81.7079,37.8125],[-81.7021,37.8175],[-81.7008,37.8225],[-81.6986,37.8241],[-81.6968,37.8216],[-81.6909,37.8217],[-81.6888,37.8243],[-81.682,37.8257],[-81.6799,37.8306],[-81.675,37.8314],[-81.6728,37.8287],[-81.6675,37.8292],[-81.6655,37.8329],[-81.661,37.8322],[-81.6587,37.8344],[-81.6547,37.8286],[-81.6498,37.8311],[-81.648,37.8303],[-81.6501,37.8258],[-81.644,37.8232],[-81.6468,37.8202],[-81.6464,37.8178],[-81.644,37.815],[-81.6354,37.8111],[-81.6315,37.8066],[-81.6323,37.8034],[-81.6283,37.8025],[-81.6258,37.8001],[-81.6204,37.8012],[-81.614,37.7973],[-81.6132,37.7926],[-81.6075,37.7887],[-81.5969,37.7867],[-81.5965,37.7838],[-81.5832,37.7764],[-81.5852,37.7741],[-81.5827,37.7688],[-81.5765,37.7633],[-81.5699,37.7643],[-81.5675,37.7676],[-81.5628,37.7677],[-81.5589,37.774],[-81.5487,37.7765],[-81.5483,37.7787],[-81.5436,37.7799],[-81.5404,37.7837],[-81.5357,37.7829],[-81.5304,37.7897],[-81.5272,37.7897],[-81.52,37.7861],[-81.5142,37.7912],[-81.5211,37.8001],[-81.5186,37.8113],[-81.5199,37.8156],[-81.5168,37.8186],[-81.5206,37.8213],[-81.5276,37.8209],[-81.5287,37.8236],[-81.5323,37.8258],[-81.5394,37.8247],[-81.542,37.8289],[-81.5444,37.8271],[-81.5469,37.828],[-81.5495,37.8247],[-81.5523,37.8247],[-81.5578,37.8332],[-81.5577,37.8383],[-81.5614,37.8417],[-81.561,37.8561],[-81.5636,37.857],[-81.5641,37.8611],[-81.5627,37.8653],[-81.5676,37.8675],[-81.5641,37.8743],[-81.5581,37.8772],[-81.56,37.8791],[-81.5593,37.8823],[-81.5634,37.8834],[-81.5634,37.8863],[-81.5613,37.8889],[-81.5581,37.8893],[-81.5538,37.8943],[-81.5594,37.8972],[-81.5642,37.9027],[-81.5614,37.9091],[-81.5614,37.911],[-81.5643,37.913],[-81.5619,37.9194],[-81.5673,37.9208],[-81.5676,37.9242],[-81.5705,37.9243],[-81.5715,37.9277],[-81.566,37.931],[-81.5659,37.9349],[-81.5588,37.9362],[-81.563,37.9396],[-81.5603,37.9421],[-81.5616,37.9443],[-81.5549,37.9461],[-81.557,37.9495],[-81.5558,37.9543],[-81.551,37.9549],[-81.5499,37.9574],[-81.5444,37.9611],[-81.5456,37.9649],[-81.5414,37.9695],[-81.5386,37.971],[-81.5262,37.9713],[-81.5192,37.9769],[-81.5154,37.983],[-81.5076,37.9882],[-81.4982,37.9835],[-81.4919,37.9836],[-81.4891,37.981],[-81.482,37.9869],[-81.4703,37.9872],[-81.4628,37.99],[-81.4596,37.9897],[-81.4566,37.9873],[-81.4537,37.9927],[-81.4559,37.9963],[-81.4558,37.9993],[-81.4592,37.9985],[-81.4617,38.0013],[-81.462,38.0053],[-81.4656,38.0052],[-81.4663,38.0086],[-81.4634,38.0139],[-81.4647,38.0156],[-81.4685,38.0159],[-81.468,38.0186],[-81.4653,38.0207],[-81.467,38.0244],[-81.4599,38.0271],[-81.4604,38.0301],[-81.4643,38.0365],[-81.47,38.0413],[-81.4715,38.0458],[-81.4762,38.0475],[-81.4775,38.0503],[-81.4737,38.0536],[-81.4781,38.0601],[-81.4836,38.059],[-81.4845,38.0612],[-81.4877,38.0609],[-81.487,38.0626],[-81.4915,38.0679],[-81.4991,38.0623],[-81.5053,38.0607],[-81.5118,38.0643],[-81.5165,38.0637],[-81.5179,38.0694],[-81.5209,38.0698],[-81.5291,38.0755],[-81.5375,38.0761],[-81.5392,38.0783],[-81.5405,38.0824],[-81.5366,38.085],[-81.5348,38.0959],[-81.5306,38.0964],[-81.5263,38.1014],[-81.521,38.1008],[-81.5158,38.1124],[-81.5196,38.1146],[-81.5214,38.1135],[-81.5268,38.1189],[-81.5319,38.1173],[-81.5332,38.1213],[-81.546,38.1193],[-81.5462,38.1246],[-81.539,38.1304],[-81.5432,38.1336],[-81.5448,38.1376],[-81.5557,38.1415],[-81.5695,38.1373],[-81.5706,38.1391],[-81.5693,38.1417],[-81.5733,38.1421],[-81.5743,38.1449],[-81.5781,38.1431],[-81.5813,38.1437],[-81.5812,38.147],[-81.5904,38.1542],[-81.5897,38.1576],[-81.5939,38.1611],[-81.5957,38.1601],[-81.5993,38.1618],[-81.5999,38.164],[-81.5959,38.1676],[-81.6013,38.1677],[-81.6067,38.1701],[-81.602,38.1762],[-81.607,38.1744],[-81.6159,38.1768],[-81.6171,38.1785],[-81.6208,38.1776],[-81.6248,38.1788],[-81.6289,38.1726],[-81.6334,38.1716],[-81.6346,38.1775],[-81.6419,38.1763],[-81.6427,38.1775],[-81.6393,38.1803],[-81.6427,38.1835],[-81.6485,38.185],[-81.6448,38.1916],[-81.6448,38.195],[-81.6466,38.1959],[-81.6471,38.2008],[-81.6525,38.2031],[-81.6485,38.2052],[-81.6476,38.2094],[-81.6431,38.2107],[-81.6454,38.2155],[-81.6437,38.2207],[-81.6522,38.2208],[-81.6598,38.2235],[-81.6662,38.2217],[-81.6671,38.2196],[-81.6757,38.2217],[-81.687,38.2181],[-81.6879,38.2197],[-81.6901,38.2196],[-81.6927,38.2241],[-81.6949,38.224],[-81.6963,38.2277],[-81.7058,38.2271],[-81.7081,38.2231],[-81.722,38.2227],[-81.7257,38.2213],[-81.7282,38.2175],[-81.7272,38.2137],[-81.721,38.2146],[-81.7255,38.2083],[-81.7244,38.2056],[-81.7273,38.2038],[-81.7314,38.205],[-81.737,38.1982],[-81.7445,38.2011],[-81.7498,38.2006],[-81.7533,38.2029],[-81.756,38.2121],[-81.7551,38.2182],[-81.7651,38.2278],[-81.773,38.2307],[-81.7839,38.2306],[-81.7856,38.2271],[-81.7844,38.2246],[-81.7893,38.2209],[-81.7855,38.2142],[-81.7893,38.2116],[-81.7896,38.2097],[-81.7944,38.2074],[-81.7997,38.2093],[-81.8068,38.2076],[-81.8109,38.2082],[-81.811,38.2021],[-81.8143,38.1993],[-81.812,38.1967],[-81.8145,38.1942],[-81.8128,38.1899],[-81.8083,38.1892],[-81.805,38.1851],[-81.8052,38.1828],[-81.8018,38.1807],[-81.8018,38.1784],[-81.8057,38.1804],[-81.8102,38.1802],[-81.8139,38.1842],[-81.8191,38.185],[-81.8235,38.1931],[-81.8247,38.2002],[-81.8285,38.2058],[-81.8335,38.2096],[-81.8399,38.2096],[-81.8413,38.2066],[-81.8388,38.2018],[-81.8449,38.1989],[-81.8466,38.1925],[-81.8518,38.1848],[-81.8497,38.1823],[-81.8463,38.1856],[-81.8425,38.1855],[-81.839,38.1833],[-81.8388,38.1806],[-81.8425,38.1795],[-81.8492,38.1814],[-81.8517,38.176],[-81.8512,38.1731],[-81.8629,38.1743],[-81.8639,38.1765],[-81.872,38.1768],[-81.8733,38.1756],[-81.8712,38.1709],[-81.8721,38.1637],[-81.8862,38.1681],[-81.886,38.1634],[-81.8882,38.1627],[-81.8886,38.1658],[-81.8886,38.1601],[-81.8861,38.1569],[-81.8878,38.1557],[-81.8881,38.1513],[-81.8782,38.1495],[-81.8807,38.1473],[-81.8793,38.1425],[-81.8771,38.1414],[-81.8788,38.1372],[-81.8847,38.1375],[-81.8855,38.14],[-81.8885,38.1421],[-81.9038,38.1416],[-81.9064,38.1448],[-81.9104,38.1455],[-81.9118,38.1482],[-81.9163,38.1497],[-81.9204,38.1483],[-81.923,38.1495],[-81.9234,38.1514],[-81.9256,38.1508],[-81.9276,38.1525],[-81.9324,38.1501],[-81.9344,38.1462],[-81.9331,38.1403],[-81.934,38.139],[-81.9389,38.139],[-81.941,38.1363],[-81.9439,38.1375],[-81.9473,38.1284],[-81.9458,38.1258],[-81.9498,38.1236],[-81.9536,38.1187],[-81.9458,38.1094],[-81.9463,38.1065],[-81.9477,38.1064],[-81.947,38.1045],[-81.9502,38.102],[-81.9507,38.099],[-81.9641,38.0897],[-81.9621,38.0857],[-81.9653,38.0792],[-81.9689,38.0777],[-81.9686,38.0728],[-81.9663,38.0689],[-81.9731,38.0649]]],"type":"Polygon"},"properties":{"GEOID":"54005","NAME":"Boone County"},"type":"Feature"},
{"geometry":{"coordinates":[[[-80.6111,38.5598],[-80.5087,38.6456],[-80.4511,38.7491],[-80.4521,38.7554],[-80.451,38.7569],[-80.4532,38.761],[-80.449,38.7654],[-80.4498,38.7689],[-80.4421,38.7718],[-80.4461,38.7775],[-80.4503,38.7756],[-80.4585,38.7761],[-80.4586,38.7781],[-80.4637,38.7838],[-80.463,38.786],[-80.4584,38.7877],[-80.4594,38.7915],[-80.4631,38.7959],[-80.4692,38.7976],[-80.4745,38.7943],[-80.4855,38.8003],[-80.4836,38.8035],[-80.4843,38.8092],[-80.4793,38.8146],[-80.4806,38.8182],[-80.4769,38.8208],[-80.4763,38.8258],[-80.4738,38.8291],[-80.4738,38.8332],[-80.4798,38.8332],[-80.4908,38.8453],[-80.5007,38.8447],[-80.5072,38.854],[-80.5238,38.8628],[-80.5284,38.862],[-80.5325,38.8559],[-80.5415,38.8539],[-80.5481,38.8562],[-80.5521,38.8606],[-80.5538,38.8658],[-80.558,38.8676],[-80.5734,38.8628],[-80.5789,38.8588],[-80.5835,38.8589],[-80.5907,38.8689],[-80.5933,38.8704],[-80.5927,38.8737],[-80.5907,38.875],[-80.5923,38.8786],[-80.591,38.8837],[-80.5964,38.8875],[-80.5992,38.8918],[-80.597,38.896],[-80.6058,38.9042],[-80.6088,38.905],[-80.6127,38.9021],[-80.6199,38.9026],[-80.6226,38.8975],[-80.6312,38.8976],[-80.6339,38.895],[-80.6339,38.8925],[-80.6379,38.8919],[-80.6403,38.8898],[-80.6397,38.8856],[-80.641,38.8848],[-80.6471,38.8862],[-80.6521,38.8897],[-80.6591,38.8881],[-80.6595,38.8829],[-80.6659,38.8818],[-80.6693,38.8854],[-80.6693,38.8881],[-80.6726,38.889],[-80.6699,38.8928],[-80.6927,38.8803],[-80.7015,38.879],[-80.8507,38.7922],[-80.9849,38.7179],[-81.0317,38.6678],[-80.976,38.6251],[-80.9789,38.6207],[-80.979,38.6145],[-80.9773,38.6107],[-80.9711,38.6107],[-80.9727,38.6009],[-80.97,38.5932],[-80.9665,38.5933],[-80.9617,38.5967],[-80.9577,38.5973],[-80.9551,38.5922],[-80.9478,38.5922],[-80.9463,38.5882],[-80.9358,38.5836],[-80.9319,38.5839],[-80.9299,38.5828],[-80.9299,38.5804],[-80.9263,38.5793],[-80.925,38.5718],[-80.9176,38.5677],[-80.913,38.5632],[-80.915,38.5559],[-80.9128,38.5477],[-80.9177,38.5448],[-80.9135,38.5423],[-80.9085,38.543],[-80.9065,38.5408],[-80.8915,38.5369],[-80.8894,38.5339],[-80.8901,38.5311],[-80.8883,38.5303],[-80.8891,38.5235],[-80.8816,38.5124],[-80.8812,38.507],[-80.7852,38.5576],[-80.7797,38.5562],[-80.7773,38.548],[-80.7725,38.547],[-80.7706,38.5445],[-80.7649,38.5444],[-80.7603,38.5415],[-80.7607,38.5379],[-80.7578,38.5379],[-80.7582,38.5352],[-80.7519,38.5328],[-80.7511,38.5258],[-80.7425,38.527],[-80.739,38.5239],[-80.7363,38.5245],[-80.7379,38.5289],[-80.7373,38.5324],[-80.7308,38.5344],[-80.7267,38.5323],[-80.7239,38.5362],[-80.7191,38.5323],[-80.7173,38.5364],[-80.7115,38.537],[-80.7103,38.5342],[-80.7009,38.5334],[-80.6972,38.5373],[-80.6947,38.5334],[-80.6911,38.5346],[-80.6885,38.5317],[-80.6776,38.5331],[-80.6751,38.532],[-80.6754,38.5302],[-80.67,38.5275],[-80.6591,38.5254],[-80.6591,38.5273],[-80.6559,38.5282],[-80.6522,38.5261],[-80.6111,38.5598]]],"type":"Polygon"},"properties":{"GEOID":"54007","NAME":"Braxton County"},"type":"Feature"},
{"geometry":{"coordinates":[[[-80.6128,40.3477],[-80.6108,40.3409],[-80.6029,40.3279],[-80.5999,40.3177],[-80.6029,40.3071],[-80.6149,40.292],[-80.6168,40.2853],[-80.6164,40.2718],[-80.6225,40.2618],[-80.6446,40.2513],[-80.6521,40.245],[-80.6615,40.2298],[-80.6681,40.1997],[-80.6726,40.1924],[-80.6812,40.1858],[-80.6829,40.1821],[-80.6802,40.1846],[-80.673,40.1831],[-80.6652,40.1861],[-80.6634,40.1855],[-80.6649,40.1831],[-80.6619,40.1819],[-80.6641,40.1789],[-80.5955,40.1772],[-80.5191,40.1597],[-80.518,40.3996],[-80.5738,40.3998],[-80.6297,40.395],[-80.6322,40.3937],[-80.6314,40.3857],[-80.6191,40.3819],[-80.6097,40.3749],[-80.6076,40.3696],[-80.6128,40.3477]]],"type":"Polygon"},"properties":{"GEOID":"54009","NAME":"Brooke County"},"type":"Feature"},
{"geometry":{"coordinates":[[[-82.5082,38.4112],[-82.3439,38.3052],[-82.3294,38.3134],[-82.3284,38.3151],[-82.3303,38.324],[-82.3223,38.3247],[-82.3213,38.3276],[-82.3173,38.3263],[-82.3147,38.3279],[-82.3144,38.3314],[-82.3117,38.3313],[-82.3103,38.3291],[-82.2987,38.3284],[-82.2978,38.327],[-82.2996,38.325],[-82.2924,38.3205],[-82.2866,38.3215],[-82.286,38.3191],[-82.2887,38.3182],[-82.289,38.314],[-82.2872,38.3129],[-82.2835,38.3142],[-82.2821,38.3109],[-82.2788,38.3111],[-82.2783,38.3082],[-82.2757,38.3058],[-82.2762,38.3039],[-82.2844,38.3013],[-82.2926,38.3041],[-82.2958,38.3029],[-82.2972,38.2998],[-82.3028,38.299],[-82.3056,38.2952],[-82.3026,38.2876],[-82.3068,38.2859],[-82.3096,38.2784],[-82.3088,38.2766],[-82.3113,38.2753],[-82.3105,38.2725],[-82.3134,38.2681],[-82.3103,38.2671],[-82.311,38.265],[-82.3089,38.264],[-82.3114,38.2562],[-82.3088,38.2544],[-82.3076,38.2501],[-82.3033,38.2489],[-82.3001,38.2455],[-82.2994,38.24],[-82.2903,38.2336],[-82.2875,38.2349],[-82.2826,38.2306],[-82.2779,38.231],[-82.2748,38.228],[-82.2698,38.2318],[-82.2642,38.2292],[-82.2615,38.2342],[-82.2576,38.2348],[-82.2581,38.2379],[-82.2606,38.2396],[-82.2585,38.2432],[-82.26,38.2462],[-82.2523,38.2521],[-82.2489,38.2494],[-82.2452,38.2541],[-82.2451,38.2561],[-82.2477,38.2582],[-82.2478,38.2619],[-82.2448,38.2639],[-82.2426,38.2703],[-82.2407,38.2716],[-82.2349,38.2712],[-82.2323,38.2746],[-82.2252,38.2765],[-82.2198,38.2804],[-82.216,38.2807],[-82.2121,38.2864],[-82.2076,38.2887],[-82.212,38.2912],[-82.2096,38.2934],[-82.21,38.2975],[-82.2065,38.3018],[-82.21,38.3027],[-82.2116,38.3077],[-82.2208,38.3106],[-82.2056,38.3106],[-82.2034,38.3084],[-82.1975,38.3107],[-82.1987,38.3167],[-82.1965,38.3195],[-82.1968,38.3228],[-82.193,38.324],[-82.1882,38.3283],[-82.1831,38.3297],[-82.1787,38.3393],[-82.172,38.3379],[-82.1716,38.3359],[-82.1685,38.3353],[-82.1638,38.3369],[-82.1637,38.3386],[-82.1582,38.3379],[-82.1546,38.3404],[-82.1531,38.3396],[-82.1451,38.343],[-82.1415,38.3415],[-82.1328,38.3445],[-82.1289,38.3432],[-82.1277,38.346],[-82.1255,38.3468],[-82.117,38.3442],[-82.115,38.346],[-82.1149,38.3509],[-82.1104,38.3563],[-82.1103,38.3585],[-82.1089,38.3593],[-82.1026,38.3571],[-82.1036,38.3618],[-82.1004,38.3621],[-82.1013,38.3648],[-82.0974,38.3674],[-82.0901,38.3669],[-82.0871,38.3685],[-82.0791,38.3688],[-82.0745,38.3732],[-82.0693,38.3732],[-82.069,38.3749],[-82.0647,38.3768],[-82.058,38.3731],[-82.0559,38.3742],[-82.0516,38.3729],[-82.0501,38.3759],[-82.0471,38.3744],[-82.0551,38.4745],[-82.219,38.5917],[-82.2465,38.5968],[-82.2481,38.5977],[-82.2457,38.5983],[-82.2475,38.5987],[-82.2621,38.5982],[-82.2715,38.5954],[-82.2873,38.5828],[-82.2935,38.5754],[-82.2934,38.5741],[-82.2916,38.5753],[-82.2939,38.5727],[-82.2934,38.557],[-82.2957,38.5385],[-82.3029,38.5232],[-82.3042,38.4963],[-82.3106,38.4832],[-82.3139,38.4681],[-82.3181,38.4579],[-82.3274,38.4465],[-82.3406,38.4409],[-82.3818,38.4348],[-82.3897,38.4344],[-82.4049,38.4393],[-82.4313,38.4309],[-82.4862,38.4182],[-82.5082,38.4112]]],"type":"Polygon"},"properties":{"GEOID":"54011","NAME":"Cabell County"},"type":"Feature"},
{"geometry":{"coordinates":[[[-81.0536,38.7947],[-81.0395,38.8003],[-81.0382,38.8047],[-81.0328,38.8042],[-81.0321,38.807],[-81.0302,38.8074],[-81.0312,38.8092],[-81.0353,38.8097],[-81.0298,38.8122],[-81.0298,38.8142],[-81.027,38.8162],[-81.0222,38.8164],[-81.0121,38.8221],[-81.0133,38.8245],[-81.0119,38.8283],[-81.0135,38.8314],[-81.0089,38.8366],[-81.0095,38.8387],[-81.0123,38.8388],[-81.0124,38.8401],[-81.0085,38.8445],[-81.0025,38.8464],[-81.0077,38.9003],[-81.0091,38.9004],[-81.0107,38.9106],[-81.0083,38.9146],[-81.0103,38.9166],[-81.013,38.9166],[-81.0139,38.9198],[-81.0122,38.9219],[-81.0136,38.9233],[-81.0054,38.9274],[-81.0049,38.9293],[-81.0068,38.9308],[-81.0026,38.9324],[-81.0033,38.9393],[-81.0062,38.9401],[-81.0069,38.9443],[-81.0044,38.948],[-81.0058,38.9513],[-81.0089,38.9526],[-81.0111,38.9575],[-81.0035,38.961],[-81.0058,38.9634],[-81.0049,38.9649],[-81.0083,38.9659],[-81.0075,38.9692],[-81.0115,38.9698],[-81.013,38.9743],[-81.0205,38.9789],[-81.0188,38.9806],[-81.0209,38.9825],[-81.021,38.9849],[-81.0234,38.982],[-81.0258,38.982],[-81.0281,38.9843],[-81.0322,38.9845],[-81.0344,38.9869],[-81.0338,38.9884],[-81.0362,38.993],[-81.0346,38.9948],[-81.036,38.9967],[-81.0316,39.0001],[-81.0379,39.0072],[-81.0336,39.0096],[-81.035,39.012],[-81.0396,39.0128],[-81.0452,39.0108],[-81.0457,39.009],[-81.0532,39.0104],[-81.0597,39.0079],[-81.0605,39.0093],[-81.0644,39.009],[-81.0681,39.0107],[-81.0764,39.0104],[-81.0814,39.0167],[-81.0939,39.0156],[-81.0923,39.0198],[-81.094,39.0221],[-81.1025,39.0215],[-81.1049,39.0272],[-81.1096,39.0281],[-81.1099,39.0299],[-81.1122,39.0307],[-81.1134,39.0338],[-81.112,39.0371],[-81.1139,39.0365],[-81.1164,39.0385],[-81.116,39.0425],[-81.1248,39.0398],[-81.1287,39.0451],[-81.1335,39.0431],[-81.1361,39.0452],[-81.1383,39.0433],[-81.1447,39.0428],[-81.1508,39.0397],[-81.1555,39.0402],[-81.1627,39.0347],[-81.1622,39.0308],[-81.2727,38.9363],[-81.2696,38.933],[-81.2694,38.9288],[-81.2664,38.9262],[-81.2702,38.9245],[-81.2775,38.9243],[-81.274,38.9187],[-81.2795,38.9132],[-81.2705,38.9144],[-81.2708,38.9061],[-81.2685,38.9063],[-81.2629,38.911],[-81.2583,38.907],[-81.2606,38.9036],[-81.26,38.9014],[-81.2489,38.8968],[-81.26,38.893],[-81.2542,38.8884],[-81.2494,38.8879],[-81.2437,38.8831],[-81.2386,38.8819],[-81.2412,38.8782],[-81.2372,38.8741],[-81.2424,38.8729],[-81.2378,38.8686],[-81.2416,38.8674],[-81.2433,38.8651],[-81.2354,38.8625],[-81.2369,38.8589],[-81.2435,38.8599],[-81.2455,38.8586],[-81.2463,38.8525],[-81.242,38.8516],[-81.2388,38.8473],[-81.2319,38.8521],[-81.2281,38.8523],[-81.2271,38.8503],[-81.2284,38.8466],[-81.2208,38.8436],[-81.2191,38.834],[-81.215,38.8309],[-81.2167,38.8282],[-81.2152,38.8245],[-81.2176,38.8244],[-81.2199,38.8276],[-81.2246,38.8255],[-81.2214,38.8225],[-81.2208,38.8177],[-81.2222,38.8154],[-81.227,38.8138],[-81.2263,38.8123],[-81.2208,38.811],[-81.2222,38.8056],[-81.2259,38.8041],[-81.2177,38.7986],[-81.2276,38.7928],[-81.2191,38.7895],[-81.2231,38.7871],[-81.2203,38.7848],[-81.2142,38.786],[-81.2074,38.7845],[-81.207,38.7823],[-81.2122,38.7797],[-81.204,38.7761],[-81.2032,38.7695],[-81.1959,38.7674],[-81.1981,38.7639],[-81.1928,38.7617],[-81.1884,38.7557],[-81.1888,38.7522],[-81.1854,38.752],[-81.183,38.7497],[-81.1837,38.7474],[-81.1718,38.7398],[-81.1689,38.7305],[-81.1703,38.7287],[-81.1735,38.7283],[-81.1759,38.7231],[-81.1714,38.7206],[-81.1705,38.7164],[-81.1723,38.7132],[-81.1705,38.711],[-81.1722,38.7074],[-81.1697,38.7038],[-81.1676,38.7038],[-81.1667,38.6951],[-81.1689,38.6945],[-81.1707,38.6885],[-81.1737,38.6876],[-81.1713,38.683],[-81.174,38.6809],[-81.1718,38.6759],[-81.1661,38.6767],[-81.1668,38.6745],[-81.1619,38.6728],[-81.1614,38.6711],[-81.1649,38.6683],[-81.1665,38.6641],[-81.1662,38.6608],[-81.1638,38.6601],[-81.1612,38.6621],[-81.1604,38.6589],[-81.1583,38.6584],[-81.1621,38.6556],[-81.1625,38.6522],[-81.1596,38.6489],[-81.1586,38.644],[-81.1552,38.6449],[-81.1494,38.6416],[-81.1467,38.6427],[-81.1414,38.6396],[-81.1316,38.6383],[-81.13,38.6349],[-81.1237,38.6309],[-81.1151,38.6313],[-81.1073,38.6395],[-81.1021,38.639],[-81.1017,38.6349],[-81.0975,38.6348],[-81.0964,38.633],[-81.0966,38.6286],[-81.0897,38.6284],[-81.0899,38.6258],[-81.0847,38.6235],[-81.0856,38.6214],[-81.0826,38.6178],[-81.0841,38.6155],[-81.0837,38.612],[-80.9849,38.7179],[-80.9884,38.7219],[-80.9889,38.7274],[-80.9922,38.7287],[-80.9916,38.7327],[-80.9939,38.7339],[-80.9936,38.7373],[-80.9969,38.7379],[-80.9964,38.7424],[-80.9991,38.7451],[-80.9974,38.7474],[-80.9994,38.7505],[-81.0038,38.7494],[-81.0058,38.7546],[-81.0133,38.7569],[-81.0142,38.7588],[-81.0203,38.7554],[-81.0198,38.7612],[-81.0224,38.7624],[-81.0224,38.7648],[-81.0246,38.7651],[-81.0263,38.7613],[-81.0313,38.7599],[-81.0324,38.762],[-81.0375,38.7622],[-81.0369,38.7657],[-81.0461,38.7707],[-81.0432,38.7763],[-81.0495,38.7757],[-81.0519,38.78],[-81.0528,38.7874],[-81.0515,38.7894],[-81.0567,38.7927],[-81.0536,38.7947]]],"type":"Polygon"},"properties":{"GEOID":"54013","NAME":"Calhoun County"},"type":"Feature"},
{"geometry":{"coordinates":[[[-81.0988,38.326],[-81.0289,38.3589],[-81.0047,38.3688],[-80.9998,38.3723],[-80.9114,38.4148],[-80.8174,38.4786],[-80.8253,38.4944],[-80.8646,38.5001],[-80.8686,38.5043],[-80.8725,38.5028],[-80.8787,38.504],[-80.8812,38.507],[-80.8816,38.5124],[-80.8891,38.5235],[-80.8883,38.5303],[-80.8901,38.5311],[-80.8894,38.5339],[-80.8915,38.5369],[-80.9065,38.5408],[-80.9085,38.543],[-80.9135,38.5423],[-80.9177,38.5448],[-80.9128,38.5477],[-80.915,38.5559],[-80.913,38.5632],[-80.9176,38.5677],[-80.925,38.5718],[-80.9263,38.5793],[-80.9299,38.5804],[-80.9299,38.5828],[-80.9319,38.5839],[-80.9358,38.5836],[-80.9463,38.5882],[-80.9478,38.5922],[-80.9551,38.5922],[-80.9577,38.5973],[-80.9617,38.5967],[-80.9665,38.5933],[-80.97,38.5932],[-80.9727,38.6009],[-80.9711,38.6107],[-80.9773,38.6107],[-80.979,38.6145],[-80.9789,38.6207],[-80.976,38.6251],[-81.0317,38.6678],[-81.0834,38.6123],[-81.1305,38.5662],[-81.2839,38.472],[-81.2544,38.3751],[-81.2314,38.2637],[-81.0988,38.326]]],"type":"Polygon"},"properties":{"GEOID":"54015","NAME":"Clay County"},"type":"Feature"},
{"geometry":{"coordinates":[[[-80.8164,39.3503],[-80.8294,39.3432],[-80.9138,39.2729],[-80.8478,39.1686],[-80.813,39.1094],[-80.7492,39.0998],[-80.701,39.0903],[-80.6981,39.0939],[-80.6984,39.0961],[-80.6907,39.1016],[-80.6911,39.1043],[-80.6871,39.1077],[-80.6876,39.1097],[-80.6812,39.112],[-80.6817,39.1212],[-80.6765,39.1221],[-80.6765,39.1248],[-80.6748,39.1259],[-80.6644,39.1297],[-80.6629,39.1378],[-80.6587,39.1385],[-80.6569,39.1411],[-80.653,39.1405],[-80.6507,39.1376],[-80.6474,39.1395],[-80.6443,39.1369],[-80.6423,39.1388],[-80.6393,39.1391],[-80.6373,39.1376],[-80.6335,39.1395],[-80.6296,39.1392],[-80.6236,39.1428],[-80.6211,39.1462],[-80.6225,39.1481],[-80.6171,39.1541],[-80.6048,39.1555],[-80.6029,39.1593],[-80.5998,39.1597],[-80.5969,39.1629],[-80.595,39.1687],[-80.5897,39.171],[-80.5918,39.1827],[-80.5796,39.1786],[-80.5756,39.1752],[-80.5615,39.1787],[-80.5581,39.1866],[-80.5584,39.1897],[-80.5544,39.1922],[-80.5512,39.1895],[-80.5511,39.1864],[-80.5479,39.1866],[-80.5411,39.1898],[-80.5409,39.1925],[-80.5382,39.1954],[-80.5323,39.1945],[-80.5284,39.1961],[-80.5281,39.1988],[-80.5324,39.2007],[-80.5277,39.203],[-80.5279,39.2055],[-80.5256,39.209],[-80.5293,39.212],[-80.5461,39.2165],[-80.5544,39.2142],[-80.5577,39.2185],[-80.5662,39.221],[-80.5661,39.2255],[-80.5681,39.2281],[-80.5654,39.2314],[-80.5608,39.2325],[-80.5593,39.2298],[-80.5515,39.2267],[-80.5477,39.2289],[-80.5471,39.2348],[-80.5513,39.2389],[-80.5557,39.2385],[-80.5571,39.2417],[-80.5629,39.243],[-80.5613,39.2459],[-80.5755,39.253],[-80.5765,39.2555],[-80.5841,39.2573],[-80.5874,39.2611],[-80.5858,39.2646],[-80.5881,39.267],[-80.5862,39.2701],[-80.5803,39.2722],[-80.5775,39.2763],[-80.5799,39.2777],[-80.5778,39.2822],[-80.5816,39.284],[-80.5871,39.2829],[-80.5905,39.2855],[-80.5937,39.2844],[-80.5964,39.2862],[-80.6025,39.284],[-80.6043,39.286],[-80.6025,39.288],[-80.6037,39.291],[-80.5961,39.2972],[-80.5926,39.3038],[-80.5862,39.3035],[-80.5847,39.3059],[-80.5852,39.3097],[-80.5815,39.3128],[-80.5824,39.3164],[-80.576,39.3153],[-80.5706,39.3195],[-80.5682,39.3184],[-80.5651,39.3199],[-80.5632,39.3252],[-80.564,39.327],[-80.5564,39.3345],[-80.5573,39.3371],[-80.5456,39.3452],[-80.5448,39.3518],[-80.5335,39.355],[-80.5339,39.3584],[-80.5318,39.3601],[-80.5364,39.364],[-80.5441,39.3665],[-80.5435,39.3704],[-80.54,39.3734],[-80.54,39.377],[-80.5428,39.3813],[-80.5396,39.3833],[-80.5382,39.3867],[-80.5427,39.3891],[-80.543,39.3938],[-80.5443,39.3959],[-80.5474,39.3966],[-80.548,39.4013],[-80.5477,39.4037],[-80.5391,39.4103],[-80.5379,39.4225],[-80.5437,39.4232],[-80.5431,39.4264],[-80.5459,39.4319],[-80.5508,39.434],[-80.5582,39.4329],[-80.5579,39.4373],[-80.5595,39.4393],[-80.5686,39.4395],[-80.5702,39.4362],[-80.5788,39.4345],[-80.5769,39.4385],[-80.5777,39.4448],[-80.5816,39.4477],[-80.5811,39.4506],[-80.5872,39.4514],[-80.5924,39.4489],[-80.5965,39.4497],[-80.5988,39.441],[-80.6017,39.4436],[-80.6058,39.4436],[-80.6095,39.4459],[-80.6095,39.4473],[-80.6146,39.4506],[-80.6186,39.4504],[-80.6189,39.4489],[-80.6325,39.4436],[-80.6369,39.447],[-80.6396,39.446],[-80.6413,39.4421],[-80.6485,39.443],[-80.6532,39.4414],[-80.6575,39.4387],[-80.6587,39.433],[-80.6671,39.4326],[-80.677,39.4276],[-80.6833,39.4308],[-80.694,39.4263],[-80.6944,39.4303],[-80.6972,39.4324],[-80.7043,39.4307],[-80.7063,39.4315],[-80.71,39.4293],[-80.7133,39.4303],[-80.7332,39.3955],[-80.8164,39.3503]]],"type":"Polygon"},"properties":{"GEOID":"54017","NAME":"Doddridge County"},"type":"Feature"},
{"geometry":{"coordinates":[[[-81.3083,37.9478],[-81.2981,37.9452],[-81.2951,37.9415],[-81.2966,37.9372],[-81.3013,37.9335],[-81.3014,37.9272],[-81.2982,37.9197],[-81.2992,37.9144],[-81.2975,37.9096],[-81.2942,37.9067],[-81.2987,37.8972],[-81.3005,37.8963],[-81.3004,37.8935],[-81.2951,37.8893],[-81.154,37.8809],[-81.0728,37.8737],[-81.0705,37.8661],[-81.0732,37.8604],[-81.0986,37.86],[-81.1008,37.8588],[-81.1004,37.855],[-81.0901,37.8496],[-81.0747,37.8537],[-81.0596,37.8554],[-81.0511,37.8583],[-81.0489,37.8562],[-81.0487,37.8516],[-81.0588,37.8419],[-81.0569,37.8354],[-81.0504,37.8334],[-81.0396,37.8337],[-81.0279,37.8296],[-80.9945,37.8308],[-80.9784,37.833],[-80.9674,37.8322],[-80.9589,37.8287],[-80.9451,37.8191],[-80.8064,37.8689],[-80.7489,37.8651],[-80.8109,37.9491],[-80.7699,37.9853],[-80.7852,37.9893],[-80.7889,37.9924],[-80.7905,37.9958],[-80.7862,38.0025],[-80.786,38.0062],[-80.7887,38.0108],[-80.7967,38.0175],[-80.7984,38.0263],[-80.8154,38.0287],[-80.8233,38.0273],[-80.8283,38.0317],[-80.8271,38.0346],[-80.8296,38.0385],[-80.8299,38.0431],[-80.8212,38.0436],[-80.8125,38.0471],[-80.8147,38.0516],[-80.8143,38.0554],[-80.8033,38.0594],[-80.8,38.0617],[-80.8001,38.0635],[-80.804,38.0647],[-80.8118,38.0626],[-80.8204,38.065],[-80.8273,38.0632],[-80.8327,38.0596],[-80.8346,38.0538],[-80.8403,38.0529],[-80.8548,38.0572],[-80.8618,38.0568],[-80.8761,38.0638],[-80.8811,38.071],[-80.8942,38.0804],[-80.8934,38.082],[-80.8872,38.0816],[-80.8834,38.0841],[-80.8821,38.0894],[-80.8848,38.0925],[-80.8827,38.0957],[-80.8822,38.1035],[-80.8765,38.11],[-80.8786,38.1134],[-80.8853,38.1163],[-80.8878,38.1216],[-80.8824,38.1306],[-80.8828,38.134],[-80.8858,38.1365],[-80.8875,38.1359],[-80.8926,38.1329],[-80.8939,38.129],[-80.9012,38.1225],[-80.9032,38.1228],[-80.9049,38.1282],[-80.9103,38.1324],[-80.9085,38.1433],[-80.9114,38.1442],[-80.9139,38.1421],[-80.92,38.1416],[-80.9279,38.1512],[-80.9407,38.1551],[-80.9439,38.1606],[-80.9438,38.1639],[-80.9498,38.168],[-80.9495,38.1703],[-80.9461,38.1724],[-80.951,38.1761],[-80.9507,38.1776],[-80.9447,38.1791],[-80.9415,38.1818],[-80.9428,38.1836],[-80.9466,38.1831],[-80.9485,38.1854],[-80.9441,38.1936],[-80.9464,38.196],[-80.9568,38.2026],[-80.9649,38.201],[-80.966,38.2084],[-80.9691,38.2153],[-80.9841,38.2226],[-81.0078,38.2214],[-81.0116,38.214],[-81.0073,38.2063],[-81.0139,38.2038],[-81.0183,38.2045],[-81.0197,38.2061],[-81.0191,38.2116],[-81.0207,38.2148],[-81.0348,38.2201],[-81.0327,38.225],[-81.0274,38.2301],[-81.0273,38.2341],[-81.0295,38.2382],[-81.0356,38.2403],[-81.0391,38.2389],[-81.0366,38.2325],[-81.0383,38.2285],[-81.0487,38.223],[-81.0597,38.2218],[-81.0587,38.2193],[-81.0526,38.2174],[-81.0512,38.2126],[-81.0575,38.2106],[-81.066,38.2119],[-81.0696,38.2109],[-81.0716,38.2085],[-81.0714,38.206],[-81.0654,38.2002],[-81.0687,38.1967],[-81.0747,38.1961],[-81.0836,38.1994],[-81.0845,38.2043],[-81.0946,38.2047],[-81.1015,38.2101],[-81.1108,38.2135],[-81.1172,38.2221],[-81.1231,38.2249],[-81.1276,38.2312],[-81.1336,38.2355],[-81.1434,38.2363],[-81.152,38.2268],[-81.1544,38.2263],[-81.1615,38.2272],[-81.1701,38.232],[-81.1764,38.2337],[-81.1889,38.2316],[-81.1928,38.229],[-81.1946,38.233],[-81.1856,38.2372],[-81.1937,38.2415],[-81.191,38.2462],[-81.1924,38.2495],[-81.2043,38.2489],[-81.2105,38.2513],[-81.2148,38.2551],[-81.2207,38.2544],[-81.2221,38.2557],[-81.2203,38.2574],[-81.2206,38.2619],[-81.2315,38.2634],[-81.315,38.1805],[-81.3215,38.1835],[-81.3293,38.1824],[-81.329,38.1769],[-81.3268,38.1745],[-81.3332,38.1613],[-81.3808,37.969],[-81.3798,37.9682],[-81.3726,37.9713],[-81.3699,37.9704],[-81.3667,37.9729],[-81.362,37.9713],[-81.3546,37.9736],[-81.3525,37.976],[-81.347,37.9767],[-81.3464,37.9737],[-81.3429,37.9698],[-81.3402,37.9689],[-81.3374,37.9701],[-81.3327,37.9669],[-81.3285,37.9667],[-81.3271,37.9633],[-81.3289,37.9608],[-81.3271,37.9568],[-81.3222,37.9523],[-81.3095,37.9499],[-81.3083,37.9478]]],"type":"Polygon"},"properties":{"GEOID":"54019","NAME":"Fayette County"},"type":"Feature"},
{"geometry":{"coordinates":[[[-80.7571,38.8468],[-80.7015,38.879],[-80.6927,38.8803],[-80.6699,38.8928],[-80.6726,38.889],[-80.6693,38.8881],[-80.6693,38.8854],[-80.6659,38.8818],[-80.6595,38.8829],[-80.6591,38.8881],[-80.6521,38.8897],[-80.6471,38.8862],[-80.641,38.8848],[-80.6397,38.8856],[-80.6403,38.8898],[-80.6379,38.8919],[-80.6339,38.8925],[-80.6339,38.895],[-80.6312,38.8976],[-80.6226,38.8975],[-80.6199,38.9026],[-80.6127,38.9021],[-80.6088,38.905],[-80.6058,38.9042],[-80.7168,39.0084],[-80.7289,39.0835],[-80.7283,39.0957],[-80.813,39.1094],[-80.8122,39.1065],[-80.8089,39.1043],[-80.8116,39.1024],[-80.811,39.0989],[-80.8181,39.0966],[-80.8188,39.0916],[-80.8228,39.0916],[-80.8234,39.0931],[-80.8281,39.0921],[-80.8319,39.0887],[-80.8313,39.0854],[-80.8365,39.0819],[-80.8408,39.0825],[-80.843,39.0848],[-80.8546,39.0839],[-80.8546,39.0817],[-80.8518,39.0797],[-80.8583,39.0769],[-80.859,39.0736],[-80.8629,39.0713],[-80.8676,39.0738],[-80.8716,39.0727],[-80.8737,39.0743],[-80.877,39.0739],[-80.8785,39.0729],[-80.8774,39.0687],[-80.8814,39.0682],[-80.8855,39.0638],[-80.8878,39.0649],[-80.8898,39.0647],[-80.8908,39.0625],[-80.8951,39.0638],[-80.8975,39.0628],[-80.8984,39.0604],[-80.8968,39.0575],[-80.8981,39.0556],[-80.9051,39.0536],[-80.9062,39.0504],[-80.9116,39.0462],[-80.9143,39.0473],[-80.9193,39.0434],[-80.9232,39.0433],[-80.926,39.0451],[-80.9289,39.0434],[-80.9366,39.0447],[-80.9381,39.0428],[-80.9427,39.0426],[-80.9498,39.039],[-80.9553,39.0387],[-80.9582,39.0369],[-80.9602,39.038],[-80.9657,39.0353],[-80.9639,39.0317],[-80.9666,39.0309],[-80.9672,39.029],[-80.9709,39.0274],[-80.9755,39.0286],[-80.9821,39.0261],[-80.9821,39.0202],[-80.9903,39.0206],[-80.9956,39.0141],[-80.9985,39.0134],[-80.9983,39.0113],[-81.0025,39.0096],[-81.0047,39.0116],[-81.0072,39.0088],[-81.0148,39.0093],[-81.0169,39.0109],[-81.0231,39.0082],[-81.0264,39.0099],[-81.0248,39.0125],[-81.0283,39.0126],[-81.0307,39.0102],[-81.0377,39.0076],[-81.0363,39.0042],[-81.0323,39.0023],[-81.0316,39.0001],[-81.036,38.9967],[-81.0346,38.9948],[-81.0362,38.993],[-81.0338,38.9884],[-81.0344,38.9869],[-81.0322,38.9845],[-81.0281,38.9843],[-81.026,38.982],[-81.0234,38.982],[-81.021,38.9849],[-81.02,38.9841],[-81.021,38.9826],[-81.0188,38.9805],[-81.0205,38.9789],[-81.013,38.9743],[-81.0115,38.9698],[-81.0075,38.9692],[-81.0083,38.9659],[-81.0049,38.9649],[-81.0058,38.9634],[-81.0035,38.961],[-81.0111,38.9575],[-81.0089,38.9526],[-81.0058,38.9513],[-81.0044,38.948],[-81.0069,38.9443],[-81.0062,38.9401],[-81.0033,38.9393],[-81.0026,38.9324],[-81.0068,38.9308],[-81.0049,38.9293],[-81.0054,38.9274],[-81.0136,38.9233],[-81.0122,38.9219],[-81.0139,38.9198],[-81.013,38.9166],[-81.0103,38.9166],[-81.0083,38.9146],[-81.0107,38.9106],[-81.0091,38.9004],[-81.0077,38.9003],[-81.0025,38.8464],[-81.0085,38.8445],[-81.0124,38.8401],[-81.0123,38.8388],[-81.0095,38.8387],[-81.0089,38.8366],[-81.0135,38.8314],[-81.0119,38.8283],[-81.0133,38.8245],[-81.0121,38.8221],[-81.0222,38.8164],[-81.027,38.8162],[-81.0298,38.8142],[-81.0298,38.8122],[-81.0353,38.8097],[-81.0312,38.8092],[-81.0302,38.8074],[-81.0321,38.807],[-81.0328,38.8042],[-81.0382,38.8047],[-81.0395,38.8003],[-81.0567,38.7927],[-81.0515,38.7894],[-81.0528,38.7874],[-81.0522,38.7816],[-81.0495,38.7757],[-81.0432,38.7763],[-81.0461,38.7707],[-81.0369,38.7657],[-81.0375,38.7622],[-81.0324,38.762],[-81.0313,38.7599],[-81.0263,38.7613],[-81.0246,38.7651],[-81.0224,38.7648],[-81.0224,38.7624],[-81.0198,38.7612],[-81.0203,38.7554],[-81.0142,38.7588],[-81.0133,38.7569],[-81.0058,38.7546],[-81.0038,38.7494],[-80.9994,38.7505],[-80.9974,38.7474],[-80.9991,38.7451],[-80.9964,38.7424],[-80.9969,38.7379],[-80.9936,38.7373],[-80.9939,38.7339],[-80.9916,38.7327],[-80.9922,38.7287],[-80.9889,38.7274],[-80.9884,38.7219],[-80.9849,38.7179],[-80.8507,38.7922],[-80.7571,38.8468]]],"type":"Polygon"},"properties":{"GEOID":"54021","NAME":"Gilmer County"},"type":"Feature"},
{"geometry":{"coordinates":[[[-79.0895,39.0383],[-79.0729,39.0652],[-79.0785,39.0696],[-79.0779,39.0722],[-79.0684,39.0761],[-79.0656,39.0802],[-79.066,39.0871],[-79.0574,39.0909],[-79.051,39.1005],[-79.0543,39.1014],[-79.053,39.1045],[-79.0371,39.1193],[-79.0393,39.123],[-79.0389,39.1304],[-79.031,39.1378],[-79.0288,39.1418],[-79.0346,39.1442],[-79.0361,39.15],[-79.0273,39.1595],[-79.0241,39.1662],[-79.0244,39.1693],[-79.0163,39.1752],[-79.0104,39.1825],[-79.0109,39.1848],[-79.0085,39.1888],[-79.0016,39.1952],[-79.0028,39.1995],[-78.9976,39.2055],[-78.9962,39.2097],[-78.9971,39.2129],[-78.9927,39.2166],[-78.9925,39.2203],[-78.9885,39.2272],[-78.9799,39.2376],[-79.1345,39.3125],[-79.2382,39.3221],[-79.2746,39.3276],[-79.2825,39.3228],[-79.2839,39.3098],[-79.2902,39.3035],[-79.2904,39.2995],[-79.3034,39.2996],[-79.3139,39.3047],[-79.317,39.304],[-79.3213,39.3],[-79.3262,39.3011],[-79.3326,39.3001],[-79.3404,39.2937],[-79.346,39.294],[-79.3474,39.2911],[-79.3437,39.2871],[-79.3449,39.285],[-79.3513,39.2851],[-79.3523,39.2802],[-79.3575,39.2763],[-79.376,39.2732],[-79.3788,39.2718],[-79.3819,39.2669],[-79.3873,39.2678],[-79.3874,39.2635],[-79.3903,39.2614],[-79.3933,39.2616],[-79.395,39.2571],[-79.3996,39.255],[-79.3984,39.2534],[-79.3997,39.2515],[-79.4095,39.2462],[-79.4083,39.2451],[-79.4122,39.2402],[-79.4203,39.2389],[-79.4207,39.2354],[-79.4252,39.2345],[-79.4241,39.2274],[-79.4257,39.2253],[-79.433,39.2239],[-79.4406,39.2165],[-79.4474,39.2157],[-79.4533,39.2105],[-79.4606,39.2116],[-79.4674,39.2088],[-79.4696,39.2072],[-79.4698,39.2037],[-79.4729,39.2021],[-79.4869,39.2059],[-79.4862,39.1916],[-79.4758,39.1849],[-79.4738,39.1817],[-79.4675,39.1788],[-79.463,39.1822],[-79.4435,39.1854],[-79.4422,39.1917],[-79.4351,39.1918],[-79.4288,39.1867],[-79.4234,39.1911],[-79.4144,39.1887],[-79.4058,39.1912],[-79.4009,39.1903],[-79.3929,39.1929],[-79.3928,39.1967],[-79.3901,39.1999],[-79.3821,39.2002],[-79.3816,39.2042],[-79.3779,39.2047],[-79.3747,39.2027],[-79.3703,39.2038],[-79.3696,39.2014],[-79.3651,39.1994],[-79.3588,39.2036],[-79.3574,39.2081],[-79.3485,39.207],[-79.3437,39.2142],[-79.3332,39.2148],[-79.3261,39.2118],[-79.3235,39.208],[-79.3177,39.2124],[-79.3138,39.2103],[-79.3095,39.211],[-79.3055,39.2081],[-79.3052,39.2046],[-79.3017,39.2036],[-79.2967,39.1984],[-79.2938,39.1925],[-79.2895,39.1886],[-79.2968,39.1885],[-79.2987,39.1857],[-79.3082,39.1823],[-79.313,39.1774],[-79.311,39.1733],[-79.312,39.1698],[-79.3222,39.1641],[-79.3237,39.1581],[-79.328,39.1548],[-79.3318,39.1478],[-79.3311,39.1399],[-79.3268,39.1355],[-79.3266,39.1328],[-79.3294,39.1296],[-79.336,39.1272],[-79.3352,39.1238],[-79.3314,39.1217],[-79.3313,39.1188],[-79.3456,39.1092],[-79.3469,39.1008],[-79.3495,39.0989],[-79.3482,39.0937],[-79.3555,39.0865],[-79.3341,39.0827],[-79.3274,39.0738],[-79.3147,39.0702],[-79.3066,39.077],[-79.2982,39.0732],[-79.2988,39.0688],[-79.3024,39.0638],[-79.3013,39.0602],[-79.3042,39.0503],[-79.3038,39.047],[-79.3086,39.0413],[-79.3135,39.0421],[-79.3179,39.0372],[-79.3145,39.0328],[-79.3107,39.0315],[-79.311,39.0247],[-79.3123,39.0192],[-79.3204,39.0122],[-79.3198,39.0018],[-79.3256,38.9992],[-79.329,38.9953],[-79.3305,38.9826],[-79.3368,38.977],[-79.3416,38.9688],[-79.3577,38.9645],[-79.3221,38.9378],[-79.2266,38.8758],[-79.1343,38.8133],[-79.1244,38.8243],[-79.1245,38.8262],[-79.1129,38.8344],[-79.0938,38.8603],[-79.083,38.8693],[-79.0808,38.877],[-79.085,38.8804],[-79.0835,38.8843],[-79.0861,38.8939],[-79.079,38.898],[-79.0745,38.8986],[-79.0483,38.9244],[-79.046,38.9287],[-79.0826,39.0021],[-79.0807,39.007],[-79.0831,39.0091],[-79.0827,39.0161],[-79.0778,39.0218],[-79.0895,39.0383]]],"type":"Polygon"},"properties":{"GEOID":"54023","NAME":"Grant County"},"type":"Feature"},
{"geometry":{"coordinates":[[[-80.8942,38.081],[-80.8916,38.0775],[-80.8811,38.071],[-80.8761,38.0638],[-80.8618,38.0568],[-80.855,38.0573],[-80.8374,38.0531],[-80.8346,38.0538],[-80.8327,38.0596],[-80.8273,38.0632],[-80.8204,38.065],[-80.8118,38.0626],[-80.804,38.0647],[-80.8001,38.0635],[-80.8,38.0617],[-80.8033,38.0594],[-80.8143,38.0554],[-80.8147,38.0516],[-80.8125,38.0471],[-80.8212,38.0436],[-80.8299,38.0431],[-80.8296,38.0385],[-80.8271,38.0346],[-80.8283,38.0317],[-80.8233,38.0273],[-80.8154,38.0287],[-80.7984,38.0263],[-80.7967,38.0175],[-80.7887,38.0108],[-80.786,38.0062],[-80.7862,38.0025],[-80.7905,37.9958],[-80.7889,37.9924],[-80.7852,37.9893],[-80.7699,37.9853],[-80.8109,37.9491],[-80.7489,37.8651],[-80.8063,37.8689],[-80.7514,37.8358],[-80.7317,37.8196],[-80.7265,37.8121],[-80.6682,37.763],[-80.6633,37.7317],[-80.6548,37.7273],[-80.63,37.723],[-80.6202,37.7167],[-80.6144,37.7172],[-80.5086,37.6915],[-80.5067,37.6912],[-80.5051,37.6946],[-80.5009,37.695],[-80.4981,37.6944],[-80.4959,37.6912],[-80.4926,37.6941],[-80.4889,37.6915],[-80.4849,37.6942],[-80.4799,37.6925],[-80.4741,37.6969],[-80.473,37.6934],[-80.4606,37.6922],[-80.4601,37.6902],[-80.4627,37.6876],[-80.4517,37.6839],[-80.449,37.6864],[-80.4434,37.6875],[-80.4422,37.6896],[-80.4302,37.6949],[-80.4222,37.7019],[-80.4153,37.7003],[-80.415,37.7031],[-80.412,37.7061],[-80.406,37.7075],[-80.3946,37.7169],[-80.391,37.7137],[-80.3941,37.7107],[-80.3927,37.7083],[-80.3951,37.7042],[-80.3934,37.7022],[-80.3859,37.7075],[-80.3808,37.7073],[-80.3823,37.7037],[-80.3816,37.6991],[-80.3853,37.6928],[-80.3775,37.6858],[-80.3745,37.6858],[-80.3713,37.6912],[-80.3695,37.6917],[-80.3617,37.6896],[-80.3566,37.6969],[-80.3517,37.7088],[-80.3398,37.7043],[-80.3411,37.7019],[-80.348,37.6976],[-80.3479,37.694],[-80.3363,37.6876],[-80.3183,37.6858],[-80.2961,37.6918],[-80.2954,37.6934],[-80.2871,37.6964],[-80.2766,37.7055],[-80.2723,37.7113],[-80.2681,37.7129],[-80.2644,37.7188],[-80.2581,37.7206],[-80.2522,37.7273],[-80.252,37.7298],[-80.2603,37.7335],[-80.2628,37.7383],[-80.2593,37.745],[-80.2603,37.7499],[-80.2574,37.7561],[-80.2509,37.7555],[-80.2494,37.7573],[-80.2517,37.7632],[-80.2484,37.7683],[-80.242,37.7677],[-80.2409,37.7724],[-80.2359,37.7731],[-80.2298,37.7785],[-80.2271,37.7789],[-80.2252,37.7769],[-80.2218,37.7783],[-80.2166,37.776],[-80.2159,37.782],[-80.2191,37.7834],[-80.2235,37.7824],[-80.2245,37.7846],[-80.223,37.7867],[-80.2295,37.7923],[-80.2277,37.7979],[-80.2186,37.8098],[-80.2162,37.8098],[-80.2065,37.816],[-80.2029,37.8242],[-80.193,37.8347],[-80.1794,37.8398],[-80.1836,37.8468],[-80.1828,37.8514],[-80.1814,37.8529],[-80.1767,37.8528],[-80.1762,37.8553],[-80.1716,37.859],[-80.172,37.8621],[-80.169,37.8671],[-80.1651,37.869],[-80.1654,37.8709],[-80.1622,37.8751],[-80.1498,37.8834],[-80.149,37.8869],[-80.1415,37.8824],[-80.138,37.8863],[-80.1319,37.8895],[-80.1298,37.8942],[-80.1236,37.8979],[-80.1206,37.8967],[-80.1177,37.8977],[-80.119,37.9036],[-80.1115,37.9105],[-80.1072,37.9124],[-80.1029,37.9189],[-80.0966,37.9181],[-80.0911,37.9269],[-80.0761,37.9389],[-80.0745,37.9422],[-80.0561,37.952],[-80.0469,37.9601],[-80.0445,37.9601],[-80.0404,37.9656],[-80.0369,37.9659],[-80.036,37.9682],[-80.0221,37.978],[-80.0206,37.9807],[-80.0131,37.9843],[-80.0122,37.9886],[-79.9994,37.9949],[-79.9989,37.9997],[-79.9964,38.0006],[-79.9949,38.0041],[-79.9955,38.0071],[-79.9901,38.0132],[-79.9861,38.0142],[-79.9848,38.0166],[-79.9856,38.0192],[-79.9803,38.0276],[-79.9753,38.0301],[-79.9741,38.0344],[-79.9716,38.0352],[-79.9739,38.04],[-79.9661,38.0508],[-79.9598,38.0637],[-80.1069,38.0558],[-80.1691,38.0361],[-80.1785,38.0401],[-80.1842,38.0408],[-80.1886,38.0391],[-80.193,38.0423],[-80.1978,38.0429],[-80.2059,38.0376],[-80.2104,38.0371],[-80.217,38.0427],[-80.2222,38.0438],[-80.2243,38.0421],[-80.2647,38.0466],[-80.3633,38.1143],[-80.36,38.2258],[-80.4365,38.2673],[-80.5327,38.1986],[-80.6907,38.0916],[-80.712,38.0791],[-80.7498,38.0863],[-80.8822,38.1035],[-80.8827,38.0957],[-80.8848,38.0925],[-80.8821,38.0894],[-80.8834,38.0841],[-80.8872,38.0816],[-80.8942,38.081]]],"type":"Polygon"},"properties":{"GEOID":"54025","NAME":"Greenbrier County"},"type":"Feature"},
{"geometry":{"coordinates":[[[-78.9799,39.2376],[-78.899,39.1989],[-78.8422,39.1843],[-78.733,39.1499],[-78.6914,39.1466],[-78.6697,39.1369],[-78.6667,39.1296],[-78.6569,39.1257],[-78.6399,39.127],[-78.6306,39.124],[-78.6236,39.1185],[-78.6023,39.1404],[-78.5613,39.1314],[-78.5505,39.1242],[-78.5482,39.1192],[-78.5463,39.1194],[-78.5401,39.1145],[-78.5383,39.1152],[-78.5367,39.1087],[-78.5295,39.1073],[-78.5257,39.1023],[-78.522,39.1007],[-78.5217,39.0975],[-78.5161,39.0967],[-78.5152,39.095],[-78.5169,39.0928],[-78.5081,39.0886],[-78.4952,39.101],[-78.4843,39.1074],[-78.4784,39.1098],[-78.4754,39.1075],[-78.4667,39.1129],[-78.4599,39.1134],[-78.4394,39.1321],[-78.4367,39.1417],[-78.4273,39.1527],[-78.4139,39.1584],[-78.4037,39.1675],[-78.407,39.1709],[-78.4131,39.1736],[-78.4148,39.1778],[-78.4189,39.1774],[-78.424,39.1825],[-78.4263,39.1828],[-78.4287,39.1872],[-78.4243,39.1922],[-78.4249,39.1933],[-78.4264,39.1941],[-78.4287,39.1926],[-78.4308,39.1962],[-78.4387,39.1981],[-78.4205,39.2148],[-78.4056,39.2312],[-78.4042,39.2412],[-78.3997,39.2439],[-78.4091,39.2526],[-78.4194,39.2575],[-78.4028,39.2755],[-78.4018,39.2768],[-78.4029,39.2786],[-78.3999,39.2813],[-78.3979,39.2806],[-78.3934,39.283],[-78.3859,39.2949],[-78.3672,39.3101],[-78.364,39.3156],[-78.3641,39.3188],[-78.36,39.3178],[-78.3557,39.3272],[-78.3463,39.3391],[-78.3455,39.341],[-78.3474,39.3434],[-78.3437,39.3467],[-78.3413,39.3456],[-78.3393,39.3486],[-78.3404,39.3536],[-78.3669,39.3593],[-78.3548,39.3716],[-78.3432,39.3888],[-78.3509,39.391],[-78.3494,39.3973],[-78.3579,39.4042],[-78.3599,39.409],[-78.3569,39.4169],[-78.3512,39.4206],[-78.3467,39.4276],[-78.3532,39.4368],[-78.3465,39.4426],[-78.3473,39.4477],[-78.3451,39.4595],[-78.3498,39.4618],[-78.3471,39.466],[-78.3986,39.4837],[-78.4377,39.5001],[-78.4683,39.5166],[-78.4748,39.5162],[-78.4836,39.5195],[-78.49,39.5176],[-78.5033,39.5186],[-78.5231,39.5249],[-78.5661,39.5194],[-78.5786,39.5267],[-78.5876,39.5277],[-78.5921,39.5315],[-78.59,39.5358],[-78.5921,39.537],[-78.6026,39.532],[-78.6069,39.5352],[-78.6231,39.5397],[-78.6287,39.5394],[-78.6303,39.5371],[-78.6579,39.535],[-78.6904,39.5028],[-78.7036,39.4975],[-78.7298,39.4632],[-78.7368,39.4639],[-78.7393,39.4572],[-78.7497,39.4553],[-78.7576,39.4436],[-78.7633,39.4472],[-78.7666,39.4475],[-78.7735,39.4429],[-78.7744,39.4389],[-78.7785,39.4336],[-78.7825,39.431],[-78.7843,39.4274],[-78.7896,39.4246],[-78.7889,39.4184],[-78.7938,39.4046],[-78.8107,39.3766],[-78.8208,39.3694],[-78.8269,39.3587],[-78.8297,39.3565],[-78.8325,39.3569],[-78.8342,39.3523],[-78.8413,39.3516],[-78.8509,39.3309],[-78.859,39.3296],[-78.86,39.3278],[-78.8638,39.3281],[-78.8669,39.3259],[-78.8721,39.3273],[-78.8811,39.3258],[-78.8837,39.3284],[-78.8968,39.3138],[-78.919,39.297],[-78.9236,39.2905],[-78.9235,39.2847],[-78.9266,39.2789],[-78.9335,39.2761],[-78.9397,39.269],[-78.9461,39.2649],[-78.9534,39.2645],[-78.9567,39.2627],[-78.9763,39.2433],[-78.9799,39.2376]]],"type":"Polygon"},"properties":{"GEOID":"54027","NAME":"Hampshire County"},"type":"Feature"},
{"geometry":{"coordinates":[[[-80.5753,40.3997],[-80.518,40.3996],[-80.519,40.6388],[-80.5257,40.6361],[-80.5327,40.6356],[-80.5511,40.6288],[-80.5607,40.6237],[-80.5676,40.6177],[-80.5767,40.6142],[-80.5836,40.6155],[-80.592,40.6225],[-80.5988,40.6253],[-80.6272,40.6199],[-80.6344,40.6161],[-80.6517,40.5977],[-80.6635,40.5908],[-80.6678,40.5835],[-80.6669,40.5737],[-80.6627,40.57],[-80.6644,40.57],[-80.6524,40.5625],[-80.6331,40.5387],[-80.6275,40.5358],[-80.618,40.502],[-80.6154,40.5019],[-80.6136,40.4986],[-80.6157,40.499],[-80.6137,40.4957],[-80.6087,40.4896],[-80.5992,40.4826],[-80.5954,40.4753],[-80.596,40.4634],[-80.6122,40.4348],[-80.6125,40.4117],[-80.6143,40.4087],[-80.6123,40.4028],[-80.6152,40.3999],[-80.6161,40.401],[-80.6297,40.395],[-80.5753,40.3997]]],"type":"Polygon"},"properties":{"GEOID":"54029","NAME":"Hancock County"},"type":"Feature"},
{"geometry":{"coordinates":[[[-78.9913,38.8483],[-78.8693,38.763],[-78.8498,38.793],[-78.8291,38.8186],[-78.7963,38.8751],[-78.7916,38.8776],[-78.786,38.8872],[-78.7792,38.8923],[-78.7728,38.8937],[-78.7694,38.8971],[-78.7591,38.9005],[-78.7545,38.9057],[-78.7537,38.9096],[-78.7504,38.9117],[-78.7505,38.916],[-78.7445,38.9201],[-78.7391,38.9271],[-78.7224,38.9314],[-78.7171,38.936],[-78.7201,38.9239],[-78.7193,38.9157],[-78.7208,38.9136],[-78.7193,38.9052],[-78.7166,38.9045],[-78.7043,38.9152],[-78.6974,38.9144],[-78.6883,38.9248],[-78.6805,38.9253],[-78.6707,38.9338],[-78.6659,38.9416],[-78.6591,38.9474],[-78.6524,38.9607],[-78.6466,38.9681],[-78.6384,38.9668],[-78.6325,38.9747],[-78.6308,38.9796],[-78.6278,38.9818],[-78.6205,38.9826],[-78.6187,38.9741],[-78.6112,38.9761],[-78.6102,38.9705],[-78.6017,38.9646],[-78.5989,38.9695],[-78.5933,38.9719],[-78.5889,38.977],[-78.5805,38.9906],[-78.5705,39.0016],[-78.5505,39.0181],[-78.5574,39.0214],[-78.5596,39.0245],[-78.5658,39.0263],[-78.5719,39.032],[-78.5402,39.0606],[-78.5227,39.0711],[-78.5168,39.0776],[-78.5165,39.0818],[-78.5107,39.0852],[-78.5081,39.0886],[-78.5169,39.0928],[-78.5152,39.095],[-78.5161,39.0967],[-78.5217,39.0975],[-78.522,39.1007],[-78.5257,39.1023],[-78.5295,39.1073],[-78.5367,39.1087],[-78.5383,39.1152],[-78.5401,39.1145],[-78.5463,39.1194],[-78.5482,39.1192],[-78.5505,39.1242],[-78.5613,39.1314],[-78.6023,39.1404],[-78.6236,39.1185],[-78.6306,39.124],[-78.6399,39.127],[-78.6569,39.1257],[-78.6667,39.1296],[-78.6697,39.1369],[-78.6914,39.1466],[-78.733,39.1499],[-78.8422,39.1843],[-78.899,39.1989],[-78.9799,39.2376],[-78.9885,39.2272],[-78.9925,39.2203],[-78.9927,39.2166],[-78.9971,39.2129],[-78.9962,39.2097],[-78.9976,39.2055],[-79.0028,39.1995],[-79.0016,39.1952],[-79.0085,39.1888],[-79.0109,39.1848],[-79.0104,39.1825],[-79.0163,39.1752],[-79.0244,39.1693],[-79.0241,39.1662],[-79.0273,39.1595],[-79.0361,39.15],[-79.0346,39.1442],[-79.0288,39.1418],[-79.031,39.1378],[-79.0389,39.1304],[-79.0393,39.123],[-79.0371,39.1193],[-79.053,39.1045],[-79.0543,39.1014],[-79.051,39.1005],[-79.0574,39.0909],[-79.066,39.0871],[-79.0656,39.0802],[-79.0684,39.0761],[-79.0779,39.0722],[-79.0785,39.0696],[-79.0729,39.0652],[-79.0897,39.0382],[-79.0778,39.0218],[-79.0827,39.0161],[-79.0831,39.0091],[-79.0807,39.007],[-79.0826,39.0021],[-79.0461,38.9284],[-79.0483,38.9244],[-79.0745,38.8986],[-79.079,38.898],[-79.0861,38.8939],[-79.0835,38.8843],[-79.085,38.8804],[-79.0808,38.877],[-79.083,38.8693],[-79.0938,38.8603],[-79.1129,38.8344],[-79.1245,38.8262],[-79.1244,38.8243],[-79.1343,38.8133],[-79.0573,38.7614],[-79.0557,38.7709],[-79.0513,38.7736],[-79.0517,38.778],[-79.0557,38.783],[-79.055,38.7857],[-79.0466,38.7921],[-79.0303,38.791],[-79.0273,38.7921],[-79.023,38.7986],[-79.0241,38.8092],[-79.0198,38.8117],[-79.0195,38.8179],[-79.0066,38.8237],[-79.0024,38.8365],[-78.999,38.8401],[-79.0002,38.8456],[-78.994,38.8501],[-78.9913,38.8483]]],"type":"Polygon"},"properties":{"GEOID":"54031","NAME":"Hardy County"},"type":"Feature"},
{"geometry":{"coordinates":[[[-80.2023,39.3384],[-80.2023,39.3735],[-80.2001,39.373],[-80.1989,39.3757],[-80.2029,39.3765],[-80.2051,39.3819],[-80.2033,39.3827],[-80.2039,39.3853],[-80.2004,39.3851],[-80.2027,39.3901],[-80.1973,39.3932],[-80.2703,39.4301],[-80.2798,39.4329],[-80.2825,39.4357],[-80.2898,39.4322],[-80.2908,39.4358],[-80.2935,39.4342],[-80.4941,39.4696],[-80.494,39.4611],[-80.5141,39.4578],[-80.5152,39.4523],[-80.5188,39.4491],[-80.5194,39.4464],[-80.5178,39.443],[-80.5193,39.439],[-80.5156,39.4377],[-80.5186,39.435],[-80.5267,39.4311],[-80.5332,39.4335],[-80.5361,39.4309],[-80.5417,39.4307],[-80.5447,39.4286],[-80.5431,39.4264],[-80.5437,39.4232],[-80.5379,39.4225],[-80.5376,39.4197],[-80.5393,39.4167],[-80.5378,39.4147],[-80.5391,39.4103],[-80.5477,39.4037],[-80.5474,39.3966],[-80.5443,39.3959],[-80.5427,39.3891],[-80.5382,39.3867],[-80.5396,39.3833],[-80.5428,39.3813],[-80.54,39.377],[-80.54,39.3734],[-80.5444,39.3677],[-80.5326,39.3612],[-80.5335,39.355],[-80.5448,39.3518],[-80.5456,39.3452],[-80.5573,39.3371],[-80.5564,39.3345],[-80.564,39.327],[-80.5632,39.3252],[-80.5651,39.3199],[-80.5682,39.3184],[-80.5706,39.3195],[-80.576,39.3153],[-80.5824,39.3164],[-80.5815,39.3128],[-80.5852,39.3097],[-80.5847,39.3059],[-80.5862,39.3035],[-80.5926,39.3038],[-80.5961,39.2972],[-80.6037,39.291],[-80.6025,39.288],[-80.6043,39.286],[-80.6025,39.284],[-80.5964,39.2862],[-80.5937,39.2844],[-80.5905,39.2855],[-80.5871,39.2829],[-80.5816,39.284],[-80.5778,39.2822],[-80.5799,39.2777],[-80.5775,39.2763],[-80.5803,39.2722],[-80.5862,39.2701],[-80.5881,39.267],[-80.5858,39.2646],[-80.5874,39.2611],[-80.5841,39.2573],[-80.5765,39.2555],[-80.5755,39.253],[-80.5613,39.2459],[-80.5629,39.243],[-80.5571,39.2417],[-80.5557,39.2385],[-80.5513,39.2389],[-80.5471,39.2348],[-80.5477,39.2289],[-80.5515,39.2267],[-80.5593,39.2298],[-80.5608,39.2325],[-80.5654,39.2314],[-80.5681,39.2281],[-80.5661,39.2255],[-80.5662,39.221],[-80.5577,39.2185],[-80.5544,39.2142],[-80.5461,39.2165],[-80.5293,39.212],[-80.5256,39.209],[-80.5279,39.2055],[-80.5277,39.203],[-80.5324,39.2007],[-80.5281,39.1988],[-80.5283,39.1964],[-80.5323,39.1945],[-80.5382,39.1954],[-80.5409,39.1925],[-80.5411,39.1898],[-80.5479,39.1866],[-80.5511,39.1864],[-80.5512,39.1895],[-80.5544,39.1922],[-80.5584,39.1897],[-80.5581,39.1866],[-80.5615,39.1787],[-80.5756,39.1752],[-80.5796,39.1786],[-80.5918,39.1827],[-80.5897,39.1713],[-80.5961,39.1671],[-80.5941,39.1664],[-80.587,39.1688],[-80.5778,39.1677],[-80.5624,39.1605],[-80.551,39.1596],[-80.5484,39.1579],[-80.5462,39.1514],[-80.539,39.15],[-80.5362,39.1475],[-80.5341,39.1484],[-80.5183,39.1459],[-80.5172,39.1479],[-80.5116,39.1468],[-80.5074,39.1494],[-80.4966,39.1485],[-80.494,39.1457],[-80.4868,39.1486],[-80.485,39.1479],[-80.486,39.146],[-80.4802,39.1446],[-80.4733,39.1471],[-80.4709,39.1449],[-80.4669,39.1455],[-80.4585,39.1393],[-80.4544,39.1411],[-80.4547,39.1389],[-80.3013,39.104],[-80.2488,39.1008],[-80.2404,39.1131],[-80.2362,39.1146],[-80.2342,39.1135],[-80.2287,39.1144],[-80.2272,39.1128],[-80.2247,39.142],[-80.2267,39.1514],[-80.2247,39.171],[-80.1664,39.2423],[-80.1876,39.2671],[-80.1921,39.2668],[-80.1956,39.27],[-80.1995,39.2707],[-80.2005,39.2765],[-80.2025,39.2783],[-80.2023,39.3384]]],"type":"Polygon"},"properties":{"GEOID":"54033","NAME":"Harrison County"},"type":"Feature"},
{"geometry":{"coordinates":[[[-81.8142,39.0735],[-81.8118,39.0599],[-81.8034,39.0477],[-81.7729,39.0262],[-81.7643,39.0153],[-81.7652,39.0026],[-81.7741,38.9937],[-81.7767,38.9851],[-81.7757,38.9807],[-81.7799,38.9728],[-81.7818,38.9649],[-81.7788,38.9559],[-81.7677,38.9469],[-81.761,38.938],[-81.757,38.9372],[-81.7561,38.9335],[-81.7585,38.9279],[-81.7662,38.9229],[-81.7777,38.9239],[-81.7934,38.9302],[-81.8061,38.9421],[-81.8142,38.9462],[-81.8274,38.9459],[-81.8331,38.9411],[-81.8344,38.9414],[-81.8445,38.9287],[-81.8453,38.9101],[-81.8487,38.9014],[-81.8589,38.8902],[-81.8892,38.8743],[-81.8985,38.8746],[-81.9086,38.8785],[-81.9106,38.876],[-81.9029,38.8633],[-81.7913,38.7331],[-81.8135,38.7148],[-81.7728,38.6808],[-81.7477,38.6841],[-81.6437,38.567],[-81.6352,38.5638],[-81.6358,38.5598],[-81.6335,38.5579],[-81.6328,38.5544],[-81.5782,38.5771],[-81.5222,38.6127],[-81.5376,38.6459],[-81.5466,38.6724],[-81.5387,38.6984],[-81.5292,38.7483],[-81.5214,38.824],[-81.5302,38.8948],[-81.5268,38.902],[-81.5201,38.9012],[-81.5115,38.9043],[-81.5082,38.9086],[-81.5096,38.9123],[-81.5068,38.9132],[-81.5026,38.9179],[-81.5063,38.9196],[-81.5129,38.9188],[-81.5123,38.9227],[-81.5144,38.9251],[-81.5198,38.9248],[-81.5203,38.9266],[-81.5162,38.9308],[-81.5206,38.9337],[-81.5194,38.9361],[-81.5255,38.938],[-81.5266,38.9414],[-81.5319,38.9429],[-81.5338,38.9459],[-81.5388,38.9447],[-81.5417,38.9508],[-81.5412,38.9529],[-81.5442,38.9536],[-81.55,38.9602],[-81.5499,38.9663],[-81.5453,38.9715],[-81.5296,38.9775],[-81.5294,38.9822],[-81.5339,38.9848],[-81.5329,38.9874],[-81.5372,38.9902],[-81.5363,38.9946],[-81.5337,38.997],[-81.5359,38.9998],[-81.5338,39.0012],[-81.5322,39.0058],[-81.7473,39.0954],[-81.7608,39.0841],[-81.7756,39.0784],[-81.7858,39.0786],[-81.8031,39.0839],[-81.8107,39.0833],[-81.8139,39.0797],[-81.8142,39.0735]]],"type":"Polygon"},"properties":{"GEOID":"54035","NAME":"Jackson County"},"type":"Feature"},
{"geometry":{"coordinates":[[[-77.7544,39.3335],[-77.7597,39.3375],[-77.7608,39.3428],[-77.7577,39.3462],[-77.7476,39.3513],[-77.7443,39.3568],[-77.7433,39.3621],[-77.744,39.3653],[-77.7523,39.3774],[-77.753,39.3817],[-77.7492,39.3844],[-77.7366,39.3871],[-77.7359,39.3912],[-77.7384,39.399],[-77.7464,39.4094],[-77.7529,39.423],[-77.7579,39.4264],[-77.7637,39.4283],[-77.7877,39.4292],[-77.7968,39.4318],[-77.8032,39.4373],[-77.8009,39.4407],[-77.7882,39.443],[-77.7853,39.4454],[-77.7861,39.4474],[-77.7983,39.4561],[-77.798,39.4608],[-77.7927,39.4621],[-77.7806,39.4598],[-77.7776,39.4623],[-77.7954,39.4712],[-77.798,39.4752],[-77.7972,39.4801],[-77.7878,39.4855],[-77.7679,39.491],[-77.7655,39.4947],[-77.7703,39.4988],[-77.7787,39.4994],[-77.7844,39.4981],[-77.7909,39.4914],[-77.797,39.4895],[-77.8248,39.4936],[-77.8316,39.4836],[-77.8323,39.4787],[-77.8386,39.4709],[-77.841,39.4637],[-77.8394,39.4607],[-77.8437,39.4588],[-77.8471,39.4507],[-77.8471,39.4466],[-77.857,39.4407],[-77.8592,39.4371],[-77.9318,39.3796],[-77.9468,39.3806],[-77.9485,39.378],[-77.9428,39.3748],[-77.9439,39.3727],[-77.9513,39.3723],[-77.9583,39.3671],[-77.9671,39.367],[-77.9619,39.3596],[-77.9685,39.3574],[-77.9652,39.3523],[-77.9666,39.3459],[-77.9698,39.3459],[-77.9739,39.3497],[-77.9816,39.3493],[-77.9825,39.3476],[-77.9769,39.3437],[-77.9769,39.3401],[-77.9805,39.339],[-77.9847,39.333],[-77.9882,39.3319],[-77.9879,39.3256],[-77.9931,39.3275],[-77.996,39.326],[-77.9948,39.3238],[-77.9902,39.3228],[-77.988,39.3203],[-77.9974,39.3105],[-78.0059,39.3068],[-78.0129,39.2973],[-78.0181,39.2935],[-78.0203,39.2881],[-78.0272,39.2884],[-78.0252,39.2846],[-78.0262,39.2802],[-78.0353,39.2787],[-78.0345,39.276],[-78.026,39.2726],[-78.028,39.2697],[-78.0335,39.2681],[-78.0332,39.2646],[-77.8283,39.1324],[-77.8221,39.1401],[-77.8233,39.1456],[-77.8214,39.1524],[-77.8136,39.1644],[-77.806,39.1717],[-77.8049,39.1791],[-77.7982,39.1925],[-77.7982,39.2007],[-77.7926,39.209],[-77.7927,39.2114],[-77.7888,39.2149],[-77.7859,39.2197],[-77.7863,39.2218],[-77.7808,39.2287],[-77.7774,39.2297],[-77.7714,39.2365],[-77.7672,39.249],[-77.7709,39.2494],[-77.7701,39.2564],[-77.7629,39.2583],[-77.7618,39.263],[-77.7584,39.2651],[-77.758,39.2723],[-77.7531,39.2773],[-77.7527,39.2834],[-77.7483,39.2937],[-77.7384,39.3082],[-77.7307,39.3156],[-77.7216,39.3185],[-77.7195,39.3213],[-77.7277,39.3221],[-77.7347,39.3271],[-77.7544,39.3335]]],"type":"Polygon"},"properties":{"GEOID":"54037","NAME":"Jefferson County"},"type":"Feature"},
{"geometry":{"coordinates":[[[-81.7558,38.5812],[-81.7513,38.5795],[-81.7505,38.5725],[-81.7489,38.5707],[-81.7499,38.5682],[-81.7478,38.5665],[-81.75,38.5634],[-81.748,38.5591],[-81.7501,38.5555],[-81.7472,38.5536],[-81.7491,38.548],[-81.7516,38.5465],[-81.7492,38.5432],[-81.7493,38.5407],[-81.7539,38.5382],[-81.7521,38.5349],[-81.7554,38.5339],[-81.7508,38.5265],[-81.7541,38.524],[-81.7423,38.5179],[-81.7398,38.5126],[-81.7436,38.5111],[-81.7424,38.5087],[-81.7378,38.5049],[-81.7317,38.5036],[-81.7345,38.5001],[-81.7329,38.4976],[-81.7339,38.4954],[-81.7292,38.4837],[-81.7275,38.4808],[-81.7253,38.4803],[-81.7272,38.4768],[-81.722,38.4747],[-81.7231,38.4678],[-81.7771,38.4471],[-81.8134,38.4351],[-81.8147,38.4329],[-81.8193,38.4353],[-81.8228,38.4297],[-81.8265,38.431],[-81.8287,38.4305],[-81.8287,38.4292],[-81.8349,38.4294],[-81.8374,38.4252],[-81.8403,38.4261],[-81.8461,38.425],[-81.8466,38.4236],[-81.8496,38.4234],[-81.9002,38.3986],[-81.9152,38.3256],[-81.8858,38.3147],[-81.8457,38.3132],[-81.8396,38.319],[-81.8306,38.3225],[-81.8182,38.3168],[-81.8128,38.3114],[-81.8116,38.3087],[-81.8122,38.3015],[-81.8065,38.2937],[-81.8067,38.2865],[-81.8089,38.2855],[-81.8063,38.2708],[-81.8082,38.2694],[-81.8018,38.2624],[-81.8047,38.2598],[-81.8095,38.2599],[-81.8105,38.257],[-81.8028,38.25],[-81.8092,38.2442],[-81.8208,38.2427],[-81.8129,38.2411],[-81.8109,38.2362],[-81.8077,38.2338],[-81.8101,38.2279],[-81.8022,38.2235],[-81.8017,38.2215],[-81.8042,38.2199],[-81.8092,38.2201],[-81.8204,38.2291],[-81.8222,38.2284],[-81.8225,38.2264],[-81.8179,38.2189],[-81.8186,38.2173],[-81.8331,38.2229],[-81.8365,38.2198],[-81.831,38.2123],[-81.831,38.2107],[-81.8335,38.2096],[-81.825,38.2008],[-81.8235,38.1931],[-81.8187,38.1848],[-81.8139,38.1842],[-81.8102,38.1802],[-81.8057,38.1804],[-81.8018,38.1784],[-81.8018,38.1807],[-81.8052,38.1828],[-81.805,38.1851],[-81.8083,38.1892],[-81.8128,38.1899],[-81.8145,38.1942],[-81.812,38.1967],[-81.8143,38.1993],[-81.811,38.2021],[-81.8109,38.2082],[-81.8068,38.2076],[-81.7997,38.2093],[-81.7944,38.2074],[-81.7896,38.2097],[-81.7893,38.2116],[-81.7855,38.2142],[-81.7893,38.2209],[-81.7844,38.2246],[-81.7856,38.2271],[-81.7839,38.2306],[-81.773,38.2307],[-81.7651,38.2278],[-81.7551,38.2182],[-81.756,38.2121],[-81.7533,38.2029],[-81.7498,38.2006],[-81.7445,38.2011],[-81.737,38.1982],[-81.7314,38.205],[-81.7273,38.2038],[-81.7244,38.2056],[-81.7255,38.2083],[-81.721,38.2146],[-81.7272,38.2137],[-81.7282,38.2175],[-81.7257,38.2213],[-81.722,38.2227],[-81.7081,38.2231],[-81.7058,38.2271],[-81.6963,38.2277],[-81.6949,38.224],[-81.6927,38.2241],[-81.6901,38.2196],[-81.6879,38.2197],[-81.687,38.2181],[-81.6757,38.2217],[-81.6671,38.2196],[-81.6662,38.2217],[-81.6598,38.2235],[-81.6522,38.2208],[-81.6437,38.2207],[-81.6454,38.2155],[-81.6431,38.2107],[-81.6476,38.2094],[-81.6485,38.2052],[-81.6525,38.2031],[-81.6471,38.2008],[-81.6466,38.1959],[-81.6448,38.195],[-81.6448,38.1916],[-81.6485,38.185],[-81.6427,38.1835],[-81.6393,38.1803],[-81.6427,38.1775],[-81.6416,38.1761],[-81.6346,38.1775],[-81.6334,38.1716],[-81.6289,38.1726],[-81.6248,38.1788],[-81.6208,38.1776],[-81.6171,38.1785],[-81.6159,38.1768],[-81.607,38.1744],[-81.602,38.1762],[-81.6067,38.1701],[-81.6013,38.1677],[-81.5959,38.1676],[-81.5999,38.164],[-81.5993,38.1618],[-81.5957,38.1601],[-81.5939,38.1611],[-81.5897,38.1576],[-81.5904,38.1542],[-81.5812,38.147],[-81.5813,38.1437],[-81.5781,38.1431],[-81.5743,38.1449],[-81.5733,38.1421],[-81.5693,38.1417],[-81.5706,38.1391],[-81.5695,38.1373],[-81.5557,38.1415],[-81.5452,38.1379],[-81.5432,38.1336],[-81.539,38.1304],[-81.5462,38.1246],[-81.546,38.1193],[-81.5338,38.1214],[-81.532,38.1205],[-81.5319,38.1173],[-81.5268,38.1189],[-81.5214,38.1135],[-81.5196,38.1146],[-81.5161,38.1129],[-81.521,38.1008],[-81.5263,38.1014],[-81.5306,38.0964],[-81.5348,38.0959],[-81.5366,38.085],[-81.5405,38.0824],[-81.5396,38.079],[-81.5375,38.0761],[-81.5291,38.0755],[-81.5209,38.0698],[-81.5179,38.0694],[-81.5165,38.0637],[-81.5118,38.0643],[-81.5053,38.0607],[-81.4991,38.0623],[-81.4915,38.0679],[-81.487,38.0626],[-81.4877,38.0609],[-81.4845,38.0612],[-81.4836,38.059],[-81.4794,38.0606],[-81.477,38.0589],[-81.4737,38.0536],[-81.4775,38.0503],[-81.4762,38.0475],[-81.4715,38.0458],[-81.47,38.0413],[-81.4643,38.0365],[-81.4604,38.0301],[-81.4599,38.0271],[-81.467,38.0244],[-81.4653,38.0207],[-81.468,38.0186],[-81.4685,38.0159],[-81.4647,38.0156],[-81.4634,38.0139],[-81.4663,38.0086],[-81.4656,38.0052],[-81.462,38.0053],[-81.4617,38.0013],[-81.4592,37.9985],[-81.4558,37.9993],[-81.4559,37.9963],[-81.4537,37.9932],[-81.4566,37.9875],[-81.4562,37.9837],[-81.4597,37.9799],[-81.4589,37.9789],[-81.452,37.9788],[-81.4505,37.976],[-81.4431,37.9742],[-81.4415,37.9705],[-81.4379,37.9679],[-81.4309,37.9719],[-81.4264,37.9704],[-81.4235,37.9675],[-81.4181,37.9676],[-81.4126,37.9743],[-81.3997,37.9699],[-81.3976,37.9673],[-81.3863,37.9672],[-81.3823,37.9697],[-81.3808,37.9691],[-81.3332,38.1613],[-81.3268,38.1745],[-81.329,38.1769],[-81.3293,38.1824],[-81.3215,38.1835],[-81.315,38.1805],[-81.2314,38.2638],[-81.2544,38.3751],[-81.2839,38.472],[-81.1941,38.5276],[-81.2206,38.5318],[-81.2743,38.5218],[-81.3035,38.5348],[-81.3493,38.5413],[-81.4654,38.5499],[-81.4664,38.5479],[-81.4717,38.5463],[-81.5075,38.5827],[-81.5222,38.6127],[-81.5782,38.5771],[-81.6328,38.5544],[-81.6335,38.5579],[-81.6358,38.5598],[-81.6352,38.5638],[-81.6437,38.567],[-81.6963,38.6264],[-81.7288,38.5962],[-81.739,38.5993],[-81.7411,38.5977],[-81.7418,38.5938],[-81.7505,38.591],[-81.7515,38.5858],[-81.7558,38.5812]]],"type":"Polygon"},"properties":{"GEOID":"54039","NAME":"Kanawha County"},"type":"Feature"},
{"geometry":{"coordinates":[[[-80.7288,39.0871],[-80.7168,39.0084],[-80.5971,38.8961],[-80.5992,38.8918],[-80.5964,38.8875],[-80.591,38.8837],[-80.5923,38.8786],[-80.5907,38.875],[-80.5927,38.8737],[-80.5933,38.8704],[-80.5876,38.8649],[-80.5864,38.8614],[-80.5804,38.8583],[-80.5734,38.8628],[-80.558,38.8676],[-80.5539,38.8659],[-80.5521,38.8606],[-80.5439,38.8538],[-80.5325,38.8559],[-80.5284,38.862],[-80.5238,38.8628],[-80.5072,38.854],[-80.5007,38.8447],[-80.4904,38.8451],[-80.4798,38.8332],[-80.4736,38.8328],[-80.4769,38.8208],[-80.4806,38.8182],[-80.4793,38.8146],[-80.4843,38.8092],[-80.4836,38.8035],[-80.4855,38.8003],[-80.4745,38.7943],[-80.4692,38.7976],[-80.4631,38.7959],[-80.4594,38.7915],[-80.4584,38.7877],[-80.463,38.786],[-80.4637,38.7838],[-80.4586,38.7781],[-80.4585,38.7761],[-80.4503,38.7756],[-80.4461,38.7775],[-80.4421,38.7718],[-80.4494,38.7694],[-80.449,38.7654],[-80.4532,38.761],[-80.451,38.7569],[-80.4521,38.7554],[-80.4508,38.7501],[-80.4573,38.7392],[-80.4517,38.7369],[-80.4526,38.7332],[-80.4475,38.7327],[-80.4452,38.7268],[-80.4404,38.7283],[-80.4361,38.7256],[-80.4332,38.7295],[-80.4288,38.7285],[-80.4274,38.7311],[-80.424,38.7281],[-80.4167,38.7296],[-80.4123,38.7284],[-80.4122,38.7256],[-80.4137,38.7245],[-80.4086,38.7246],[-80.4069,38.7228],[-80.4046,38.7236],[-80.4054,38.7267],[-80.4019,38.7299],[-80.3969,38.7295],[-80.3946,38.726],[-80.3931,38.7276],[-80.4095,38.7683],[-80.387,38.8748],[-80.3818,38.8815],[-80.3842,38.8838],[-80.3836,38.8855],[-80.3793,38.8877],[-80.3678,38.8866],[-80.3678,38.8946],[-80.3627,38.8979],[-80.3608,38.9013],[-80.3625,38.9068],[-80.3556,38.9082],[-80.3547,38.913],[-80.3481,38.9157],[-80.3498,38.9205],[-80.3478,38.9237],[-80.3436,38.9253],[-80.3443,38.9272],[-80.3401,38.9307],[-80.3384,38.9349],[-80.3396,38.9377],[-80.3484,38.9399],[-80.3357,38.9462],[-80.3296,38.9546],[-80.322,38.955],[-80.3175,38.9586],[-80.3193,38.9609],[-80.3199,38.9695],[-80.3257,38.9743],[-80.3345,38.9966],[-80.318,39.0134],[-80.3051,39.0615],[-80.3002,39.1039],[-80.4547,39.1389],[-80.4544,39.1411],[-80.4585,39.1393],[-80.4669,39.1455],[-80.4709,39.1449],[-80.4733,39.1471],[-80.4802,39.1446],[-80.486,39.146],[-80.485,39.1479],[-80.4868,39.1486],[-80.494,39.1457],[-80.4966,39.1485],[-80.5074,39.1494],[-80.5116,39.1468],[-80.5172,39.1479],[-80.5183,39.1459],[-80.5341,39.1484],[-80.5362,39.1475],[-80.539,39.15],[-80.5462,39.1514],[-80.5491,39.159],[-80.5624,39.1605],[-80.5772,39.1675],[-80.587,39.1688],[-80.5941,39.1664],[-80.5961,39.1671],[-80.5969,39.1629],[-80.5998,39.1597],[-80.6029,39.1593],[-80.6048,39.1555],[-80.6171,39.1541],[-80.6225,39.1481],[-80.6211,39.1462],[-80.6236,39.1428],[-80.6296,39.1392],[-80.6335,39.1395],[-80.6373,39.1376],[-80.6393,39.1391],[-80.6423,39.1388],[-80.6443,39.1369],[-80.6474,39.1395],[-80.6507,39.1376],[-80.653,39.1405],[-80.6569,39.1411],[-80.6587,39.1385],[-80.6629,39.1378],[-80.6644,39.1297],[-80.6748,39.1259],[-80.6765,39.1248],[-80.6765,39.1221],[-80.6817,39.1212],[-80.6812,39.112],[-80.6876,39.1097],[-80.6871,39.1077],[-80.6911,39.1043],[-80.6907,39.1016],[-80.6984,39.0961],[-80.7,39.0909],[-80.7283,39.0957],[-80.7288,39.0871]]],"type":"Polygon"},"properties":{"GEOID":"54041","NAME":"Lewis County"},"type":"Feature"},
{"geometry":{"coordinates":[[[-82.2443,38.2684],[-82.2448,38.2639],[-82.2479,38.2611],[-82.2452,38.2541],[-82.2489,38.2494],[-82.2523,38.2521],[-82.26,38.2462],[-82.2585,38.2432],[-82.2606,38.2396],[-82.2581,38.2379],[-82.2574,38.235],[-82.2615,38.2342],[-82.2661,38.2269],[-82.2668,38.2213],[-82.27,38.218],[-82.2682,38.217],[-82.2664,38.2106],[-82.2778,38.2057],[-82.2782,38.2022],[-82.2751,38.1997],[-82.2773,38.197],[-82.2718,38.1863],[-82.2751,38.1827],[-82.2713,38.1785],[-82.2775,38.1739],[-82.2759,38.1713],[-82.2717,38.1694],[-82.2751,38.1654],[-82.2747,38.163],[-82.2789,38.1604],[-82.2781,38.1573],[-82.28,38.1525],[-82.284,38.1528],[-82.2863,38.149],[-82.2846,38.1474],[-82.2857,38.1449],[-82.2825,38.1414],[-82.275,38.141],[-82.2713,38.1386],[-82.2644,38.1371],[-82.2646,38.1335],[-82.2611,38.1348],[-82.2578,38.1336],[-82.2569,38.1316],[-82.2597,38.1296],[-82.2583,38.1276],[-82.2622,38.1243],[-82.2616,38.1222],[-82.2667,38.1193],[-82.2659,38.1175],[-82.2686,38.1151],[-82.262,38.1075],[-82.2582,38.1061],[-82.2567,38.1038],[-82.2542,38.1043],[-82.253,38.1009],[-82.2463,38.1021],[-82.2409,38.0972],[-82.2386,38.0925],[-82.2394,38.0871],[-82.2378,38.0865],[-82.2395,38.0821],[-82.2355,38.0803],[-82.2354,38.0762],[-82.2279,38.0762],[-82.2294,38.073],[-82.2278,38.0689],[-82.2233,38.0707],[-82.2058,38.0668],[-82.2053,38.0655],[-82.208,38.063],[-82.2069,38.0582],[-82.2118,38.0572],[-82.2078,38.0505],[-82.2052,38.0494],[-82.2003,38.0506],[-82.1976,38.0487],[-82.1926,38.0511],[-82.1923,38.0463],[-82.1983,38.0422],[-82.1986,38.0383],[-82.2022,38.0362],[-82.2023,38.0312],[-82.2064,38.029],[-82.2039,38.0236],[-82.2105,38.0204],[-82.2175,38.0201],[-82.2349,38.0038],[-82.2435,38.0008],[-82.247,37.995],[-82.2743,37.973],[-82.2909,37.9552],[-82.3064,37.9436],[-82.1528,37.9843],[-82.0728,38.0072],[-82.0663,38.0058],[-82.0636,38.0096],[-82.0446,38.0148],[-82.0275,38.0144],[-82.0255,38.0179],[-82.0179,38.0169],[-82.0166,38.0204],[-82.0129,38.0223],[-82.0069,38.0204],[-81.9984,38.0204],[-81.9888,38.0249],[-81.984,38.0217],[-81.9766,38.0231],[-81.9723,38.0187],[-81.9668,38.0235],[-81.9578,38.0234],[-81.9543,38.0209],[-81.9489,38.022],[-81.9433,38.0211],[-81.9429,38.0239],[-81.9325,38.0254],[-81.9267,38.0287],[-81.9089,38.0279],[-81.9053,38.0295],[-81.9162,38.032],[-81.9177,38.0354],[-81.9253,38.0335],[-81.93,38.0359],[-81.933,38.0339],[-81.9382,38.037],[-81.9509,38.0379],[-81.9546,38.0394],[-81.956,38.0426],[-81.9617,38.0427],[-81.9633,38.0456],[-81.9682,38.0458],[-81.9721,38.0503],[-81.9705,38.0523],[-81.9725,38.0545],[-81.9698,38.0625],[-81.9732,38.0645],[-81.9703,38.0676],[-81.9663,38.0689],[-81.9686,38.0728],[-81.9689,38.0777],[-81.9653,38.0792],[-81.9621,38.0857],[-81.9641,38.0897],[-81.9507,38.099],[-81.9502,38.102],[-81.947,38.1045],[-81.9477,38.1064],[-81.9461,38.1068],[-81.9462,38.1101],[-81.9536,38.1187],[-81.9498,38.1236],[-81.9458,38.1258],[-81.9473,38.1284],[-81.9448,38.1327],[-81.9463,38.1337],[-81.9456,38.1357],[-81.9439,38.1375],[-81.9394,38.137],[-81.9389,38.139],[-81.934,38.139],[-81.933,38.1421],[-81.9344,38.1462],[-81.9324,38.1501],[-81.9276,38.1525],[-81.9256,38.1508],[-81.9234,38.1514],[-81.923,38.1495],[-81.9204,38.1483],[-81.9163,38.1497],[-81.9118,38.1482],[-81.9104,38.1455],[-81.9064,38.1448],[-81.9038,38.1416],[-81.8885,38.1421],[-81.8855,38.14],[-81.8847,38.1375],[-81.8788,38.1372],[-81.8771,38.1414],[-81.8793,38.1425],[-81.8807,38.1473],[-81.8782,38.1495],[-81.883,38.1496],[-81.8883,38.1521],[-81.8878,38.1557],[-81.8861,38.1569],[-81.8894,38.1636],[-81.8886,38.1658],[-81.8883,38.1627],[-81.886,38.1633],[-81.8869,38.1677],[-81.8721,38.1637],[-81.8712,38.1709],[-81.8733,38.1756],[-81.872,38.1768],[-81.8639,38.1765],[-81.8629,38.1743],[-81.8512,38.1731],[-81.8517,38.176],[-81.8492,38.1814],[-81.8425,38.1795],[-81.8388,38.1806],[-81.839,38.1833],[-81.8425,38.1855],[-81.8463,38.1856],[-81.8497,38.1823],[-81.8518,38.1848],[-81.8466,38.1925],[-81.8449,38.1989],[-81.8388,38.2018],[-81.8412,38.206],[-81.8407,38.2089],[-81.8308,38.211],[-81.832,38.2145],[-81.8364,38.2186],[-81.8344,38.2226],[-81.8261,38.2212],[-81.8186,38.2173],[-81.8179,38.2189],[-81.8225,38.2264],[-81.8222,38.2284],[-81.8201,38.2291],[-81.8085,38.2198],[-81.8036,38.2201],[-81.8015,38.2225],[-81.8101,38.2279],[-81.8077,38.2338],[-81.8109,38.2362],[-81.8129,38.2411],[-81.8208,38.2427],[-81.8092,38.2442],[-81.8029,38.2494],[-81.8105,38.257],[-81.8095,38.2599],[-81.8047,38.2598],[-81.8018,38.2622],[-81.8082,38.2694],[-81.8063,38.2708],[-81.8089,38.2855],[-81.8067,38.2865],[-81.8065,38.2937],[-81.8122,38.3015],[-81.8116,38.3087],[-81.8128,38.3114],[-81.8182,38.3168],[-81.8306,38.3225],[-81.8396,38.319],[-81.8457,38.3132],[-81.8858,38.3147],[-81.9152,38.3256],[-81.9821,38.2767],[-81.9845,38.2778],[-81.9863,38.276],[-81.9912,38.2758],[-81.9918,38.2691],[-81.9968,38.2667],[-82.0006,38.2681],[-82.0018,38.2716],[-82.0165,38.272],[-82.0154,38.2793],[-82.0189,38.2793],[-82.0189,38.2818],[-82.0283,38.2794],[-82.0317,38.2806],[-82.0321,38.2839],[-82.0358,38.2837],[-82.0365,38.2866],[-82.0403,38.2855],[-82.0409,38.2876],[-82.0445,38.287],[-82.0492,38.2917],[-82.0431,38.3373],[-82.0471,38.3744],[-82.05,38.3759],[-82.0522,38.3728],[-82.0559,38.3742],[-82.058,38.3731],[-82.0647,38.3768],[-82.069,38.3749],[-82.0693,38.3732],[-82.0745,38.3732],[-82.0791,38.3688],[-82.0871,38.3685],[-82.0901,38.3669],[-82.0974,38.3674],[-82.1013,38.3648],[-82.1004,38.3621],[-82.1036,38.3618],[-82.1026,38.3571],[-82.1089,38.3593],[-82.1103,38.3585],[-82.1104,38.3563],[-82.1149,38.3509],[-82.115,38.346],[-82.117,38.3442],[-82.1255,38.3468],[-82.1277,38.346],[-82.1289,38.3432],[-82.1328,38.3445],[-82.1415,38.3415],[-82.1451,38.343],[-82.1531,38.3396],[-82.1546,38.3404],[-82.1582,38.3379],[-82.1637,38.3386],[-82.1638,38.3369],[-82.1685,38.3353],[-82.1783,38.3395],[-82.1831,38.3297],[-82.1882,38.3283],[-82.193,38.324],[-82.1968,38.3228],[-82.1965,38.3195],[-82.1987,38.3167],[-82.1975,38.3107],[-82.2034,38.3084],[-82.2056,38.3106],[-82.2208,38.3106],[-82.2116,38.3077],[-82.21,38.3027],[-82.2065,38.3018],[-82.21,38.2975],[-82.2096,38.2934],[-82.212,38.2912],[-82.2076,38.2887],[-82.2121,38.2864],[-82.216,38.2807],[-82.2198,38.2804],[-82.2252,38.2765],[-82.2323,38.2746],[-82.2349,38.2712],[-82.2407,38.2716],[-82.2443,38.2684]]],"type":"Polygon"},"properties":{"GEOID":"54043","NAME":"Lincoln County"},"type":"Feature"},
{"geometry":{"coordinates":[[[-81.9167,37.6805],[-81.914,37.6804],[-81.911,37.6776],[-81.9104,37.6758],[-81.9126,37.6728],[-81.9117,37.6701],[-81.9075,37.6686],[-81.9067,37.6631],[-81.9023,37.6612],[-81.8929,37.662],[-81.8892,37.6671],[-81.8748,37.6701],[-81.8733,37.6779],[-81.8688,37.68],[-81.865,37.6789],[-81.8559,37.6676],[-81.8503,37.6644],[-81.8463,37.665],[-81.838,37.6721],[-81.8337,37.6717],[-81.8282,37.6637],[-81.8228,37.6625],[-81.8172,37.6563],[-81.8144,37.6553],[-81.8084,37.6618],[-81.8029,37.6605],[-81.8026,37.6626],[-81.7989,37.6637],[-81.793,37.6709],[-81.7904,37.6711],[-81.7876,37.669],[-81.7834,37.6726],[-81.78,37.6725],[-81.7794,37.6769],[-81.7777,37.678],[-81.7712,37.676],[-81.7686,37.6784],[-81.7651,37.6777],[-81.7556,37.6857],[-81.7513,37.6853],[-81.7497,37.6814],[-81.7469,37.6796],[-81.7423,37.6827],[-81.7369,37.6826],[-81.7326,37.686],[-81.7339,37.6893],[-81.7332,37.6932],[-81.7164,37.7009],[-81.7106,37.6988],[-81.7017,37.7014],[-81.7645,37.7517],[-81.7619,37.7566],[-81.7549,37.7555],[-81.7522,37.7595],[-81.7433,37.7644],[-81.7406,37.7598],[-81.7353,37.7626],[-81.728,37.7596],[-81.7239,37.7646],[-81.72,37.7633],[-81.7116,37.7651],[-81.7078,37.7634],[-81.7042,37.7674],[-81.6969,37.7683],[-81.6938,37.7741],[-81.6899,37.773],[-81.688,37.7752],[-81.683,37.7762],[-81.6751,37.7727],[-81.6697,37.7789],[-81.6657,37.775],[-81.6571,37.7798],[-81.6529,37.7783],[-81.6441,37.7791],[-81.638,37.7776],[-81.6275,37.7857],[-81.6237,37.7825],[-81.6196,37.7856],[-81.6138,37.786],[-81.6075,37.7887],[-81.6132,37.7926],[-81.6137,37.797],[-81.6179,37.7999],[-81.6224,37.8015],[-81.6258,37.8001],[-81.6283,37.8025],[-81.6323,37.8034],[-81.6315,37.8066],[-81.6354,37.8111],[-81.644,37.815],[-81.6464,37.8178],[-81.6468,37.8202],[-81.644,37.8232],[-81.6501,37.8258],[-81.648,37.8303],[-81.6498,37.8311],[-81.6547,37.8286],[-81.6587,37.8344],[-81.661,37.8322],[-81.6655,37.8329],[-81.6675,37.8292],[-81.6728,37.8287],[-81.675,37.8314],[-81.6799,37.8306],[-81.682,37.8257],[-81.6888,37.8243],[-81.6909,37.8217],[-81.6968,37.8216],[-81.6973,37.8234],[-81.6995,37.8237],[-81.7027,37.8169],[-81.7133,37.81],[-81.7184,37.8112],[-81.7231,37.8096],[-81.7246,37.8141],[-81.7319,37.8161],[-81.7306,37.8247],[-81.7422,37.827],[-81.7447,37.8291],[-81.7469,37.8369],[-81.7504,37.8382],[-81.7463,37.8413],[-81.7459,37.8441],[-81.7527,37.8452],[-81.7544,37.8485],[-81.7587,37.8501],[-81.7623,37.849],[-81.7672,37.8559],[-81.7744,37.8538],[-81.7744,37.8591],[-81.7716,37.8619],[-81.7822,37.8672],[-81.7817,37.8698],[-81.7738,37.872],[-81.772,37.8768],[-81.769,37.8775],[-81.7644,37.8829],[-81.7591,37.8851],[-81.7605,37.8871],[-81.7599,37.8899],[-81.757,37.8925],[-81.7595,37.8927],[-81.7589,37.8969],[-81.7606,37.9004],[-81.7596,37.9034],[-81.7619,37.9027],[-81.7644,37.9053],[-81.7606,37.9113],[-81.7725,37.9129],[-81.7738,37.9161],[-81.7722,37.9195],[-81.774,37.923],[-81.782,37.9288],[-81.7824,37.9307],[-81.7799,37.9328],[-81.7817,37.9347],[-81.7856,37.9364],[-81.7884,37.9356],[-81.7898,37.9376],[-81.7923,37.9358],[-81.8011,37.9363],[-81.802,37.94],[-81.8063,37.9399],[-81.8146,37.9472],[-81.8611,37.9483],[-81.8736,37.9522],[-81.8774,37.951],[-81.8832,37.9516],[-81.8899,37.9485],[-81.8931,37.9502],[-81.9032,37.9498],[-81.9026,37.9531],[-81.9077,37.9531],[-81.9109,37.9556],[-81.9091,37.9583],[-81.9022,37.9601],[-81.9022,37.9687],[-81.9109,37.9713],[-81.9123,37.9755],[-81.9368,37.9774],[-81.9499,37.9718],[-81.9537,37.9746],[-81.9581,37.9748],[-81.9629,37.9784],[-81.9677,37.9776],[-81.9775,37.9823],[-81.9803,37.9864],[-81.9794,37.9916],[-81.9615,38.007],[-81.9325,38.0254],[-81.9339,38.0258],[-81.9429,38.0239],[-81.9433,38.0211],[-81.9489,38.022],[-81.9543,38.0209],[-81.9578,38.0234],[-81.9668,38.0235],[-81.9723,38.0187],[-81.9766,38.0231],[-81.984,38.0217],[-81.9888,38.0249],[-81.9984,38.0204],[-82.0069,38.0204],[-82.0129,38.0223],[-82.0166,38.0204],[-82.0179,38.0169],[-82.0255,38.0179],[-82.0275,38.0144],[-82.0446,38.0148],[-82.0636,38.0096],[-82.0663,38.0058],[-82.0728,38.0072],[-82.1907,37.9748],[-82.1903,37.9711],[-82.1972,37.9627],[-82.1925,37.9596],[-82.19,37.9554],[-82.1844,37.9551],[-82.1811,37.9509],[-82.1849,37.9491],[-82.1873,37.9458],[-82.1858,37.9425],[-82.1824,37.9422],[-82.1769,37.937],[-82.1754,37.938],[-82.1722,37.9365],[-82.1717,37.9322],[-82.1733,37.9293],[-82.1699,37.9255],[-82.1666,37.9258],[-82.1635,37.9235],[-82.1643,37.9141],[-82.1637,37.9124],[-82.1611,37.9119],[-82.1598,37.9075],[-82.1499,37.9061],[-82.1495,37.904],[-82.1444,37.9009],[-82.1344,37.9015],[-82.1316,37.8997],[-82.1279,37.9008],[-82.1232,37.8977],[-82.1202,37.8924],[-82.1221,37.8871],[-82.1191,37.8851],[-82.1185,37.8818],[-82.1211,37.8795],[-82.1227,37.8813],[-82.1276,37.8799],[-82.1288,37.8779],[-82.1264,37.8752],[-82.1265,37.8727],[-82.1243,37.8717],[-82.1243,37.8661],[-82.1212,37.8643],[-82.1199,37.8582],[-82.1172,37.8576],[-82.1142,37.8601],[-82.1123,37.8597],[-82.1142,37.8572],[-82.1128,37.8531],[-82.1348,37.8466],[-82.1354,37.8437],[-82.1402,37.8434],[-82.1462,37.8379],[-82.1443,37.8355],[-82.1391,37.8338],[-82.1388,37.8296],[-82.1336,37.8263],[-82.1353,37.8214],[-82.1323,37.8163],[-82.1347,37.814],[-82.1335,37.8104],[-82.1289,37.8109],[-82.1265,37.8096],[-82.1249,37.8108],[-82.1229,37.8047],[-82.1193,37.8059],[-82.1134,37.8016],[-82.1058,37.8011],[-82.1021,37.7979],[-82.1016,37.7946],[-82.1054,37.7923],[-82.1071,37.7887],[-82.0999,37.787],[-82.1027,37.7843],[-82.1004,37.7823],[-82.1039,37.7797],[-82.101,37.7774],[-82.1041,37.771],[-82.1004,37.7669],[-82.1052,37.7653],[-82.111,37.7662],[-82.112,37.7624],[-82.1093,37.7593],[-82.1104,37.7574],[-82.1124,37.7574],[-82.1118,37.7528],[-82.1158,37.7521],[-82.117,37.7476],[-82.11,37.747],[-82.1084,37.7498],[-82.1056,37.7505],[-82.1025,37.7456],[-82.0994,37.7468],[-82.0973,37.7429],[-82.0938,37.7442],[-82.0912,37.7422],[-82.0902,37.7392],[-82.0929,37.7379],[-82.094,37.7347],[-82.0857,37.7321],[-82.0852,37.7298],[-82.0857,37.7269],[-82.092,37.7225],[-82.0856,37.7217],[-82.0883,37.7176],[-82.0838,37.7139],[-82.0859,37.7071],[-82.0808,37.7059],[-82.0827,37.7044],[-82.0826,37.7016],[-82.0772,37.7005],[-82.0643,37.7055],[-82.0569,37.7058],[-82.0558,37.7051],[-82.0578,37.7034],[-82.0557,37.7015],[-82.0508,37.7005],[-82.0468,37.703],[-82.0413,37.7016],[-82.0379,37.6932],[-82.0342,37.6932],[-82.0318,37.6858],[-82.027,37.6849],[-82.024,37.6823],[-82.0246,37.6762],[-82.0225,37.6763],[-82.0216,37.6744],[-82.0226,37.6682],[-82.0151,37.6682],[-82.0111,37.6648],[-82.0067,37.6652],[-82.001,37.6625],[-82.0028,37.6544],[-81.9993,37.6523],[-81.9989,37.6482],[-82.0004,37.6453],[-81.9951,37.6435],[-81.9934,37.6406],[-81.9917,37.6427],[-81.9918,37.6474],[-81.9873,37.6506],[-81.9916,37.654],[-81.9918,37.6583],[-81.9854,37.6589],[-81.984,37.6633],[-81.9794,37.6681],[-81.9739,37.6682],[-81.9734,37.6658],[-81.9691,37.6666],[-81.9666,37.6645],[-81.9644,37.6674],[-81.9571,37.6697],[-81.9554,37.675],[-81.9523,37.6752],[-81.9448,37.6712],[-81.9391,37.6741],[-81.9383,37.6775],[-81.9303,37.682],[-81.9262,37.682],[-81.9233,37.6796],[-81.9197,37.6812],[-81.9167,37.6805]]],"type":"Polygon"},"properties":{"GEOID":"54045","NAME":"Logan County"},"type":"Feature"},
{"geometry":{"coordinates":[[[-81.4991,37.258],[-81.4978,37.2579],[-81.498,37.2547],[-81.4923,37.251],[-81.4801,37.2511],[-81.4761,37.2556],[-81.4621,37.2599],[-81.4611,37.2626],[-81.4589,37.2629],[-81.4606,37.2655],[-81.4491,37.2696],[-81.4477,37.2722],[-81.4395,37.2709],[-81.4356,37.2742],[-81.4279,37.271],[-81.416,37.2736],[-81.416,37.2789],[-81.4116,37.2803],[-81.4061,37.2933],[-81.4023,37.2958],[-81.4051,37.2988],[-81.3968,37.3045],[-81.3987,37.3102],[-81.3953,37.3126],[-81.3943,37.3164],[-81.3908,37.3169],[-81.3863,37.3206],[-81.3849,37.3186],[-81.3797,37.3176],[-81.3749,37.3188],[-81.3725,37.3205],[-81.3714,37.3242],[-81.3686,37.3252],[-81.3675,37.3274],[-81.3692,37.3324],[-81.3675,37.3329],[-81.3654,37.3378],[-81.3622,37.3377],[-81.3112,37.4245],[-81.3234,37.4286],[-81.3291,37.4352],[-81.3378,37.433],[-81.3411,37.4345],[-81.3464,37.4335],[-81.3492,37.4369],[-81.3741,37.4432],[-81.3829,37.4522],[-81.3854,37.4613],[-81.393,37.4598],[-81.3983,37.4645],[-81.4002,37.4643],[-81.4033,37.4588],[-81.4134,37.4589],[-81.4169,37.4556],[-81.4203,37.4562],[-81.4214,37.4601],[-81.4265,37.4612],[-81.4287,37.4575],[-81.4293,37.4519],[-81.4322,37.4487],[-81.4372,37.4521],[-81.439,37.4586],[-81.4426,37.458],[-81.446,37.4597],[-81.4466,37.4616],[-81.4516,37.4628],[-81.4511,37.4659],[-81.4554,37.4665],[-81.4558,37.4707],[-81.4513,37.4736],[-81.4507,37.4768],[-81.4546,37.4778],[-81.4535,37.4793],[-81.4571,37.4821],[-81.4658,37.4847],[-81.4698,37.4825],[-81.4719,37.4841],[-81.4753,37.4827],[-81.4771,37.4797],[-81.4803,37.4792],[-81.4914,37.481],[-81.4953,37.4784],[-81.4968,37.474],[-81.4991,37.4737],[-81.5067,37.4772],[-81.5157,37.4764],[-81.5193,37.4783],[-81.5256,37.4773],[-81.5273,37.4756],[-81.5346,37.4853],[-81.5369,37.4845],[-81.5407,37.4859],[-81.5414,37.4878],[-81.5502,37.4879],[-81.5534,37.4918],[-81.5586,37.4889],[-81.565,37.4905],[-81.5706,37.4873],[-81.5757,37.4909],[-81.583,37.4874],[-81.586,37.49],[-81.5852,37.4919],[-81.5872,37.4945],[-81.5959,37.4907],[-81.5989,37.4936],[-81.602,37.4931],[-81.604,37.4958],[-81.6025,37.5004],[-81.6061,37.5001],[-81.6076,37.5024],[-81.6064,37.504],[-81.6072,37.5059],[-81.6034,37.5089],[-81.6128,37.5105],[-81.6143,37.5142],[-81.6125,37.5166],[-81.6175,37.5213],[-81.6214,37.5212],[-81.6247,37.5181],[-81.6302,37.5162],[-81.6284,37.512],[-81.6324,37.5119],[-81.6339,37.51],[-81.6385,37.5113],[-81.6411,37.5154],[-81.6465,37.5133],[-81.6499,37.5165],[-81.6507,37.5212],[-81.6528,37.5204],[-81.6544,37.5233],[-81.6579,37.5215],[-81.6629,37.5216],[-81.6652,37.5185],[-81.6679,37.5191],[-81.6721,37.5164],[-81.6766,37.518],[-81.6821,37.5176],[-81.6888,37.5136],[-81.6876,37.51],[-81.6842,37.5074],[-81.6849,37.5057],[-81.6957,37.5015],[-81.7018,37.5017],[-81.7051,37.4995],[-81.7048,37.4968],[-81.7076,37.4953],[-81.7152,37.4974],[-81.7196,37.4954],[-81.7236,37.4969],[-81.7294,37.4946],[-81.7359,37.4956],[-81.7418,37.5001],[-81.7477,37.5016],[-81.7522,37.5066],[-81.7592,37.5056],[-81.763,37.5026],[-81.771,37.5053],[-81.7762,37.5051],[-81.7799,37.501],[-81.782,37.5026],[-81.7849,37.5015],[-81.7929,37.5035],[-81.7952,37.5097],[-81.8013,37.5076],[-81.8179,37.5066],[-81.8243,37.5126],[-81.829,37.5137],[-81.826,37.5206],[-81.8233,37.5227],[-81.8246,37.5338],[-81.8264,37.5354],[-81.8346,37.5361],[-81.8362,37.5407],[-81.839,37.5426],[-81.8388,37.5445],[-81.8412,37.5456],[-81.8427,37.549],[-81.8477,37.5473],[-81.8559,37.5489],[-81.8611,37.5466],[-81.8629,37.5433],[-81.8657,37.5432],[-81.8694,37.5378],[-81.8832,37.5381],[-81.8867,37.5363],[-81.8894,37.5281],[-81.8938,37.5251],[-81.8993,37.5245],[-81.9094,37.527],[-81.9118,37.5245],[-81.9121,37.5211],[-81.9172,37.5182],[-81.9223,37.5121],[-81.9319,37.5122],[-81.9412,37.5095],[-81.9442,37.507],[-81.9439,37.5029],[-81.9531,37.5013],[-81.9544,37.4961],[-81.9527,37.4942],[-81.9533,37.4918],[-81.965,37.4935],[-81.9671,37.4907],[-81.9707,37.4899],[-81.9707,37.4885],[-81.9758,37.4877],[-81.9776,37.4846],[-81.9857,37.4857],[-81.9909,37.4844],[-81.9929,37.483],[-81.993,37.4798],[-81.9965,37.4769],[-81.9956,37.4698],[-81.993,37.4685],[-81.9923,37.4609],[-81.9876,37.4587],[-81.987,37.4549],[-81.9762,37.4572],[-81.9688,37.4515],[-81.9704,37.4477],[-81.9663,37.4467],[-81.9576,37.4491],[-81.9541,37.4463],[-81.9491,37.4456],[-81.9458,37.4402],[-81.9388,37.4405],[-81.9356,37.4384],[-81.9372,37.434],[-81.9356,37.432],[-81.9378,37.4321],[-81.9406,37.4291],[-81.9383,37.424],[-81.9389,37.422],[-81.9379,37.4201],[-81.935,37.42],[-81.9325,37.4152],[-81.923,37.4114],[-81.9246,37.41],[-81.9243,37.4073],[-81.93,37.4053],[-81.9308,37.4017],[-81.9277,37.3988],[-81.9301,37.3971],[-81.9288,37.3938],[-81.9339,37.3907],[-81.9318,37.3855],[-81.9357,37.3831],[-81.9367,37.3807],[-81.9359,37.3786],[-81.9311,37.3758],[-81.934,37.3732],[-81.9334,37.3693],[-81.926,37.3655],[-81.9285,37.3605],[-81.9253,37.357],[-81.9238,37.3583],[-81.9218,37.3571],[-81.9177,37.3492],[-81.9102,37.349],[-81.9096,37.3455],[-81.9079,37.3452],[-81.9087,37.3439],[-81.9072,37.3426],[-81.9039,37.3432],[-81.8996,37.3416],[-81.8966,37.3354],[-81.8973,37.3325],[-81.8948,37.332],[-81.8936,37.3298],[-81.8905,37.3319],[-81.8833,37.33],[-81.8794,37.3325],[-81.8777,37.3317],[-81.8783,37.3288],[-81.874,37.3276],[-81.8725,37.3224],[-81.8672,37.3207],[-81.8603,37.3157],[-81.8599,37.314],[-81.8657,37.3095],[-81.8596,37.3048],[-81.8545,37.3066],[-81.8548,37.298],[-81.8528,37.2981],[-81.8523,37.2966],[-81.8543,37.2919],[-81.8536,37.2877],[-81.8501,37.2875],[-81.8499,37.2852],[-81.8468,37.2846],[-81.8388,37.2863],[-81.8344,37.2854],[-81.8334,37.2845],[-81.8345,37.2818],[-81.8285,37.2815],[-81.8258,37.2791],[-81.8167,37.2799],[-81.8033,37.2859],[-81.7936,37.2848],[-81.7931,37.2812],[-81.7893,37.2844],[-81.7824,37.2823],[-81.7794,37.28],[-81.7794,37.2774],[-81.7732,37.2739],[-81.7692,37.2733],[-81.7571,37.2761],[-81.7576,37.2686],[-81.7501,37.2642],[-81.7461,37.2637],[-81.7457,37.2581],[-81.7409,37.2543],[-81.7444,37.2433],[-81.7411,37.2416],[-81.7401,37.2378],[-81.7231,37.2405],[-81.7162,37.2343],[-81.7157,37.2288],[-81.6993,37.2199],[-81.6988,37.218],[-81.696,37.217],[-81.6951,37.2136],[-81.687,37.2133],[-81.686,37.2116],[-81.6836,37.2116],[-81.6833,37.2056],[-81.6782,37.2015],[-81.5606,37.2067],[-81.5581,37.2086],[-81.556,37.2075],[-81.5472,37.2159],[-81.5456,37.2202],[-81.5412,37.22],[-81.5243,37.2279],[-81.5207,37.227],[-81.5076,37.2337],[-81.5065,37.2452],[-81.5031,37.2531],[-81.4991,37.258]]],"type":"Polygon"},"properties":{"GEOID":"54047","NAME":"McDowell County"},"type":"Feature"},
{"geometry":{"coordinates":[[[-80.0809,39.5509],[-80.1039,39.5671],[-80.1035,39.5696],[-80.111,39.5717],[-80.1107,39.5768],[-80.1154,39.5786],[-80.118,39.5771],[-80.1225,39.5804],[-80.1262,39.5795],[-80.1284,39.5827],[-80.131,39.5832],[-80.1315,39.5862],[-80.135,39.5875],[-80.1354,39.5894],[-80.1333,39.5946],[-80.1383,39.5966],[-80.1422,39.5963],[-80.1462,39.6066],[-80.1532,39.6065],[-80.1535,39.6104],[-80.313,39.6118],[-80.3226,39.6108],[-80.3245,39.6127],[-80.3279,39.6119],[-80.3301,39.6148],[-80.3343,39.612],[-80.3391,39.6112],[-80.3424,39.613],[-80.3475,39.6117],[-80.3511,39.6138],[-80.3522,39.6177],[-80.3556,39.6178],[-80.3575,39.6201],[-80.3603,39.6206],[-80.36,39.6258],[-80.3635,39.6271],[-80.3677,39.6336],[-80.3753,39.6315],[-80.3828,39.6341],[-80.3853,39.6326],[-80.3899,39.6333],[-80.3904,39.6351],[-80.3958,39.6373],[-80.3987,39.6332],[-80.4037,39.6318],[-80.4072,39.6331],[-80.4072,39.6354],[-80.4119,39.6414],[-80.4159,39.6423],[-80.4279,39.6407],[-80.4333,39.6391],[-80.4366,39.6341],[-80.4394,39.6334],[-80.4434,39.6295],[-80.4338,39.6203],[-80.4376,39.6142],[-80.443,39.6119],[-80.4463,39.6133],[-80.4494,39.6127],[-80.4467,39.6044],[-80.4504,39.5961],[-80.4521,39.5957],[-80.4538,39.5985],[-80.4571,39.5979],[-80.4618,39.6014],[-80.4788,39.5973],[-80.4809,39.5943],[-80.4794,39.5912],[-80.4824,39.5871],[-80.4803,39.5834],[-80.4877,39.5764],[-80.4929,39.5757],[-80.491,39.5702],[-80.4982,39.5633],[-80.4937,39.553],[-80.4931,39.5482],[-80.4946,39.5457],[-80.4908,39.5415],[-80.4908,39.5386],[-80.4875,39.5385],[-80.4863,39.5368],[-80.4864,39.5294],[-80.4841,39.5246],[-80.4859,39.5204],[-80.4826,39.5197],[-80.4809,39.5146],[-80.4775,39.513],[-80.4772,39.51],[-80.4732,39.509],[-80.4732,39.506],[-80.4674,39.5032],[-80.4735,39.4927],[-80.4718,39.4863],[-80.4753,39.4818],[-80.4795,39.4807],[-80.4837,39.4839],[-80.4899,39.4825],[-80.4925,39.4802],[-80.4942,39.4752],[-80.4929,39.472],[-80.4941,39.4696],[-80.2935,39.4342],[-80.2908,39.4358],[-80.2898,39.4322],[-80.2825,39.4357],[-80.2798,39.4329],[-80.2703,39.4301],[-80.1963,39.3927],[-80.1206,39.4012],[-80.1172,39.4025],[-80.1134,39.409],[-80.1075,39.4099],[-80.1046,39.4077],[-80.1053,39.405],[-80.0999,39.4038],[-80.0966,39.4008],[-80.0873,39.3862],[-80.025,39.4014],[-80.011,39.4176],[-79.9389,39.4525],[-79.968,39.463],[-79.9708,39.4666],[-79.9763,39.4682],[-79.9761,39.4713],[-79.9784,39.4742],[-79.9907,39.4791],[-79.9902,39.4824],[-79.9968,39.4873],[-80.0045,39.4856],[-80.0059,39.4876],[-80.0116,39.4874],[-80.0116,39.4914],[-80.0176,39.4946],[-80.0158,39.502],[-80.0281,39.506],[-80.0342,39.5053],[-80.0392,39.5073],[-80.0471,39.5143],[-80.0454,39.5167],[-80.0384,39.5164],[-80.0432,39.523],[-80.0809,39.5509]]],"type":"Polygon"},"properties":{"GEOID":"54049","NAME":"Marion County"},"type":"Feature"},
{"geometry":{"coordinates":[[[-80.7422,40.0061],[-80.7389,39.9856],[-80.741,39.9732],[-80.7401,39.9708],[-80.7579,39.9597],[-80.763,39.9538],[-80.7643,39.95],[-80.7613,39.9301],[-80.7564,39.9202],[-80.7561,39.9134],[-80.7586,39.9095],[-80.7634,39.9086],[-80.7708,39.9104],[-80.7835,39.9173],[-80.7941,39.9196],[-80.8021,39.9192],[-80.8073,39.9156],[-80.8092,39.9106],[-80.809,39.9033],[-80.8029,39.8925],[-80.794,39.8828],[-80.7902,39.8723],[-80.7908,39.8673],[-80.7931,39.8638],[-80.7999,39.8589],[-80.8164,39.853],[-80.8243,39.8472],[-80.827,39.8417],[-80.8225,39.825],[-80.8222,39.8117],[-80.8251,39.8009],[-80.8353,39.7907],[-80.8606,39.7769],[-80.8663,39.7717],[-80.8703,39.7632],[-80.8686,39.7624],[-80.8653,39.7533],[-80.8527,39.741],[-80.846,39.7387],[-80.8474,39.7381],[-80.8335,39.7208],[-80.5193,39.7214],[-80.5191,40.0164],[-80.7339,40.0333],[-80.7377,40.027],[-80.7422,40.0061]]],"type":"Polygon"},"properties":{"GEOID":"54051","NAME":"Marshall County"},"type":"Feature"},
{"geometry":{"coordinates":[[[-81.9573,38.6566],[-81.7728,38.6808],[-81.8135,38.7148],[-81.7913,38.7331],[-81.9029,38.8633],[-81.9106,38.876],[-81.9086,38.8785],[-81.928,38.8935],[-81.9267,38.9013],[-81.9009,38.9243],[-81.8985,38.9296],[-81.9006,38.9377],[-81.9124,38.9543],[-81.9182,38.9666],[-81.9332,38.9877],[-81.9417,38.9932],[-81.9514,38.996],[-81.9678,38.993],[-81.9794,38.9932],[-81.982,38.9957],[-81.983,39.003],[-81.9871,39.012],[-81.9959,39.0233],[-82.006,39.0294],[-82.0239,39.0292],[-82.0317,39.027],[-82.0388,39.0227],[-82.0421,39.0168],[-82.0457,39.0038],[-82.0516,38.9944],[-82.0907,38.9748],[-82.0954,38.9638],[-82.1091,38.9456],[-82.1117,38.9326],[-82.1124,38.9318],[-82.1112,38.9366],[-82.1133,38.9306],[-82.1287,38.9107],[-82.1294,38.9079],[-82.136,38.9049],[-82.1376,38.9019],[-82.1362,38.9017],[-82.1401,38.9012],[-82.1432,38.8981],[-82.1454,38.8842],[-82.1414,38.8753],[-82.1392,38.865],[-82.1442,38.8419],[-82.148,38.8365],[-82.1636,38.8234],[-82.1808,38.817],[-82.1921,38.8145],[-82.2145,38.7987],[-82.2216,38.7872],[-82.2196,38.7723],[-82.2166,38.7684],[-82.2071,38.7639],[-82.1989,38.7577],[-82.1956,38.7524],[-82.1933,38.7412],[-82.1883,38.7341],[-82.1869,38.7223],[-82.1914,38.7298],[-82.1917,38.7374],[-82.1931,38.7377],[-82.1938,38.7357],[-82.1913,38.7272],[-82.1846,38.7159],[-82.1825,38.7088],[-82.1902,38.6874],[-82.1909,38.6804],[-82.1861,38.6668],[-82.1856,38.6596],[-82.1791,38.6489],[-82.172,38.6256],[-82.1732,38.6124],[-82.1773,38.6038],[-82.1812,38.5998],[-82.1938,38.5931],[-82.219,38.5917],[-82.0551,38.4745],[-82.0646,38.608],[-81.9573,38.6566]]],"type":"Polygon"},"properties":{"GEOID":"54053","NAME":"Mason County"},"type":"Feature"},
{"geometry":{"coordinates":[[[-81.0529,37.2886],[-81.0361,37.2903],[-80.9796,37.3023],[-80.9791,37.3006],[-80.9822,37.296],[-80.9813,37.2935],[-80.977,37.2918],[-80.9666,37.2922],[-80.9442,37.2966],[-80.9381,37.3003],[-80.9193,37.3062],[-80.8992,37.3157],[-80.869,37.3386],[-80.8495,37.3469],[-80.8832,37.3839],[-80.863,37.4115],[-80.8655,37.4169],[-80.8653,37.4201],[-80.8595,37.4295],[-81.0962,37.5895],[-81.103,37.5896],[-81.1089,37.5939],[-81.1148,37.5893],[-81.1194,37.5884],[-81.124,37.5926],[-81.1308,37.593],[-81.1357,37.5979],[-81.1444,37.5963],[-81.1489,37.5908],[-81.1553,37.5928],[-81.1574,37.5902],[-81.1618,37.5898],[-81.1648,37.5873],[-81.1725,37.5863],[-81.1761,37.5843],[-81.1768,37.5805],[-81.1787,37.5795],[-81.1819,37.5798],[-81.1844,37.5821],[-81.1866,37.5798],[-81.1916,37.5788],[-81.1948,37.5756],[-81.1989,37.5755],[-81.1979,37.5679],[-81.2011,37.5652],[-81.1988,37.5594],[-81.2002,37.5584],[-81.1999,37.5562],[-81.2028,37.5562],[-81.2017,37.5536],[-81.2045,37.5527],[-81.2023,37.5494],[-81.2,37.5395],[-81.204,37.5332],[-81.2104,37.5306],[-81.207,37.5247],[-81.2083,37.5203],[-81.2127,37.5171],[-81.2139,37.5083],[-81.2219,37.5104],[-81.2276,37.51],[-81.2319,37.5068],[-81.236,37.5077],[-81.24,37.5066],[-81.243,37.5027],[-81.2585,37.4988],[-81.2637,37.4949],[-81.2639,37.4888],[-81.2718,37.4845],[-81.2722,37.4785],[-81.2781,37.4725],[-81.2822,37.4707],[-81.2948,37.4694],[-81.2968,37.4621],[-81.3005,37.46],[-81.304,37.4625],[-81.3048,37.4603],[-81.3074,37.4595],[-81.3047,37.4536],[-81.3056,37.4501],[-81.2943,37.4419],[-81.2937,37.4391],[-81.2878,37.4336],[-81.2876,37.4286],[-81.2828,37.4194],[-81.2865,37.4183],[-81.2929,37.4132],[-81.3029,37.4189],[-81.3058,37.4231],[-81.3112,37.4245],[-81.3622,37.3377],[-81.3201,37.2993],[-81.2251,37.2349],[-81.2048,37.243],[-81.1803,37.257],[-81.1611,37.2648],[-81.1041,37.2806],[-81.0529,37.2886]]],"type":"Polygon"},"properties":{"GEOID":"54055","NAME":"Mercer County"},"type":"Feature"},
{"geometry":{"coordinates":[[[-78.917,39.4862],[-78.9266,39.4873],[-78.9343,39.4863],[-78.9423,39.481],[-78.9414,39.4774],[-78.9385,39.4746],[-78.9401,39.4714],[-78.9461,39.4663],[-78.959,39.4627],[-78.959,39.4598],[-78.9543,39.4547],[-78.9605,39.451],[-78.956,39.4478],[-78.9556,39.4413],[-78.9649,39.4383],[-78.9696,39.4434],[-78.9777,39.4483],[-79.0109,39.4611],[-79.018,39.4677],[-79.0309,39.4653],[-79.0354,39.4695],[-79.037,39.4767],[-79.0444,39.4798],[-79.047,39.4833],[-79.0527,39.4817],[-79.055,39.4723],[-79.0569,39.4707],[-79.061,39.4719],[-79.0663,39.48],[-79.068,39.479],[-79.0693,39.474],[-79.083,39.4715],[-79.0911,39.4725],[-79.1,39.4769],[-79.1024,39.4764],[-79.1055,39.4739],[-79.1044,39.4708],[-79.0973,39.4685],[-79.0945,39.4648],[-79.0963,39.4624],[-79.1052,39.463],[-79.1079,39.4612],[-79.1083,39.4571],[-79.1018,39.4572],[-79.1028,39.4505],[-79.1078,39.4459],[-79.1139,39.4435],[-79.1169,39.4389],[-79.1121,39.4355],[-79.1108,39.4319],[-79.1127,39.4309],[-79.124,39.4332],[-79.129,39.4295],[-79.1274,39.4182],[-79.1298,39.4173],[-79.1365,39.4189],[-79.1418,39.4171],[-79.1411,39.4087],[-79.1438,39.4052],[-79.1467,39.4045],[-79.15,39.4061],[-79.1496,39.4137],[-79.1512,39.417],[-79.1554,39.4183],[-79.1595,39.417],[-79.1594,39.4095],[-79.1645,39.4057],[-79.1667,39.4009],[-79.1654,39.3955],[-79.1615,39.3909],[-79.1629,39.3878],[-79.1666,39.3877],[-79.1746,39.3954],[-79.1792,39.3965],[-79.1811,39.3944],[-79.177,39.389],[-79.1856,39.3852],[-79.1933,39.3886],[-79.1977,39.3884],[-79.2024,39.3788],[-79.2126,39.3702],[-79.2143,39.3635],[-79.231,39.3649],[-79.2329,39.3596],[-79.235,39.3587],[-79.2426,39.3594],[-79.2506,39.3555],[-79.2565,39.3571],[-79.2535,39.3479],[-79.2574,39.3419],[-79.2538,39.3371],[-79.2602,39.3343],[-79.2687,39.3362],[-79.2693,39.3304],[-79.2717,39.328],[-79.2382,39.3221],[-79.1345,39.3125],[-78.9799,39.2376],[-78.9763,39.2433],[-78.9567,39.2627],[-78.9534,39.2645],[-78.9461,39.2649],[-78.9397,39.269],[-78.9335,39.2761],[-78.9266,39.2789],[-78.9235,39.2847],[-78.9236,39.2905],[-78.919,39.297],[-78.8968,39.3138],[-78.8837,39.3284],[-78.8811,39.3258],[-78.8721,39.3273],[-78.8669,39.3259],[-78.8638,39.3281],[-78.86,39.3278],[-78.859,39.3296],[-78.8509,39.3309],[-78.8413,39.3516],[-78.8342,39.3523],[-78.8325,39.3569],[-78.8297,39.3565],[-78.8269,39.3587],[-78.8208,39.3694],[-78.8107,39.3766],[-78.7938,39.4046],[-78.7889,39.4184],[-78.7896,39.4246],[-78.7843,39.4274],[-78.7825,39.431],[-78.7785,39.4336],[-78.7744,39.4389],[-78.7735,39.4429],[-78.7666,39.4475],[-78.7633,39.4472],[-78.7576,39.4436],[-78.7497,39.4553],[-78.7393,39.4572],[-78.7368,39.4639],[-78.7298,39.4632],[-78.7036,39.4975],[-78.6904,39.5028],[-78.6571,39.5351],[-78.6642,39.537],[-78.6679,39.5402],[-78.6755,39.5402],[-78.6812,39.5438],[-78.6896,39.5458],[-78.6917,39.551],[-78.6947,39.5537],[-78.7075,39.5558],[-78.7132,39.5623],[-78.7246,39.5639],[-78.7316,39.5746],[-78.7335,39.5865],[-78.7402,39.5864],[-78.7431,39.581],[-78.7463,39.5798],[-78.7511,39.5818],[-78.757,39.5808],[-78.7671,39.5875],[-78.7703,39.595],[-78.7781,39.6015],[-78.7768,39.6041],[-78.7678,39.6088],[-78.7552,39.6104],[-78.7506,39.6096],[-78.7489,39.606],[-78.747,39.6056],[-78.7426,39.6092],[-78.7386,39.6099],[-78.7331,39.6147],[-78.7368,39.6222],[-78.7468,39.6267],[-78.7634,39.6188],[-78.778,39.6223],[-78.7782,39.6253],[-78.7726,39.6369],[-78.7685,39.6393],[-78.7648,39.6447],[-78.7664,39.6484],[-78.769,39.6463],[-78.776,39.6453],[-78.7812,39.6368],[-78.7908,39.6383],[-78.7953,39.6368],[-78.7941,39.6346],[-78.7975,39.6293],[-78.8016,39.6277],[-78.7958,39.6134],[-78.7965,39.6059],[-78.7998,39.605],[-78.8016,39.6068],[-78.809,39.6082],[-78.8119,39.598],[-78.8184,39.5941],[-78.8179,39.5919],[-78.8193,39.5899],[-78.8257,39.5892],[-78.8262,39.5773],[-78.8199,39.5763],[-78.8149,39.5713],[-78.8132,39.5672],[-78.8158,39.5629],[-78.8219,39.5606],[-78.8295,39.565],[-78.8383,39.5672],[-78.8433,39.5628],[-78.8503,39.5607],[-78.8535,39.5493],[-78.8614,39.541],[-78.8707,39.5388],[-78.8714,39.5357],[-78.8694,39.5318],[-78.8751,39.5227],[-78.8787,39.5213],[-78.8919,39.5248],[-78.8936,39.5229],[-78.8912,39.5184],[-78.8924,39.5133],[-78.9055,39.5115],[-78.9043,39.5036],[-78.909,39.4966],[-78.9132,39.4946],[-78.917,39.4862]]],"type":"Polygon"},"properties":{"GEOID":"54057","NAME":"Mineral County"},"type":"Feature"},
{"geometry":{"coordinates":[[[-82.4206,37.8476],[-82.4195,37.8458],[-82.4129,37.8448],[-82.4087,37.8361],[-82.3993,37.8295],[-82.3982,37.8214],[-82.4022,37.8129],[-82.4013,37.8095],[-82.3966,37.8089],[-82.3867,37.8182],[-82.38,37.8112],[-82.3766,37.8022],[-82.369,37.8013],[-82.3639,37.795],[-82.3551,37.7934],[-82.349,37.7869],[-82.3401,37.7856],[-82.3395,37.7771],[-82.3375,37.7749],[-82.3239,37.775],[-82.3231,37.7727],[-82.3336,37.7672],[-82.3334,37.7644],[-82.3285,37.7621],[-82.3168,37.7655],[-82.3115,37.7646],[-82.311,37.7612],[-82.3196,37.7583],[-82.3213,37.7516],[-82.3277,37.7492],[-82.3342,37.7428],[-82.3273,37.7364],[-82.3189,37.7337],[-82.3161,37.7211],[-82.3114,37.7185],[-82.3108,37.7133],[-82.3077,37.708],[-82.3003,37.7058],[-82.2964,37.7022],[-82.2967,37.6999],[-82.302,37.6968],[-82.3029,37.6936],[-82.2959,37.6862],[-82.3041,37.6783],[-82.3043,37.6761],[-82.295,37.6781],[-82.2946,37.6704],[-82.2881,37.6681],[-82.2845,37.6752],[-82.2825,37.6759],[-82.2713,37.6636],[-82.2581,37.6569],[-82.2519,37.6568],[-82.2409,37.6615],[-82.2361,37.6596],[-82.2334,37.6557],[-82.2262,37.6529],[-82.2242,37.6447],[-82.2168,37.6416],[-82.2205,37.6348],[-82.2146,37.6274],[-82.216,37.6262],[-82.2145,37.6254],[-82.2049,37.6252],[-82.2009,37.628],[-82.1923,37.6257],[-82.1872,37.627],[-82.1859,37.6289],[-82.1867,37.6351],[-82.1911,37.6446],[-82.1858,37.6486],[-82.1751,37.6478],[-82.1776,37.6408],[-82.1724,37.6326],[-82.1817,37.6271],[-82.1827,37.6244],[-82.1812,37.6215],[-82.1767,37.6182],[-82.169,37.6219],[-82.1642,37.6203],[-82.1696,37.613],[-82.1688,37.6091],[-82.1658,37.6077],[-82.1567,37.609],[-82.1569,37.5927],[-82.1484,37.5907],[-82.1399,37.595],[-82.1313,37.5927],[-82.1273,37.5865],[-82.1244,37.5774],[-82.1262,37.5737],[-82.1291,37.5721],[-82.1418,37.5711],[-82.1442,37.57],[-82.1449,37.5677],[-82.1444,37.5663],[-82.1344,37.5629],[-82.1335,37.5603],[-82.1353,37.5574],[-82.1341,37.5536],[-82.1321,37.5524],[-82.1234,37.5515],[-82.118,37.559],[-82.1048,37.5602],[-82.102,37.5584],[-82.1054,37.5543],[-82.104,37.5529],[-82.089,37.5561],[-82.0752,37.5559],[-82.0639,37.5431],[-82.0648,37.5372],[-82.0503,37.5354],[-82.0485,37.5337],[-82.0487,37.5293],[-82.0462,37.5279],[-82.0435,37.53],[-82.042,37.5342],[-82.045,37.5447],[-82.043,37.5481],[-82.0392,37.5478],[-82.037,37.5425],[-82.0296,37.5378],[-82.0261,37.5377],[-82.0196,37.5406],[-82.0174,37.5392],[-82.016,37.534],[-82.0108,37.5329],[-82.006,37.5346],[-82.0006,37.5422],[-81.9983,37.5433],[-81.9965,37.5418],[-81.9967,37.5386],[-81.9941,37.5377],[-81.9891,37.5428],[-81.9817,37.5421],[-81.976,37.5458],[-81.9701,37.5467],[-81.9649,37.5429],[-81.969,37.5357],[-81.9677,37.5331],[-81.9575,37.5355],[-81.9574,37.5296],[-81.9542,37.5281],[-81.9465,37.5319],[-81.9439,37.5312],[-81.9476,37.5259],[-81.9435,37.5208],[-81.9455,37.5164],[-81.9443,37.5133],[-81.9378,37.5136],[-81.9337,37.5195],[-81.9265,37.5147],[-81.927,37.5114],[-81.9226,37.5119],[-81.9172,37.5182],[-81.9121,37.5211],[-81.9118,37.5245],[-81.9095,37.527],[-81.8991,37.5245],[-81.8937,37.5252],[-81.8894,37.5281],[-81.8863,37.5366],[-81.8829,37.5382],[-81.8694,37.5378],[-81.8657,37.5432],[-81.8629,37.5433],[-81.8611,37.5466],[-81.8559,37.5489],[-81.8578,37.5543],[-81.8558,37.5618],[-81.8462,37.5668],[-81.84,37.5659],[-81.8343,37.5692],[-81.8342,37.5712],[-81.8371,37.5725],[-81.8381,37.5752],[-81.8326,37.5795],[-81.8318,37.5845],[-81.8279,37.5877],[-81.83,37.5969],[-81.826,37.5993],[-81.8149,37.5999],[-81.813,37.6015],[-81.8197,37.6081],[-81.8192,37.611],[-81.8171,37.6131],[-81.8119,37.6138],[-81.8127,37.6085],[-81.8113,37.607],[-81.8036,37.6122],[-81.7993,37.6205],[-81.8015,37.6251],[-81.7973,37.6273],[-81.7973,37.6302],[-81.7955,37.6315],[-81.7974,37.6375],[-81.8024,37.6423],[-81.7997,37.6565],[-81.8029,37.6605],[-81.8078,37.6618],[-81.8122,37.6567],[-81.8144,37.6553],[-81.8166,37.656],[-81.8228,37.6625],[-81.8297,37.665],[-81.8299,37.6672],[-81.8343,37.6719],[-81.838,37.6721],[-81.8463,37.665],[-81.8503,37.6644],[-81.8559,37.6676],[-81.865,37.6789],[-81.8706,37.6801],[-81.8742,37.6763],[-81.8748,37.6701],[-81.8887,37.6673],[-81.8929,37.662],[-81.9005,37.6609],[-81.9067,37.6631],[-81.9075,37.6686],[-81.9117,37.6701],[-81.9126,37.6728],[-81.9104,37.6763],[-81.9134,37.68],[-81.9182,37.6813],[-81.9233,37.6796],[-81.9262,37.682],[-81.9302,37.682],[-81.9383,37.6775],[-81.9391,37.6741],[-81.9448,37.6712],[-81.9523,37.6752],[-81.9554,37.675],[-81.9571,37.6697],[-81.9644,37.6674],[-81.9666,37.6645],[-81.9691,37.6666],[-81.9734,37.6658],[-81.9739,37.6682],[-81.9799,37.6678],[-81.984,37.6633],[-81.9854,37.6589],[-81.9918,37.6583],[-81.9916,37.654],[-81.9873,37.6506],[-81.9918,37.6474],[-81.9917,37.6427],[-81.9934,37.6406],[-81.9951,37.6435],[-82.0004,37.6453],[-81.9989,37.6482],[-81.9993,37.6523],[-82.0028,37.6544],[-82.001,37.6625],[-82.0067,37.6652],[-82.0111,37.6648],[-82.0151,37.6682],[-82.0226,37.6682],[-82.0216,37.6744],[-82.0225,37.6763],[-82.0246,37.6762],[-82.024,37.6823],[-82.027,37.6849],[-82.0318,37.6858],[-82.0342,37.6932],[-82.0379,37.6932],[-82.0413,37.7016],[-82.0468,37.703],[-82.0508,37.7005],[-82.0557,37.7015],[-82.0578,37.7034],[-82.0558,37.7051],[-82.0569,37.7058],[-82.0643,37.7055],[-82.0772,37.7005],[-82.0826,37.7016],[-82.0827,37.7044],[-82.0808,37.7059],[-82.0859,37.7071],[-82.0838,37.7139],[-82.0883,37.7176],[-82.0856,37.7217],[-82.092,37.7225],[-82.0857,37.7269],[-82.0852,37.7298],[-82.0857,37.7321],[-82.094,37.7347],[-82.0929,37.7379],[-82.0902,37.7392],[-82.0912,37.7422],[-82.0938,37.7442],[-82.0973,37.7429],[-82.0994,37.7468],[-82.1025,37.7456],[-82.1056,37.7505],[-82.1084,37.7498],[-82.11,37.747],[-82.117,37.7476],[-82.1158,37.7521],[-82.1118,37.7528],[-82.1124,37.7574],[-82.1104,37.7574],[-82.1093,37.7593],[-82.112,37.7624],[-82.111,37.7662],[-82.1052,37.7653],[-82.1004,37.7669],[-82.1041,37.771],[-82.101,37.7774],[-82.1039,37.7797],[-82.1004,37.7823],[-82.1027,37.7843],[-82.0999,37.787],[-82.1071,37.7887],[-82.1054,37.7923],[-82.1016,37.7946],[-82.1021,37.7979],[-82.1058,37.8011],[-82.1134,37.8016],[-82.1193,37.8059],[-82.1229,37.8047],[-82.1249,37.8108],[-82.1265,37.8096],[-82.1289,37.8109],[-82.1335,37.8104],[-82.1347,37.814],[-82.1323,37.8163],[-82.1353,37.8214],[-82.1336,37.8263],[-82.1388,37.8296],[-82.1391,37.8338],[-82.1443,37.8355],[-82.1462,37.8379],[-82.1402,37.8434],[-82.1354,37.8437],[-82.1348,37.8466],[-82.1128,37.8531],[-82.1142,37.8572],[-82.1123,37.8597],[-82.1142,37.8601],[-82.1172,37.8576],[-82.1199,37.8582],[-82.1212,37.8643],[-82.1243,37.8661],[-82.1243,37.8717],[-82.1265,37.8727],[-82.1264,37.8752],[-82.1288,37.8779],[-82.1276,37.8799],[-82.1227,37.8813],[-82.1211,37.8795],[-82.1185,37.8818],[-82.1191,37.8851],[-82.1221,37.8871],[-82.1202,37.8924],[-82.1232,37.8977],[-82.1279,37.9008],[-82.1316,37.8997],[-82.1344,37.9015],[-82.1444,37.9009],[-82.1495,37.904],[-82.1499,37.9061],[-82.1598,37.9075],[-82.1611,37.9119],[-82.1637,37.9124],[-82.1643,37.9141],[-82.1635,37.9235],[-82.1666,37.9258],[-82.1699,37.9255],[-82.1733,37.9293],[-82.1717,37.9322],[-82.1722,37.9365],[-82.1754,37.938],[-82.1769,37.937],[-82.1824,37.9422],[-82.1858,37.9425],[-82.1873,37.9458],[-82.1849,37.9491],[-82.1811,37.9509],[-82.1844,37.9551],[-82.19,37.9554],[-82.1925,37.9596],[-82.1972,37.9627],[-82.1903,37.9711],[-82.1907,37.9748],[-82.3064,37.9436],[-82.4037,37.8629],[-82.4006,37.8627],[-82.4011,37.8599],[-82.3989,37.8552],[-82.4,37.8514],[-82.3922,37.8489],[-82.3911,37.8471],[-82.394,37.8426],[-82.4006,37.8427],[-82.4048,37.8489],[-82.4101,37.8486],[-82.4148,37.8555],[-82.4206,37.8476]]],"type":"Polygon"},"properties":{"GEOID":"54059","NAME":"Mingo County"},"type":"Feature"},
{"geometry":{"coordinates":[[[-79.8497,39.546],[-79.7893,39.6238],[-79.7854,39.6573],[-79.7638,39.6969],[-79.7638,39.7208],[-80.3723,39.7214],[-80.4214,39.7212],[-80.4222,39.7199],[-80.4197,39.7127],[-80.4139,39.7116],[-80.4116,39.7154],[-80.4074,39.7178],[-80.4052,39.7151],[-80.4067,39.7132],[-80.4031,39.7062],[-80.4036,39.7028],[-80.4068,39.7003],[-80.4058,39.6942],[-80.3988,39.689],[-80.3952,39.6805],[-80.3958,39.6778],[-80.3986,39.6776],[-80.4009,39.6749],[-80.3986,39.6692],[-80.4028,39.6675],[-80.3993,39.6603],[-80.4015,39.6555],[-80.3948,39.6531],[-80.3941,39.65],[-80.3896,39.6446],[-80.3958,39.6373],[-80.3904,39.6351],[-80.3899,39.6333],[-80.3853,39.6326],[-80.3828,39.6341],[-80.3753,39.6315],[-80.3677,39.6336],[-80.3635,39.6271],[-80.36,39.6258],[-80.3603,39.6206],[-80.3575,39.6201],[-80.3556,39.6178],[-80.3522,39.6177],[-80.3511,39.6138],[-80.3475,39.6117],[-80.3424,39.613],[-80.3391,39.6112],[-80.3343,39.612],[-80.3301,39.6148],[-80.3279,39.6119],[-80.3245,39.6127],[-80.3226,39.6108],[-80.313,39.6118],[-80.1535,39.6104],[-80.1532,39.6065],[-80.1462,39.6066],[-80.1422,39.5963],[-80.1383,39.5966],[-80.1333,39.5946],[-80.1354,39.5894],[-80.135,39.5875],[-80.1315,39.5862],[-80.131,39.5832],[-80.1284,39.5827],[-80.1262,39.5795],[-80.1225,39.5804],[-80.118,39.5771],[-80.1154,39.5786],[-80.1107,39.5768],[-80.111,39.5717],[-80.1035,39.5696],[-80.1039,39.5671],[-80.0432,39.523],[-80.0384,39.5164],[-80.0454,39.5167],[-80.0471,39.5143],[-80.0419,39.5094],[-80.0346,39.5054],[-80.0281,39.506],[-80.0159,39.5021],[-80.0176,39.4946],[-80.0119,39.4918],[-80.0115,39.4874],[-80.0059,39.4876],[-80.0045,39.4856],[-79.9968,39.4873],[-79.9902,39.4824],[-79.9907,39.4791],[-79.9784,39.4742],[-79.9761,39.4713],[-79.9763,39.4682],[-79.9708,39.4666],[-79.968,39.463],[-79.8947,39.4356],[-79.8997,39.4819],[-79.8497,39.546]]],"type":"Polygon"},"properties":{"GEOID":"54061","NAME":"Monongalia County"},"type":"Feature"},
{"geometry":{"coordinates":[[[-80.6227,37.4333],[-80.6221,37.436],[-80.6168,37.4394],[-80.6002,37.4462],[-80.5859,37.4567],[-80.5829,37.4567],[-80.5815,37.4591],[-80.5614,37.4698],[-80.552,37.4736],[-80.5369,37.474],[-80.5324,37.4771],[-80.5235,37.4769],[-80.5186,37.4793],[-80.5151,37.4786],[-80.5114,37.4817],[-80.493,37.4577],[-80.4973,37.4448],[-80.4949,37.4351],[-80.4756,37.4229],[-80.4648,37.4261],[-80.4573,37.4323],[-80.443,37.4381],[-80.4256,37.4499],[-80.372,37.4741],[-80.3632,37.48],[-80.3668,37.4849],[-80.3438,37.4922],[-80.3271,37.4954],[-80.2998,37.5083],[-80.2824,37.5335],[-80.2917,37.5365],[-80.3093,37.5274],[-80.3304,37.5363],[-80.3275,37.5401],[-80.3145,37.5441],[-80.3122,37.5462],[-80.3285,37.5643],[-80.2589,37.5955],[-80.2403,37.607],[-80.226,37.6201],[-80.221,37.6278],[-80.2408,37.6383],[-80.2675,37.6462],[-80.2794,37.6571],[-80.2961,37.6918],[-80.3183,37.6858],[-80.3363,37.6876],[-80.3479,37.694],[-80.348,37.6976],[-80.3411,37.7019],[-80.3398,37.7043],[-80.3517,37.7088],[-80.3566,37.6969],[-80.3617,37.6896],[-80.3695,37.6917],[-80.3713,37.6912],[-80.3745,37.6858],[-80.3775,37.6858],[-80.3853,37.6928],[-80.3816,37.6991],[-80.3823,37.7037],[-80.3808,37.7073],[-80.3859,37.7075],[-80.3934,37.7022],[-80.3951,37.7042],[-80.3927,37.7083],[-80.3941,37.7107],[-80.391,37.7137],[-80.3946,37.7169],[-80.406,37.7075],[-80.412,37.7061],[-80.415,37.7031],[-80.4153,37.7003],[-80.4222,37.7019],[-80.4302,37.6949],[-80.4422,37.6896],[-80.4434,37.6875],[-80.449,37.6864],[-80.4517,37.6839],[-80.4627,37.6876],[-80.4601,37.6902],[-80.4606,37.6922],[-80.473,37.6934],[-80.4741,37.6969],[-80.4799,37.6925],[-80.4849,37.6942],[-80.4889,37.6915],[-80.4926,37.6941],[-80.4959,37.6912],[-80.4981,37.6944],[-80.5009,37.695],[-80.5051,37.6946],[-80.5067,37.6912],[-80.5086,37.6915],[-80.6144,37.7172],[-80.6202,37.7167],[-80.63,37.723],[-80.6548,37.7273],[-80.6633,37.7317],[-80.6604,37.7146],[-80.6708,37.698],[-80.7481,37.5876],[-80.7985,37.5221],[-80.8585,37.4283],[-80.8463,37.4234],[-80.8417,37.426],[-80.8377,37.4257],[-80.8086,37.4065],[-80.8061,37.404],[-80.807,37.4016],[-80.8057,37.398],[-80.8025,37.3983],[-80.7994,37.3957],[-80.7842,37.3946],[-80.7831,37.3902],[-80.777,37.3848],[-80.7701,37.3724],[-80.7599,37.3749],[-80.7487,37.3801],[-80.7434,37.3799],[-80.7278,37.3864],[-80.7257,37.3855],[-80.7207,37.3893],[-80.7163,37.3887],[-80.7155,37.3907],[-80.7052,37.3946],[-80.6975,37.3996],[-80.6851,37.4041],[-80.6524,37.4206],[-80.6459,37.4221],[-80.6369,37.4275],[-80.6374,37.4294],[-80.6344,37.4312],[-80.6227,37.4333]]],"type":"Polygon"},"properties":{"GEOID":"54063","NAME":"Monroe County"},"type":"Feature"},
{"geometry":{"coordinates":[[[-78.1543,39.5637],[-78.1482,39.5741],[-78.1424,39.5895],[-78.1389,39.5938],[-78.116,39.5939],[-78.1092,39.5874],[-78.0949,39.5822],[-78.0912,39.5852],[-78.0853,39.5973],[-78.0787,39.5999],[-78.0591,39.5983],[-78.0465,39.6081],[-78.0436,39.6129],[-78.037,39.6138],[-78.0352,39.6205],[-78.0222,39.6198],[-78.0373,39.637],[-78.0481,39.6435],[-78.0542,39.651],[-78.0758,39.6678],[-78.0828,39.6714],[-78.0895,39.6714],[-78.0983,39.6789],[-78.1398,39.6898],[-78.1543,39.6906],[-78.1715,39.6956],[-78.1819,39.6953],[-78.191,39.6903],[-78.196,39.6827],[-78.2022,39.6769],[-78.2271,39.6762],[-78.2326,39.6736],[-78.233,39.6707],[-78.2243,39.6635],[-78.2238,39.6605],[-78.2272,39.6571],[-78.2381,39.6522],[-78.2541,39.6402],[-78.2623,39.6305],[-78.2629,39.6225],[-78.2661,39.6191],[-78.286,39.6212],[-78.3109,39.6306],[-78.3352,39.6374],[-78.3553,39.6407],[-78.358,39.6398],[-78.3593,39.6372],[-78.3535,39.6306],[-78.3555,39.6261],[-78.3605,39.6254],[-78.3738,39.6304],[-78.3824,39.6278],[-78.3834,39.6229],[-78.372,39.6119],[-78.3756,39.6083],[-78.3839,39.609],[-78.3965,39.6164],[-78.4205,39.6241],[-78.4301,39.6234],[-78.4333,39.6207],[-78.4335,39.6182],[-78.4255,39.6077],[-78.4116,39.5974],[-78.3989,39.5916],[-78.3962,39.5893],[-78.3948,39.5852],[-78.3997,39.5807],[-78.4074,39.5786],[-78.4183,39.5809],[-78.4261,39.5861],[-78.4435,39.5913],[-78.4504,39.5906],[-78.4568,39.5876],[-78.458,39.5797],[-78.4543,39.5741],[-78.4374,39.5631],[-78.4263,39.5592],[-78.417,39.5486],[-78.4195,39.5456],[-78.4245,39.5452],[-78.4315,39.5523],[-78.4377,39.5534],[-78.4391,39.5508],[-78.4366,39.5482],[-78.4346,39.5422],[-78.4379,39.5385],[-78.4504,39.5498],[-78.4611,39.5508],[-78.4619,39.549],[-78.4605,39.5462],[-78.4499,39.5434],[-78.4485,39.5404],[-78.4502,39.538],[-78.458,39.5383],[-78.4624,39.5364],[-78.4612,39.5239],[-78.4631,39.5203],[-78.4686,39.5166],[-78.4377,39.5001],[-78.3986,39.4837],[-78.3471,39.466],[-78.2628,39.4143],[-78.2288,39.3912],[-78.2075,39.4315],[-78.2,39.4412],[-78.1893,39.4801],[-78.1746,39.5138],[-78.1739,39.5214],[-78.1603,39.5469],[-78.1543,39.5637]]],"type":"Polygon"},"properties":{"GEOID":"54065","NAME":"Morgan County"},"type":"Feature"},
{"geometry":{"coordinates":[[[-80.9029,38.4206],[-80.9114,38.4148],[-80.9998,38.3723],[-81.0047,38.3688],[-81.0289,38.3589],[-81.2316,38.2635],[-81.2206,38.2619],[-81.2203,38.2574],[-81.2221,38.2557],[-81.2207,38.2544],[-81.2148,38.2551],[-81.2105,38.2513],[-81.2043,38.2489],[-81.1924,38.2495],[-81.191,38.2462],[-81.1937,38.2415],[-81.1856,38.2372],[-81.1946,38.233],[-81.1928,38.229],[-81.1889,38.2316],[-81.1764,38.2337],[-81.1701,38.232],[-81.1615,38.2272],[-81.1544,38.2263],[-81.152,38.2268],[-81.1434,38.2363],[-81.1336,38.2355],[-81.1276,38.2312],[-81.1231,38.2249],[-81.1172,38.2221],[-81.1108,38.2135],[-81.1015,38.2101],[-81.0946,38.2047],[-81.0845,38.2043],[-81.0836,38.1994],[-81.0747,38.1961],[-81.0687,38.1967],[-81.0654,38.2002],[-81.0714,38.206],[-81.0716,38.2085],[-81.0696,38.2109],[-81.066,38.2119],[-81.0575,38.2106],[-81.0512,38.2126],[-81.0526,38.2174],[-81.0587,38.2193],[-81.0597,38.2218],[-81.0487,38.223],[-81.0383,38.2285],[-81.0366,38.2325],[-81.0392,38.2376],[-81.0384,38.24],[-81.0346,38.2401],[-81.0284,38.2371],[-81.0274,38.2301],[-81.0327,38.225],[-81.0349,38.2205],[-81.0322,38.2183],[-81.0245,38.2171],[-81.0207,38.2148],[-81.0191,38.2116],[-81.0197,38.2061],[-81.017,38.2039],[-81.0073,38.2063],[-81.0116,38.214],[-81.0078,38.2214],[-80.9835,38.2225],[-80.9691,38.2153],[-80.966,38.2084],[-80.9649,38.201],[-80.9568,38.2026],[-80.9441,38.1936],[-80.9485,38.1854],[-80.9466,38.1831],[-80.9428,38.1836],[-80.9415,38.1818],[-80.951,38.1765],[-80.9462,38.1727],[-80.9499,38.1683],[-80.9438,38.1639],[-80.9439,38.1606],[-80.9407,38.1551],[-80.9279,38.1512],[-80.9197,38.1415],[-80.9139,38.1421],[-80.9114,38.1442],[-80.9085,38.1433],[-80.9103,38.1324],[-80.9049,38.1282],[-80.9027,38.1226],[-80.895,38.128],[-80.893,38.1323],[-80.8879,38.1357],[-80.8858,38.1365],[-80.8828,38.134],[-80.8824,38.1306],[-80.8878,38.1216],[-80.8853,38.1163],[-80.8791,38.1137],[-80.8764,38.1107],[-80.8822,38.1035],[-80.7498,38.0863],[-80.712,38.0791],[-80.6907,38.0916],[-80.5327,38.1986],[-80.4365,38.2673],[-80.6095,38.3586],[-80.6128,38.367],[-80.6255,38.3544],[-80.6334,38.3751],[-80.6354,38.3758],[-80.6617,38.4125],[-80.6407,38.4242],[-80.6783,38.5035],[-80.6508,38.5266],[-80.6565,38.5282],[-80.6591,38.5273],[-80.6591,38.5254],[-80.67,38.5275],[-80.6754,38.5302],[-80.6751,38.532],[-80.6776,38.5331],[-80.6885,38.5317],[-80.6911,38.5346],[-80.6947,38.5334],[-80.6972,38.5373],[-80.7009,38.5334],[-80.7103,38.5342],[-80.7115,38.537],[-80.7164,38.5369],[-80.7191,38.5323],[-80.7239,38.5362],[-80.7267,38.5323],[-80.7308,38.5344],[-80.7373,38.5324],[-80.7379,38.5289],[-80.7363,38.5245],[-80.7395,38.524],[-80.7425,38.527],[-80.7505,38.5255],[-80.7519,38.5328],[-80.7582,38.5352],[-80.7578,38.5379],[-80.7607,38.5379],[-80.7603,38.5415],[-80.7649,38.5444],[-80.7706,38.5445],[-80.7725,38.547],[-80.7773,38.548],[-80.7797,38.5562],[-80.7852,38.5576],[-80.8812,38.507],[-80.8759,38.503],[-80.8672,38.504],[-80.8646,38.5001],[-80.8253,38.4944],[-80.8174,38.4786],[-80.9029,38.4206]]],"type":"Polygon"},"properties":{"GEOID":"54067","NAME":"Nicholas County"},"type":"Feature"},
{"geometry":{"coordinates":[[[-80.7338,40.0334],[-80.5191,40.0164],[-80.5191,40.1597],[-80.5955,40.1772],[-80.6641,40.1789],[-80.6619,40.1819],[-80.6649,40.1831],[-80.6637,40.1859],[-80.673,40.1831],[-80.6802,40.1846],[-80.6829,40.1821],[-80.6807,40.1854],[-80.6818,40.1856],[-80.6865,40.1811],[-80.706,40.1524],[-80.7102,40.1383],[-80.7107,40.1255],[-80.7071,40.1111],[-80.7091,40.1012],[-80.7136,40.0968],[-80.7314,40.0863],[-80.7385,40.0778],[-80.7382,40.0665],[-80.7334,40.0588],[-80.7313,40.0489],[-80.7319,40.0372],[-80.7338,40.0334]]],"type":"Polygon"},"properties":{"GEOID":"54069","NAME":"Ohio County"},"type":"Feature"},
{"geometry":{"coordinates":[[[-79.5375,38.5513],[-79.532,38.5424],[-79.5215,38.5341],[-79.4766,38.4572],[-79.3123,38.4119],[-79.3056,38.4153],[-79.3001,38.4149],[-79.2907,38.421],[-79.2829,38.4181],[-79.2803,38.4204],[-79.2797,38.4237],[-79.2828,38.4317],[-79.2745,38.4364],[-79.2673,38.4383],[-79.2611,38.4481],[-79.257,38.4506],[-79.2545,38.4559],[-79.2475,38.4533],[-79.2427,38.4542],[-79.2422,38.4646],[-79.2399,38.4701],[-79.2257,38.4765],[-79.221,38.4806],[-79.2215,38.4847],[-79.2191,38.4874],[-79.2106,38.4929],[-79.207,38.5035],[-79.211,38.508],[-79.2059,38.5245],[-79.2015,38.5278],[-79.1989,38.5321],[-79.1991,38.535],[-79.1935,38.5424],[-79.1841,38.5515],[-79.1817,38.5585],[-79.1767,38.5655],[-79.171,38.5681],[-79.1709,38.5741],[-79.1679,38.5795],[-79.1634,38.5828],[-79.1583,38.5931],[-79.1598,38.5951],[-79.1593,38.6009],[-79.1544,38.6065],[-79.1556,38.6105],[-79.1515,38.6202],[-79.146,38.6268],[-79.1427,38.6344],[-79.1376,38.638],[-79.1298,38.655],[-79.1244,38.6558],[-79.1233,38.6589],[-79.1205,38.6602],[-79.116,38.6588],[-79.1116,38.6597],[-79.1064,38.6562],[-79.0928,38.6598],[-79.0922,38.6681],[-79.0879,38.6738],[-79.0843,38.6865],[-79.0908,38.6925],[-79.093,38.7017],[-79.0866,38.716],[-79.0873,38.7201],[-79.0791,38.7372],[-79.0739,38.7421],[-79.0724,38.7478],[-79.061,38.7567],[-79.0573,38.7614],[-79.3499,38.9575],[-79.3548,38.953],[-79.3569,38.943],[-79.3588,38.9392],[-79.3621,38.9373],[-79.3625,38.9344],[-79.3665,38.9315],[-79.368,38.9248],[-79.3735,38.9231],[-79.3749,38.9208],[-79.3901,38.9233],[-79.4157,38.923],[-79.4243,38.9291],[-79.4425,38.9326],[-79.4555,38.9299],[-79.457,38.9246],[-79.4557,38.9186],[-79.4504,38.9128],[-79.4502,38.9092],[-79.4459,38.9046],[-79.4483,38.902],[-79.4445,38.8986],[-79.4581,38.8962],[-79.4655,38.8921],[-79.4749,38.8916],[-79.4829,38.8863],[-79.4921,38.8887],[-79.4962,38.8917],[-79.5057,38.8935],[-79.5118,38.894],[-79.5197,38.892],[-79.5186,38.8844],[-79.5101,38.8758],[-79.5127,38.8672],[-79.5232,38.8562],[-79.5303,38.8521],[-79.5313,38.8482],[-79.5391,38.8414],[-79.5232,38.8302],[-79.5291,38.823],[-79.5298,38.8193],[-79.5272,38.8142],[-79.5165,38.8087],[-79.5077,38.8005],[-79.506,38.7937],[-79.5096,38.7883],[-79.5086,38.7844],[-79.5101,38.7807],[-79.5158,38.7794],[-79.5155,38.7776],[-79.527,38.7631],[-79.5276,38.7593],[-79.5343,38.7477],[-79.5432,38.7465],[-79.5454,38.7372],[-79.5569,38.7312],[-79.5574,38.7279],[-79.561,38.724],[-79.5608,38.7175],[-79.5641,38.7152],[-79.5643,38.7132],[-79.571,38.7136],[-79.577,38.7019],[-79.587,38.6947],[-79.5882,38.6895],[-79.5977,38.6876],[-79.5971,38.6829],[-79.6015,38.6787],[-79.5986,38.677],[-79.5989,38.6727],[-79.594,38.6658],[-79.5956,38.6631],[-79.603,38.6637],[-79.6147,38.6677],[-79.6184,38.6666],[-79.6231,38.6688],[-79.6259,38.6667],[-79.6261,38.6625],[-79.6179,38.6584],[-79.6252,38.6467],[-79.6303,38.6444],[-79.6343,38.6363],[-79.63,38.6344],[-79.6274,38.6299],[-79.6281,38.6265],[-79.6195,38.6229],[-79.6193,38.6204],[-79.6227,38.6141],[-79.6277,38.6118],[-79.6271,38.6079],[-79.643,38.6028],[-79.6421,38.6002],[-79.6436,38.5977],[-79.6464,38.5975],[-79.6499,38.5934],[-79.6491,38.5915],[-79.5718,38.5631],[-79.5555,38.5602],[-79.5375,38.5513]]],"type":"Polygon"},"properties":{"GEOID":"54071","NAME":"Pendleton County"},"type":"Feature"},
{"geometry":{"coordinates":[[[-81.1984,39.4169],[-81.2108,39.4036],[-81.2117,39.393],[-81.2173,39.3876],[-81.2236,39.3861],[-81.2444,39.3904],[-81.2504,39.3901],[-81.2598,39.3867],[-81.2703,39.386],[-81.2814,39.3793],[-81.3018,39.3722],[-81.3449,39.3468],[-81.3569,39.3432],[-81.3715,39.3425],[-81.367,39.3338],[-81.3672,39.3285],[-81.3616,39.3255],[-81.3664,39.3241],[-81.3634,39.3204],[-81.3556,39.3209],[-81.3546,39.322],[-81.3576,39.3252],[-81.3486,39.3288],[-81.341,39.319],[-81.3376,39.3194],[-81.3387,39.3226],[-81.3351,39.3241],[-81.3331,39.324],[-81.3306,39.321],[-81.3279,39.3221],[-81.3259,39.3199],[-81.3268,39.3172],[-81.324,39.3163],[-81.3283,39.312],[-81.3246,39.3048],[-81.326,39.3032],[-81.3232,39.3017],[-81.3241,39.2984],[-81.3133,39.3004],[-81.3052,39.2976],[-81.2969,39.2985],[-81.2909,39.298],[-81.2892,39.2963],[-81.2834,39.297],[-81.2769,39.2938],[-81.2656,39.2955],[-81.2603,39.2913],[-81.2592,39.2869],[-81.2607,39.286],[-81.2603,39.2814],[-81.2476,39.2766],[-81.244,39.2709],[-81.2395,39.2683],[-81.2346,39.2729],[-81.2317,39.2733],[-81.2321,39.2788],[-81.2305,39.2811],[-81.233,39.2858],[-81.2307,39.2879],[-81.2323,39.2901],[-81.23,39.2911],[-81.2276,39.297],[-81.2249,39.299],[-81.2251,39.3018],[-81.2201,39.3047],[-81.221,39.3082],[-81.2033,39.308],[-81.1903,39.3051],[-81.1894,39.3082],[-81.1916,39.3119],[-81.1891,39.3141],[-81.1861,39.3108],[-81.1809,39.3104],[-81.1797,39.3081],[-81.1722,39.3055],[-81.1683,39.3062],[-81.1674,39.3111],[-81.1647,39.312],[-81.1585,39.3095],[-81.1577,39.3114],[-81.149,39.3127],[-81.1447,39.3115],[-81.1421,39.3135],[-81.1358,39.3105],[-81.1323,39.3151],[-81.1258,39.3139],[-81.1248,39.3159],[-81.1215,39.314],[-81.1187,39.3154],[-81.1178,39.319],[-81.1147,39.3203],[-81.1131,39.3241],[-81.1095,39.3249],[-81.106,39.3228],[-81.1025,39.3233],[-81.0994,39.3264],[-81.0921,39.3264],[-81.0914,39.3284],[-81.0865,39.3281],[-81.081,39.3312],[-81.0768,39.327],[-81.0716,39.3287],[-81.0697,39.3258],[-81.0625,39.3248],[-81.0604,39.3227],[-81.0589,39.3247],[-81.0535,39.3256],[-81.0534,39.3273],[-81.0444,39.3288],[-81.0428,39.3308],[-81.0443,39.3337],[-81.0423,39.335],[-81.0442,39.3383],[-81.0397,39.3389],[-81.0401,39.3431],[-81.0361,39.3448],[-81.035,39.347],[-81.0367,39.3504],[-81.0309,39.3505],[-81.0271,39.3467],[-81.0235,39.3465],[-81.019,39.3487],[-81.0174,39.3516],[-81.0078,39.3509],[-81.0152,39.4101],[-81.0232,39.4418],[-81.0254,39.4637],[-81.0305,39.468],[-81.0426,39.4686],[-81.0534,39.4752],[-81.0613,39.4764],[-81.06,39.4725],[-81.0542,39.468],[-81.0567,39.4634],[-81.0791,39.4675],[-81.0858,39.4645],[-81.0914,39.4583],[-81.0956,39.4572],[-81.1006,39.4603],[-81.1012,39.4623],[-81.1069,39.4636],[-81.1173,39.4566],[-81.1215,39.4578],[-81.1285,39.4494],[-81.1344,39.4451],[-81.1635,39.4412],[-81.1799,39.4351],[-81.1859,39.4307],[-81.1907,39.4236],[-81.1984,39.4169]]],"type":"Polygon"},"properties":{"GEOID":"54073","NAME":"Pleasants County"},"type":"Feature"},
{"geometry":{"coordinates":[[[-80.274,38.371],[-80.3303,38.3358],[-80.3522,38.3453],[-80.36,38.2258],[-80.3633,38.1143],[-80.2647,38.0466],[-80.2243,38.0421],[-80.2222,38.0438],[-80.217,38.0427],[-80.2104,38.0371],[-80.2059,38.0376],[-80.1978,38.0429],[-80.193,38.0423],[-80.1886,38.0391],[-80.1836,38.0408],[-80.1692,38.0361],[-80.1656,38.0364],[-80.1069,38.0558],[-79.9598,38.0637],[-79.9616,38.0674],[-79.9578,38.072],[-79.9544,38.0804],[-79.9473,38.085],[-79.9427,38.0913],[-79.9351,38.0965],[-79.9263,38.1068],[-79.9297,38.1092],[-79.9389,38.1116],[-79.9415,38.1174],[-79.9407,38.1209],[-79.9432,38.1231],[-79.9412,38.1253],[-79.9453,38.1322],[-79.9427,38.1343],[-79.9327,38.1362],[-79.929,38.1398],[-79.9287,38.1449],[-79.9261,38.1496],[-79.9187,38.1548],[-79.9195,38.1626],[-79.9162,38.1631],[-79.9149,38.1677],[-79.9179,38.1684],[-79.9188,38.1701],[-79.9165,38.1768],[-79.921,38.18],[-79.9201,38.1825],[-79.9162,38.1842],[-79.9144,38.1884],[-79.9074,38.188],[-79.8973,38.1934],[-79.8974,38.1958],[-79.8929,38.1999],[-79.8903,38.2059],[-79.8864,38.208],[-79.883,38.2069],[-79.8792,38.2109],[-79.8746,38.213],[-79.8739,38.2154],[-79.8609,38.2252],[-79.857,38.2311],[-79.8503,38.2333],[-79.8452,38.2411],[-79.8351,38.2419],[-79.8309,38.2497],[-79.8253,38.2505],[-79.8196,38.2482],[-79.8149,38.2516],[-79.8157,38.2551],[-79.812,38.2604],[-79.8063,38.2592],[-79.8013,38.2615],[-79.7983,38.266],[-79.7959,38.2656],[-79.7892,38.2684],[-79.7865,38.2746],[-79.79,38.2774],[-79.7898,38.2812],[-79.7954,38.2902],[-79.7978,38.2921],[-79.8028,38.2921],[-79.804,38.2986],[-79.8101,38.305],[-79.8087,38.3094],[-79.8023,38.3163],[-79.7996,38.3171],[-79.7966,38.3235],[-79.79,38.3282],[-79.787,38.3284],[-79.7858,38.3311],[-79.7793,38.3316],[-79.7731,38.3355],[-79.7676,38.3443],[-79.7703,38.3478],[-79.766,38.3513],[-79.7673,38.3534],[-79.7644,38.3565],[-79.7556,38.3574],[-79.7422,38.3532],[-79.7353,38.3552],[-79.7321,38.3602],[-79.7256,38.3638],[-79.7268,38.3708],[-79.7317,38.3734],[-79.7295,38.3812],[-79.7263,38.3871],[-79.7227,38.3895],[-79.7174,38.4016],[-79.709,38.4096],[-79.7091,38.4121],[-79.7066,38.4157],[-79.6997,38.4219],[-79.6953,38.4237],[-79.6968,38.4268],[-79.6897,38.4315],[-79.6917,38.4371],[-79.6892,38.4421],[-79.6915,38.4463],[-79.6881,38.4504],[-79.6884,38.4569],[-79.6911,38.4637],[-79.6956,38.4691],[-79.6991,38.4703],[-79.6995,38.4745],[-79.6934,38.4802],[-79.6955,38.4815],[-79.6976,38.4872],[-79.6923,38.4965],[-79.6883,38.4962],[-79.683,38.5013],[-79.6804,38.5106],[-79.6741,38.5104],[-79.6705,38.5077],[-79.6685,38.5123],[-79.6622,38.5152],[-79.6668,38.5243],[-79.673,38.5287],[-79.6669,38.5383],[-79.6709,38.541],[-79.6692,38.5453],[-79.6696,38.5508],[-79.6673,38.5526],[-79.6651,38.5609],[-79.6626,38.5605],[-79.6592,38.5627],[-79.6629,38.5704],[-79.6582,38.573],[-79.6561,38.5762],[-79.6552,38.5831],[-79.6492,38.591],[-79.6498,38.5936],[-79.6423,38.5998],[-79.6434,38.6025],[-79.633,38.607],[-79.6271,38.6079],[-79.6277,38.6118],[-79.6227,38.6141],[-79.6193,38.6204],[-79.6195,38.6229],[-79.6281,38.6265],[-79.6274,38.6299],[-79.63,38.6344],[-79.6343,38.6363],[-79.6303,38.6444],[-79.6252,38.6467],[-79.6179,38.6584],[-79.6258,38.6622],[-79.6268,38.6642],[-79.6307,38.6599],[-79.6361,38.6616],[-79.6348,38.6667],[-79.628,38.6732],[-79.6263,38.6776],[-79.6339,38.682],[-79.6437,38.6807],[-79.661,38.6902],[-79.6651,38.6866],[-79.6786,38.6819],[-79.6793,38.679],[-79.6776,38.6766],[-79.6797,38.6729],[-79.6786,38.6648],[-79.684,38.6644],[-79.6978,38.6661],[-79.6996,38.6753],[-79.7023,38.6774],[-79.7019,38.6799],[-79.7102,38.6857],[-79.7189,38.6848],[-79.7254,38.6791],[-79.7334,38.6781],[-79.739,38.6795],[-79.7439,38.6864],[-79.7377,38.6915],[-79.7393,38.6934],[-79.7373,38.6961],[-79.7372,38.7074],[-79.7308,38.7124],[-79.7355,38.712],[-79.7395,38.7181],[-79.7477,38.7195],[-79.7509,38.7219],[-79.7505,38.7258],[-79.7553,38.7276],[-79.7547,38.734],[-79.7584,38.7337],[-79.7597,38.736],[-79.7669,38.7345],[-79.7752,38.7397],[-79.7775,38.7395],[-79.7818,38.7369],[-79.7814,38.7344],[-79.7843,38.7288],[-79.7934,38.7214],[-79.7935,38.716],[-79.8025,38.71],[-79.8019,38.7066],[-79.7982,38.7034],[-79.8049,38.6936],[-79.809,38.6915],[-79.808,38.6829],[-79.8146,38.6767],[-79.8141,38.6737],[-79.8204,38.6639],[-79.8218,38.6561],[-79.8279,38.6542],[-79.8338,38.6476],[-79.8323,38.6409],[-79.8298,38.6379],[-79.8304,38.6362],[-79.8348,38.6304],[-79.8384,38.6286],[-79.8424,38.6294],[-79.8442,38.6321],[-79.8467,38.6296],[-79.8467,38.6217],[-79.8438,38.616],[-79.8423,38.6081],[-79.8485,38.6008],[-79.8493,38.5948],[-79.8565,38.5836],[-79.8557,38.575],[-79.8576,38.5718],[-79.8593,38.56],[-79.8633,38.5538],[-79.8633,38.5508],[-80.0284,38.4592],[-80.1169,38.474],[-80.2455,38.3885],[-80.274,38.371]]],"type":"Polygon"},"properties":{"GEOID":"54075","NAME":"Pocahontas County"},"type":"Feature"},
{"geometry":{"coordinates":[[[-79.6608,39.7208],[-79.7638,39.7208],[-79.7638,39.6969],[-79.7854,39.6573],[-79.7893,39.6238],[-79.8997,39.4819],[-79.8947,39.4356],[-79.8955,39.2996],[-79.8904,39.299],[-79.8887,39.3029],[-79.8871,39.298],[-79.8799,39.2948],[-79.8722,39.2947],[-79.871,39.2908],[-79.8672,39.2903],[-79.865,39.2869],[-79.862,39.2855],[-79.8612,39.2812],[-79.8584,39.2802],[-79.8602,39.2757],[-79.8593,39.2739],[-79.8536,39.2723],[-79.8526,39.2707],[-79.8542,39.264],[-79.8516,39.2626],[-79.8509,39.2568],[-79.8534,39.2503],[-79.8503,39.2465],[-79.839,39.2433],[-79.8363,39.2409],[-79.8256,39.2413],[-79.8172,39.2399],[-79.8093,39.2358],[-79.8097,39.2305],[-79.6873,39.2714],[-79.5076,39.2162],[-79.4872,39.1949],[-79.4859,39.2649],[-79.4873,39.2652],[-79.4877,39.2799],[-79.4861,39.3443],[-79.4844,39.345],[-79.4824,39.5317],[-79.4789,39.5317],[-79.4778,39.6423],[-79.4766,39.6427],[-79.4767,39.7211],[-79.6608,39.7208]]],"type":"Polygon"},"properties":{"GEOID":"54077","NAME":"Preston County"},"type":"Feature"},
{"geometry":{"coordinates":[[[-82.0646,38.608],[-82.0504,38.4035],[-82.0431,38.3373],[-82.0491,38.2913],[-82.0445,38.287],[-82.0409,38.2876],[-82.0407,38.2856],[-82.0365,38.2866],[-82.0358,38.2837],[-82.0321,38.2839],[-82.0317,38.2806],[-82.0283,38.2794],[-82.0189,38.2818],[-82.0189,38.2793],[-82.0154,38.2793],[-82.0162,38.2718],[-82.0094,38.2727],[-82.0065,38.2709],[-82.0018,38.2716],[-82.0006,38.2681],[-81.9974,38.2666],[-81.9936,38.2679],[-81.9918,38.2691],[-81.9912,38.2758],[-81.9863,38.276],[-81.9845,38.2778],[-81.9821,38.2767],[-81.9152,38.3256],[-81.9002,38.3986],[-81.8496,38.4234],[-81.8466,38.4236],[-81.8461,38.425],[-81.8403,38.4261],[-81.8374,38.4252],[-81.8349,38.4294],[-81.8287,38.4292],[-81.8287,38.4305],[-81.8265,38.431],[-81.8228,38.4297],[-81.8193,38.4353],[-81.8147,38.4329],[-81.8134,38.4351],[-81.7771,38.4471],[-81.7231,38.4678],[-81.722,38.4747],[-81.7272,38.4768],[-81.7253,38.4803],[-81.7275,38.4808],[-81.7292,38.4837],[-81.7339,38.4954],[-81.7329,38.4976],[-81.7345,38.5001],[-81.7317,38.5036],[-81.7378,38.5049],[-81.7424,38.5087],[-81.7436,38.5111],[-81.7398,38.5126],[-81.7423,38.5179],[-81.7541,38.524],[-81.7508,38.5265],[-81.7554,38.5339],[-81.7521,38.5349],[-81.7539,38.5382],[-81.7493,38.5407],[-81.7492,38.5432],[-81.7516,38.5465],[-81.7491,38.548],[-81.7472,38.5536],[-81.7501,38.5555],[-81.748,38.5591],[-81.75,38.5634],[-81.7478,38.5665],[-81.7499,38.5682],[-81.7489,38.5707],[-81.7505,38.5725],[-81.7513,38.5795],[-81.7559,38.5809],[-81.7515,38.5858],[-81.7505,38.591],[-81.7418,38.5938],[-81.7411,38.5977],[-81.739,38.5993],[-81.7288,38.5962],[-81.6963,38.6264],[-81.7477,38.6841],[-81.9558,38.6574],[-82.0646,38.608]]],"type":"Polygon"},"properties":{"GEOID":"54079","NAME":"Putnam County"},"type":"Feature"},
{"geometry":{"coordinates":[[[-81.5715,37.9278],[-81.5705,37.9243],[-81.5676,37.9242],[-81.5673,37.9208],[-81.5619,37.9194],[-81.5643,37.913],[-81.5614,37.911],[-81.5614,37.9091],[-81.5642,37.9027],[-81.5594,37.8972],[-81.5538,37.8943],[-81.5581,37.8893],[-81.5613,37.8889],[-81.5634,37.8863],[-81.5634,37.8834],[-81.5593,37.8823],[-81.56,37.8791],[-81.5581,37.8772],[-81.5641,37.8743],[-81.5676,37.8675],[-81.5627,37.8653],[-81.5641,37.8611],[-81.5636,37.857],[-81.561,37.8561],[-81.5616,37.8422],[-81.5577,37.8383],[-81.5578,37.8332],[-81.5523,37.8247],[-81.5495,37.8247],[-81.5469,37.828],[-81.5444,37.8271],[-81.542,37.8289],[-81.5394,37.8247],[-81.5323,37.8258],[-81.5287,37.8236],[-81.5276,37.8209],[-81.5206,37.8213],[-81.5168,37.8186],[-81.5199,37.8156],[-81.5186,37.8113],[-81.5211,37.8001],[-81.5142,37.7912],[-81.51,37.7899],[-81.5064,37.7935],[-81.5003,37.7891],[-81.4929,37.7915],[-81.4892,37.7838],[-81.4819,37.783],[-81.4785,37.7806],[-81.4647,37.786],[-81.4576,37.784],[-81.4565,37.7783],[-81.4443,37.7639],[-81.4454,37.7614],[-81.4378,37.7531],[-81.4307,37.7497],[-81.4279,37.7501],[-81.3217,37.5978],[-81.3225,37.5942],[-81.3209,37.5914],[-81.3186,37.5883],[-81.3136,37.5873],[-81.3109,37.5823],[-81.3124,37.5804],[-81.3103,37.5766],[-81.3134,37.5746],[-81.3128,37.5683],[-81.3165,37.5601],[-81.3123,37.5577],[-81.3133,37.5548],[-81.3122,37.5534],[-81.3016,37.5454],[-81.2986,37.5461],[-81.285,37.5406],[-81.28,37.5428],[-81.2774,37.5419],[-81.2751,37.5341],[-81.2699,37.5335],[-81.2642,37.5276],[-81.2583,37.5289],[-81.2531,37.533],[-81.2501,37.53],[-81.2454,37.5303],[-81.2405,37.5246],[-81.2308,37.5179],[-81.2251,37.5168],[-81.2224,37.5107],[-81.2189,37.5088],[-81.2139,37.5084],[-81.2127,37.5171],[-81.2083,37.5203],[-81.207,37.5247],[-81.2104,37.5306],[-81.204,37.5332],[-81.2,37.5394],[-81.2023,37.5494],[-81.2045,37.5527],[-81.2017,37.5536],[-81.2028,37.5562],[-81.1999,37.5562],[-81.2002,37.5584],[-81.1988,37.5594],[-81.2011,37.5652],[-81.1979,37.5679],[-81.1989,37.5755],[-81.1948,37.5756],[-81.1916,37.5788],[-81.1866,37.5798],[-81.1844,37.5821],[-81.1819,37.5798],[-81.1787,37.5795],[-81.1768,37.5805],[-81.1761,37.5843],[-81.1725,37.5863],[-81.1648,37.5873],[-81.1618,37.5898],[-81.1574,37.5902],[-81.1553,37.5928],[-81.1489,37.5908],[-81.1444,37.5963],[-81.1357,37.5979],[-81.1308,37.593],[-81.124,37.5926],[-81.1194,37.5884],[-81.1148,37.5893],[-81.1089,37.5939],[-81.103,37.5896],[-81.0937,37.5887],[-81.0874,37.598],[-81.0808,37.6004],[-81.0771,37.5997],[-81.0697,37.6053],[-81.0692,37.609],[-81.0642,37.6113],[-81.0646,37.6138],[-81.067,37.6156],[-81.0662,37.62],[-81.0688,37.6223],[-81.0692,37.6288],[-81.0743,37.6318],[-81.0669,37.6337],[-81.0653,37.6359],[-81.0687,37.6405],[-81.0603,37.6447],[-81.0505,37.6468],[-81.0485,37.6494],[-81.0396,37.6529],[-81.0368,37.6563],[-81.0276,37.6586],[-81.0294,37.6621],[-81.0217,37.6696],[-81.0168,37.6718],[-81.0141,37.6712],[-81.0112,37.6742],[-81.0075,37.6732],[-81.0052,37.6791],[-80.9891,37.6856],[-80.988,37.6898],[-80.9842,37.6941],[-80.9742,37.6961],[-80.9726,37.699],[-80.9803,37.7064],[-80.9767,37.7149],[-80.9619,37.712],[-80.9452,37.7153],[-80.9314,37.7109],[-80.9287,37.7077],[-80.929,37.7053],[-80.9148,37.7032],[-80.9087,37.7004],[-80.8978,37.69],[-80.9002,37.6757],[-80.8946,37.6724],[-80.8931,37.6771],[-80.8823,37.6808],[-80.8777,37.6856],[-80.8779,37.6921],[-80.89,37.7015],[-80.8918,37.7181],[-80.8969,37.7277],[-80.9174,37.7374],[-80.9218,37.7401],[-80.9236,37.7436],[-80.918,37.7519],[-80.9009,37.7578],[-80.8943,37.7668],[-80.8946,37.7746],[-80.9029,37.7828],[-80.9214,37.7934],[-80.9254,37.8084],[-80.9356,37.8159],[-80.9497,37.8214],[-80.9589,37.8287],[-80.967,37.8321],[-80.9784,37.833],[-81.0246,37.8293],[-81.0406,37.8339],[-81.0548,37.834],[-81.0571,37.8357],[-81.0591,37.8408],[-81.049,37.8507],[-81.0489,37.8562],[-81.0511,37.8583],[-81.0596,37.8554],[-81.0747,37.8537],[-81.0901,37.8496],[-81.1004,37.855],[-81.1008,37.8588],[-81.0986,37.86],[-81.0732,37.8604],[-81.0705,37.8661],[-81.0728,37.8737],[-81.154,37.8809],[-81.2951,37.8893],[-81.3004,37.8935],[-81.3005,37.8963],[-81.2987,37.8972],[-81.2942,37.9067],[-81.2975,37.9096],[-81.2992,37.9144],[-81.2982,37.9197],[-81.3014,37.9272],[-81.3013,37.9335],[-81.2956,37.9388],[-81.2957,37.9429],[-81.3035,37.9473],[-81.3083,37.9477],[-81.3095,37.9499],[-81.3222,37.9523],[-81.3271,37.9568],[-81.3289,37.9608],[-81.3271,37.9633],[-81.3285,37.9667],[-81.3327,37.9669],[-81.3374,37.9701],[-81.3402,37.9689],[-81.3429,37.9698],[-81.3464,37.9737],[-81.347,37.9767],[-81.3525,37.976],[-81.3546,37.9736],[-81.362,37.9713],[-81.3668,37.9729],[-81.3699,37.9704],[-81.3727,37.9713],[-81.3798,37.9682],[-81.3823,37.9697],[-81.3863,37.9672],[-81.3976,37.9673],[-81.3993,37.9697],[-81.4114,37.9743],[-81.4148,37.973],[-81.4181,37.9676],[-81.4235,37.9675],[-81.4264,37.9704],[-81.4309,37.9719],[-81.4379,37.9679],[-81.4415,37.9705],[-81.4431,37.9742],[-81.4505,37.976],[-81.452,37.9788],[-81.4566,37.9782],[-81.4596,37.9796],[-81.4558,37.9858],[-81.4596,37.9897],[-81.4628,37.99],[-81.4703,37.9872],[-81.4828,37.9867],[-81.4887,37.981],[-81.4922,37.9837],[-81.4985,37.9836],[-81.5072,37.9884],[-81.5154,37.983],[-81.5192,37.9769],[-81.5262,37.9713],[-81.5386,37.971],[-81.5414,37.9695],[-81.5456,37.9649],[-81.5444,37.9611],[-81.5499,37.9574],[-81.551,37.9549],[-81.5558,37.9543],[-81.557,37.9495],[-81.5549,37.9461],[-81.5616,37.9443],[-81.5603,37.9421],[-81.563,37.9396],[-81.5588,37.9362],[-81.5659,37.9349],[-81.566,37.931],[-81.5715,37.9278]]],"type":"Polygon"},"properties":{"GEOID":"54081","NAME":"Raleigh County"},"type":"Feature"},
{"geometry":{"coordinates":[[[-79.7935,38.716],[-79.7936,38.7211],[-79.7843,38.7288],[-79.7805,38.738],[-79.7756,38.7398],[-79.7669,38.7345],[-79.7597,38.736],[-79.7584,38.7337],[-79.7541,38.7335],[-79.7553,38.7276],[-79.7505,38.7258],[-79.7509,38.7219],[-79.7477,38.7195],[-79.7395,38.7181],[-79.7355,38.712],[-79.7317,38.7132],[-79.7306,38.712],[-79.7372,38.7074],[-79.7373,38.6961],[-79.7393,38.6934],[-79.7377,38.6915],[-79.7439,38.6864],[-79.739,38.6795],[-79.7334,38.6781],[-79.7254,38.6791],[-79.7189,38.6848],[-79.7102,38.6857],[-79.7019,38.6799],[-79.7023,38.6774],[-79.6996,38.6753],[-79.6978,38.6661],[-79.679,38.6645],[-79.6797,38.6729],[-79.6776,38.6766],[-79.6793,38.679],[-79.6786,38.6819],[-79.6651,38.6866],[-79.661,38.6902],[-79.6437,38.6807],[-79.6339,38.682],[-79.6271,38.6789],[-79.6262,38.677],[-79.628,38.6732],[-79.6348,38.6667],[-79.6355,38.6611],[-79.6295,38.6604],[-79.6231,38.6688],[-79.6184,38.6666],[-79.6147,38.6677],[-79.603,38.6637],[-79.5956,38.6631],[-79.594,38.6658],[-79.5989,38.6727],[-79.5986,38.677],[-79.6015,38.6787],[-79.5971,38.6829],[-79.5977,38.6876],[-79.5882,38.6895],[-79.587,38.6947],[-79.577,38.7019],[-79.571,38.7136],[-79.5643,38.7132],[-79.5641,38.7152],[-79.5608,38.7175],[-79.561,38.724],[-79.5574,38.7279],[-79.5569,38.7312],[-79.5454,38.7372],[-79.5432,38.7465],[-79.5343,38.7477],[-79.5276,38.7593],[-79.527,38.7631],[-79.5155,38.7776],[-79.5158,38.7794],[-79.5102,38.7806],[-79.5086,38.7844],[-79.5096,38.7883],[-79.506,38.7937],[-79.5079,38.8009],[-79.5165,38.8087],[-79.5272,38.8142],[-79.5298,38.8193],[-79.5291,38.823],[-79.5232,38.8302],[-79.5391,38.8414],[-79.5313,38.8482],[-79.5303,38.8521],[-79.5232,38.8562],[-79.5127,38.8672],[-79.5101,38.8758],[-79.5186,38.8844],[-79.5197,38.892],[-79.5118,38.894],[-79.5057,38.8935],[-79.4962,38.8917],[-79.4921,38.8887],[-79.4829,38.8863],[-79.4749,38.8916],[-79.4655,38.8921],[-79.4581,38.8962],[-79.4445,38.8986],[-79.4483,38.902],[-79.4459,38.9046],[-79.4502,38.9092],[-79.4509,38.9135],[-79.4551,38.9172],[-79.457,38.9246],[-79.4555,38.9299],[-79.4434,38.9326],[-79.4243,38.9291],[-79.4157,38.923],[-79.3901,38.9233],[-79.3749,38.9208],[-79.3735,38.9231],[-79.368,38.9248],[-79.3665,38.9315],[-79.3625,38.9344],[-79.3621,38.9373],[-79.3588,38.9392],[-79.3569,38.943],[-79.3548,38.953],[-79.3494,38.9584],[-79.3577,38.9645],[-79.3645,38.9671],[-79.3793,38.9658],[-79.3842,38.9686],[-79.3983,38.9723],[-79.4136,38.9737],[-79.4209,38.9717],[-79.4345,38.9764],[-79.4494,38.9741],[-79.4606,38.9759],[-79.4636,38.9748],[-79.4725,38.978],[-79.4828,38.9773],[-79.4877,38.9749],[-79.4946,38.9775],[-79.4991,38.9758],[-79.5004,38.9709],[-79.5038,38.9699],[-79.5082,38.9724],[-79.5088,38.9752],[-79.7857,39.0374],[-79.7854,39.0398],[-79.7822,39.04],[-79.7804,39.0448],[-79.777,39.0465],[-79.7793,39.055],[-79.7765,39.0578],[-79.7769,39.0606],[-79.774,39.0631],[-79.7765,39.0662],[-79.7768,39.0699],[-79.7745,39.0721],[-79.7753,39.0766],[-79.7807,39.0823],[-79.7799,39.0849],[-79.7895,39.0932],[-79.7888,39.0975],[-79.7943,39.1008],[-79.7994,39.108],[-79.816,39.1125],[-79.82,39.1179],[-79.8227,39.1178],[-79.8261,39.1149],[-79.8241,39.1068],[-79.8267,39.105],[-79.8271,39.1028],[-79.8338,39.1001],[-79.8381,39.0951],[-79.8496,39.0949],[-79.8548,39.0884],[-79.8544,39.0848],[-79.859,39.0763],[-79.8632,39.0727],[-79.8606,39.0685],[-79.8659,39.0634],[-79.8655,39.0581],[-79.8696,39.0512],[-79.8728,39.0344],[-79.877,39.0283],[-79.8792,39.0195],[-79.8873,39.0032],[-79.8874,38.9949],[-79.8921,38.9871],[-79.8919,38.9808],[-79.8951,38.9774],[-79.896,38.9734],[-80.0851,38.9472],[-80.0821,38.9461],[-80.0821,38.9448],[-80.0852,38.9418],[-80.0903,38.9401],[-80.0875,38.9343],[-80.0973,38.928],[-80.0941,38.9252],[-80.0884,38.924],[-80.0905,38.9142],[-80.0933,38.9102],[-80.1015,38.9086],[-80.1017,38.904],[-80.1035,38.9029],[-80.1028,38.9002],[-80.1094,38.8973],[-80.0984,38.8405],[-80.1261,38.7458],[-80.2368,38.7438],[-80.2801,38.6949],[-80.1839,38.5254],[-80.2455,38.3885],[-80.1169,38.474],[-80.0284,38.4592],[-79.8633,38.5508],[-79.8633,38.5538],[-79.8593,38.56],[-79.8576,38.5718],[-79.8557,38.575],[-79.8565,38.5836],[-79.8493,38.5948],[-79.8485,38.6008],[-79.8423,38.6081],[-79.8438,38.616],[-79.8467,38.6217],[-79.8467,38.6296],[-79.8442,38.6321],[-79.8424,38.6294],[-79.8384,38.6286],[-79.8348,38.6304],[-79.8302,38.6365],[-79.8338,38.6476],[-79.8279,38.6542],[-79.8216,38.6564],[-79.8204,38.6639],[-79.8141,38.6737],[-79.8146,38.6767],[-79.808,38.6829],[-79.809,38.6915],[-79.8049,38.6936],[-79.7983,38.7032],[-79.8019,38.7066],[-79.8025,38.71],[-79.7935,38.716]]],"type":"Polygon"},"properties":{"GEOID":"54083","NAME":"Randolph County"},"type":"Feature"},
{"geometry":{"coordinates":[[[-81.1007,39.3247],[-81.1056,39.3228],[-81.1095,39.3249],[-81.1131,39.3241],[-81.1147,39.3203],[-81.1177,39.3191],[-81.1186,39.3157],[-81.121,39.3141],[-81.1248,39.3159],[-81.1258,39.3139],[-81.1323,39.3151],[-81.1358,39.3105],[-81.1421,39.3135],[-81.1447,39.3115],[-81.149,39.3127],[-81.1577,39.3114],[-81.1585,39.3095],[-81.1648,39.312],[-81.1674,39.3111],[-81.1683,39.3062],[-81.1708,39.3056],[-81.1795,39.3079],[-81.1809,39.3104],[-81.1855,39.3105],[-81.1891,39.3141],[-81.1916,39.3119],[-81.1894,39.3082],[-81.1903,39.3051],[-81.2033,39.308],[-81.2213,39.308],[-81.2201,39.3047],[-81.2251,39.3018],[-81.2249,39.299],[-81.2276,39.297],[-81.23,39.2911],[-81.2323,39.2901],[-81.2307,39.2879],[-81.233,39.2858],[-81.2305,39.2811],[-81.2321,39.2788],[-81.2321,39.2726],[-81.2346,39.2729],[-81.2385,39.2687],[-81.2432,39.2672],[-81.2479,39.2682],[-81.2483,39.2708],[-81.255,39.2693],[-81.2597,39.2668],[-81.2586,39.2641],[-81.2629,39.2637],[-81.2676,39.2605],[-81.2686,39.2574],[-81.2666,39.2553],[-81.2714,39.254],[-81.2709,39.2485],[-81.2735,39.2477],[-81.2775,39.2426],[-81.2773,39.2337],[-81.2874,39.2263],[-81.2881,39.224],[-81.2913,39.2241],[-81.2964,39.2075],[-81.3018,39.2016],[-81.2993,39.194],[-81.2966,39.1918],[-81.2954,39.1867],[-81.2981,39.1858],[-81.2959,39.1816],[-81.3019,39.1822],[-81.3014,39.1795],[-81.2978,39.1782],[-81.3059,39.1721],[-81.3162,39.168],[-81.3164,39.165],[-81.319,39.1631],[-81.3113,39.1604],[-81.3106,39.1579],[-81.321,39.1565],[-81.319,39.1539],[-81.3201,39.1528],[-81.3288,39.1526],[-81.3287,39.149],[-81.3246,39.143],[-81.2998,39.1299],[-81.2969,39.1323],[-81.2873,39.1324],[-81.2862,39.1306],[-81.2872,39.1257],[-81.2805,39.1227],[-81.2774,39.1183],[-81.2764,39.108],[-81.2634,39.107],[-81.2644,39.1047],[-81.261,39.1032],[-81.2635,39.0986],[-81.258,39.0947],[-81.2606,39.0842],[-81.2582,39.0815],[-81.2572,39.0718],[-81.2618,39.0655],[-81.2724,39.0639],[-81.2739,39.0592],[-81.2714,39.0596],[-81.266,39.0567],[-81.263,39.0579],[-81.2606,39.0561],[-81.2537,39.0561],[-81.2539,39.0518],[-81.2502,39.0499],[-81.2489,39.0409],[-81.2534,39.038],[-81.2501,39.0349],[-81.2411,39.0381],[-81.2282,39.0323],[-81.2261,39.034],[-81.2275,39.0358],[-81.2247,39.0409],[-81.2206,39.0434],[-81.2107,39.0452],[-81.2041,39.0425],[-81.2028,39.0381],[-81.1971,39.039],[-81.1921,39.0376],[-81.1905,39.0401],[-81.1851,39.041],[-81.1835,39.0393],[-81.1794,39.0414],[-81.1738,39.0339],[-81.1629,39.0305],[-81.1627,39.0347],[-81.1555,39.0402],[-81.1508,39.0397],[-81.1447,39.0428],[-81.1383,39.0433],[-81.1365,39.0451],[-81.1335,39.0431],[-81.1296,39.0452],[-81.1259,39.0426],[-81.1248,39.0398],[-81.116,39.0425],[-81.1164,39.0385],[-81.1139,39.0365],[-81.112,39.0371],[-81.1134,39.0338],[-81.1122,39.0307],[-81.1099,39.0299],[-81.1096,39.0281],[-81.1049,39.0272],[-81.1025,39.0215],[-81.094,39.0221],[-81.0923,39.0198],[-81.0939,39.0156],[-81.0921,39.015],[-81.0814,39.0167],[-81.0764,39.0104],[-81.0681,39.0107],[-81.0644,39.009],[-81.0605,39.0093],[-81.0597,39.0079],[-81.0532,39.0104],[-81.0457,39.009],[-81.0452,39.0108],[-81.0396,39.0128],[-81.035,39.012],[-81.0336,39.0096],[-81.0283,39.0126],[-81.0248,39.0125],[-81.0264,39.0099],[-81.0231,39.0082],[-81.0169,39.0109],[-81.0148,39.0093],[-81.0072,39.0088],[-81.0051,39.0115],[-81.0026,39.0096],[-80.9983,39.0113],[-80.9985,39.0134],[-80.9956,39.0141],[-80.9903,39.0206],[-80.9821,39.0202],[-80.9821,39.0261],[-80.9755,39.0286],[-80.9709,39.0274],[-80.9672,39.029],[-80.9666,39.0309],[-80.9639,39.0317],[-80.9657,39.0353],[-80.9602,39.038],[-80.9582,39.0369],[-80.9553,39.0387],[-80.9498,39.039],[-80.9427,39.0426],[-80.9381,39.0428],[-80.9366,39.0447],[-80.9289,39.0434],[-80.926,39.0451],[-80.9232,39.0433],[-80.9193,39.0434],[-80.9143,39.0473],[-80.9116,39.0462],[-80.9062,39.0504],[-80.9051,39.0536],[-80.8981,39.0556],[-80.8968,39.0575],[-80.8984,39.0604],[-80.8975,39.0628],[-80.8951,39.0638],[-80.8908,39.0625],[-80.8898,39.0647],[-80.8878,39.0649],[-80.8855,39.0638],[-80.8814,39.0682],[-80.8774,39.0687],[-80.8785,39.0729],[-80.877,39.0739],[-80.8737,39.0743],[-80.8716,39.0727],[-80.8676,39.0738],[-80.8629,39.0713],[-80.859,39.0736],[-80.8583,39.0769],[-80.8518,39.0797],[-80.8546,39.0817],[-80.8546,39.0839],[-80.8435,39.0849],[-80.8408,39.0825],[-80.835,39.0824],[-80.8336,39.0848],[-80.8313,39.0854],[-80.8319,39.0887],[-80.8281,39.0921],[-80.8234,39.0931],[-80.8228,39.0916],[-80.8188,39.0916],[-80.8177,39.097],[-80.8109,39.0991],[-80.8116,39.1024],[-80.8089,39.1043],[-80.8122,39.1065],[-80.8478,39.1686],[-80.9138,39.2729],[-80.8887,39.2943],[-80.8881,39.297],[-80.8898,39.3007],[-80.884,39.3078],[-80.8879,39.3129],[-80.8914,39.3149],[-80.8899,39.3216],[-80.8925,39.3252],[-80.8905,39.3293],[-80.8847,39.3307],[-80.8839,39.3327],[-80.8831,39.3365],[-80.885,39.3413],[-80.8807,39.3457],[-80.8857,39.3515],[-80.8823,39.3539],[-80.8825,39.3584],[-80.8837,39.3607],[-80.8863,39.3604],[-80.8882,39.3619],[-80.8903,39.3659],[-80.8952,39.3677],[-80.8949,39.37],[-80.8975,39.3733],[-80.9034,39.373],[-80.9044,39.3781],[-80.9107,39.3751],[-80.919,39.3842],[-80.9287,39.3858],[-80.9321,39.3891],[-80.9374,39.3866],[-80.9369,39.3852],[-80.94,39.3829],[-80.9402,39.3799],[-80.9428,39.3784],[-80.9418,39.3765],[-80.9436,39.3737],[-80.9408,39.3707],[-80.9406,39.3673],[-80.9419,39.3628],[-80.9463,39.3596],[-80.9457,39.357],[-80.9488,39.3498],[-80.9523,39.3482],[-80.9527,39.3459],[-80.9579,39.3438],[-80.9577,39.3401],[-80.9629,39.3396],[-80.9688,39.3442],[-80.9714,39.3434],[-80.9745,39.3454],[-80.9867,39.3473],[-80.9881,39.344],[-80.9929,39.3431],[-80.9945,39.3411],[-81.0,39.3421],[-81.0022,39.3405],[-81.0042,39.3439],[-81.0067,39.3447],[-81.0055,39.348],[-81.0091,39.3516],[-81.0174,39.3516],[-81.019,39.3487],[-81.0235,39.3465],[-81.0271,39.3467],[-81.0309,39.3505],[-81.0347,39.3512],[-81.0367,39.3504],[-81.035,39.347],[-81.0361,39.3448],[-81.0401,39.3431],[-81.0397,39.3389],[-81.0442,39.3383],[-81.0423,39.335],[-81.0443,39.3337],[-81.0428,39.3308],[-81.0444,39.3288],[-81.0534,39.3273],[-81.0535,39.3256],[-81.0589,39.3247],[-81.0606,39.3227],[-81.0625,39.3248],[-81.0697,39.3258],[-81.0716,39.3287],[-81.0768,39.327],[-81.081,39.3312],[-81.0863,39.3281],[-81.0914,39.3284],[-81.0921,39.3264],[-81.0963,39.327],[-81.1007,39.3247]]],"type":"Polygon"},"properties":{"GEOID":"54085","NAME":"Ritchie County"},"type":"Feature"},
{"geometry":{"coordinates":[[[-81.2037,38.7733],[-81.2041,38.7763],[-81.2123,38.78],[-81.207,38.7823],[-81.2079,38.7849],[-81.2142,38.786],[-81.2203,38.7848],[-81.2231,38.7871],[-81.2191,38.7895],[-81.2276,38.7928],[-81.2177,38.7986],[-81.2259,38.8041],[-81.2222,38.8056],[-81.2208,38.811],[-81.2263,38.8123],[-81.227,38.8138],[-81.2222,38.8154],[-81.2208,38.8177],[-81.2214,38.8225],[-81.2246,38.8255],[-81.2199,38.8276],[-81.2176,38.8244],[-81.2152,38.8245],[-81.2167,38.8282],[-81.215,38.8309],[-81.2191,38.834],[-81.2208,38.8436],[-81.2284,38.8466],[-81.2271,38.8503],[-81.2281,38.8523],[-81.2319,38.8521],[-81.2388,38.8473],[-81.242,38.8516],[-81.2463,38.8525],[-81.2455,38.8586],[-81.2435,38.8599],[-81.2369,38.8589],[-81.2355,38.8615],[-81.2357,38.8631],[-81.2433,38.8651],[-81.2416,38.8674],[-81.2378,38.8686],[-81.2424,38.8729],[-81.2372,38.8741],[-81.2412,38.8782],[-81.2383,38.8814],[-81.2596,38.8921],[-81.2595,38.8936],[-81.2489,38.8968],[-81.26,38.9014],[-81.2606,38.9036],[-81.2583,38.907],[-81.2629,38.911],[-81.2685,38.9063],[-81.2708,38.9061],[-81.2704,38.9142],[-81.2783,38.9125],[-81.2795,38.9132],[-81.2784,38.9149],[-81.3089,38.9081],[-81.3439,38.8956],[-81.4151,38.9207],[-81.4481,38.9416],[-81.451,38.9397],[-81.4549,38.9401],[-81.4563,38.9335],[-81.4622,38.9313],[-81.4651,38.9325],[-81.4674,38.9275],[-81.4725,38.9268],[-81.4749,38.9283],[-81.4771,38.9255],[-81.4813,38.9242],[-81.4865,38.9264],[-81.4899,38.9242],[-81.493,38.9257],[-81.4962,38.9248],[-81.498,38.9197],[-81.5096,38.9123],[-81.5082,38.9086],[-81.5115,38.9043],[-81.5201,38.9012],[-81.5268,38.902],[-81.5302,38.8948],[-81.5214,38.824],[-81.5292,38.7483],[-81.5387,38.6984],[-81.5466,38.6724],[-81.5376,38.6459],[-81.5075,38.5827],[-81.4717,38.5463],[-81.4664,38.5479],[-81.4654,38.5499],[-81.3493,38.5413],[-81.3035,38.5348],[-81.2743,38.5218],[-81.2206,38.5318],[-81.1941,38.5276],[-81.1308,38.5659],[-81.0837,38.612],[-81.0829,38.6189],[-81.0856,38.6214],[-81.0849,38.6238],[-81.0903,38.6263],[-81.0897,38.6284],[-81.0966,38.6286],[-81.0964,38.633],[-81.0975,38.6348],[-81.1017,38.6349],[-81.1021,38.639],[-81.1073,38.6395],[-81.1151,38.6313],[-81.1237,38.6309],[-81.13,38.6349],[-81.1316,38.6383],[-81.1414,38.6396],[-81.1467,38.6427],[-81.1494,38.6416],[-81.1552,38.6449],[-81.1586,38.644],[-81.1596,38.6489],[-81.1625,38.6522],[-81.1621,38.6556],[-81.1583,38.6584],[-81.1604,38.6589],[-81.1612,38.6621],[-81.1638,38.6601],[-81.1662,38.6608],[-81.1665,38.6641],[-81.1649,38.6683],[-81.1614,38.6711],[-81.1619,38.6728],[-81.1668,38.6745],[-81.1661,38.6767],[-81.1718,38.6759],[-81.174,38.6809],[-81.1713,38.683],[-81.1737,38.6876],[-81.1707,38.6885],[-81.1689,38.6945],[-81.1667,38.6951],[-81.1676,38.7038],[-81.1697,38.7038],[-81.1722,38.7074],[-81.1705,38.711],[-81.1723,38.7132],[-81.1705,38.7164],[-81.1714,38.7206],[-81.1759,38.7231],[-81.1735,38.7283],[-81.1703,38.7287],[-81.1689,38.7305],[-81.1718,38.7398],[-81.1837,38.7474],[-81.183,38.7497],[-81.1854,38.752],[-81.1888,38.7522],[-81.1884,38.7557],[-81.1928,38.7617],[-81.1981,38.7639],[-81.1959,38.7674],[-81.2032,38.7695],[-81.2037,38.7733]]],"type":"Polygon"},"properties":{"GEOID":"54087","NAME":"Roane County"},"type":"Feature"},
{"geometry":{"coordinates":[[[-80.945,37.8192],[-80.9373,37.8169],[-80.9325,37.8126],[-80.9263,37.8097],[-80.9214,37.7934],[-80.9029,37.7828],[-80.8946,37.7746],[-80.8943,37.7668],[-80.9009,37.7578],[-80.918,37.7519],[-80.9236,37.7436],[-80.9218,37.7401],[-80.9174,37.7374],[-80.8969,37.7277],[-80.8918,37.7181],[-80.89,37.7015],[-80.8779,37.6921],[-80.8777,37.6856],[-80.8795,37.6827],[-80.8931,37.6771],[-80.8946,37.6724],[-80.9002,37.6757],[-80.8978,37.69],[-80.9087,37.7004],[-80.9148,37.7032],[-80.929,37.7053],[-80.9287,37.7077],[-80.9314,37.7109],[-80.9452,37.7153],[-80.9619,37.712],[-80.9767,37.7149],[-80.9803,37.7064],[-80.9726,37.699],[-80.9742,37.6961],[-80.9842,37.6941],[-80.988,37.6898],[-80.9891,37.6856],[-81.0052,37.6791],[-81.0075,37.6732],[-81.0112,37.6742],[-81.0141,37.6712],[-81.0168,37.6718],[-81.0217,37.6696],[-81.0294,37.6621],[-81.0276,37.6586],[-81.0368,37.6563],[-81.0396,37.6529],[-81.0485,37.6494],[-81.0505,37.6468],[-81.0603,37.6447],[-81.0687,37.6405],[-81.0653,37.6359],[-81.0669,37.6337],[-81.0743,37.6318],[-81.0692,37.6288],[-81.0688,37.6223],[-81.0662,37.62],[-81.067,37.6156],[-81.0646,37.6138],[-81.0642,37.6113],[-81.0692,37.609],[-81.0697,37.6053],[-81.0771,37.5997],[-81.0808,37.6004],[-81.0874,37.598],[-81.0908,37.5919],[-81.0946,37.5887],[-80.8585,37.4283],[-80.7985,37.5221],[-80.7481,37.5876],[-80.6609,37.7137],[-80.6682,37.763],[-80.7265,37.8121],[-80.7317,37.8196],[-80.7514,37.8358],[-80.8063,37.8689],[-80.945,37.8192]]],"type":"Polygon"},"properties":{"GEOID":"54089","NAME":"Summers County"},"type":"Feature"},
{"geometry":{"coordinates":[[[-79.9772,39.2629],[-79.9719,39.264],[-79.9642,39.269],[-79.9611,39.2688],[-79.9561,39.282],[-79.95,39.282],[-79.9468,39.2872],[-79.9423,39.2902],[-79.9426,39.2965],[-79.936,39.2968],[-79.9326,39.2931],[-79.9323,39.2895],[-79.925,39.289],[-79.916,39.2947],[-79.9126,39.2921],[-79.9123,39.2896],[-79.9083,39.2893],[-79.9065,39.2922],[-79.9086,39.2956],[-79.9086,39.2993],[-79.905,39.303],[-79.9025,39.3033],[-79.8953,39.2998],[-79.8947,39.4356],[-79.9389,39.4525],[-80.011,39.4176],[-80.025,39.4014],[-80.0873,39.3862],[-80.0981,39.4025],[-80.1051,39.4049],[-80.1048,39.4083],[-80.1104,39.4102],[-80.1134,39.409],[-80.1172,39.4025],[-80.1195,39.4014],[-80.1973,39.3932],[-80.2027,39.39],[-80.2004,39.3851],[-80.204,39.3852],[-80.2033,39.3827],[-80.2051,39.3817],[-80.2029,39.3765],[-80.1989,39.3756],[-80.2001,39.373],[-80.2023,39.3735],[-80.2025,39.2783],[-80.2005,39.2765],[-80.1995,39.2707],[-80.1956,39.27],[-80.1921,39.2668],[-80.1876,39.2671],[-80.1664,39.2423],[-80.15,39.2383],[-80.0234,39.2479],[-79.9772,39.2629]]],"type":"Polygon"},"properties":{"GEOID":"54091","NAME":"Taylor County"},"type":"Feature"},
{"geometry":{"coordinates":[[[-79.4476,39.1842],[-79.4509,39.1848],[-79.463,39.1822],[-79.4678,39.1789],[-79.4738,39.1817],[-79.4806,39.1883],[-79.4846,39.1896],[-79.4866,39.1943],[-79.5076,39.2162],[-79.6873,39.2714],[-79.8101,39.2303],[-79.809,39.2236],[-79.8167,39.2186],[-79.8142,39.2094],[-79.8176,39.2056],[-79.8201,39.1992],[-79.8268,39.1948],[-79.8226,39.1906],[-79.8222,39.1865],[-79.8286,39.178],[-79.827,39.1746],[-79.8275,39.1604],[-79.833,39.1542],[-79.8344,39.1474],[-79.833,39.1432],[-79.8348,39.1407],[-79.8359,39.1336],[-79.8381,39.131],[-79.8362,39.1271],[-79.8292,39.1258],[-79.8297,39.1231],[-79.8283,39.1219],[-79.8309,39.1194],[-79.8251,39.1158],[-79.8212,39.1183],[-79.816,39.1125],[-79.7994,39.108],[-79.7943,39.1008],[-79.7888,39.0975],[-79.7889,39.0924],[-79.7796,39.0844],[-79.7807,39.0823],[-79.7753,39.0766],[-79.7745,39.0721],[-79.7768,39.0699],[-79.7765,39.0662],[-79.774,39.0631],[-79.7769,39.0606],[-79.7765,39.0578],[-79.7792,39.0558],[-79.777,39.0465],[-79.7804,39.0448],[-79.7822,39.04],[-79.7854,39.0398],[-79.7857,39.0374],[-79.5088,38.9752],[-79.5082,38.9724],[-79.5038,38.9699],[-79.5007,38.9705],[-79.4996,38.9752],[-79.4956,38.9774],[-79.4877,38.9749],[-79.4828,38.9773],[-79.4732,38.978],[-79.4636,38.9748],[-79.4606,38.9759],[-79.4494,38.9741],[-79.4345,38.9764],[-79.4209,38.9717],[-79.4087,38.9738],[-79.3889,38.97],[-79.3793,38.9658],[-79.3645,38.9671],[-79.356,38.9645],[-79.3427,38.9681],[-79.3366,38.9772],[-79.3305,38.9826],[-79.3288,38.9957],[-79.3256,38.9992],[-79.3198,39.0018],[-79.3204,39.0122],[-79.3123,39.0192],[-79.3102,39.0303],[-79.3118,39.0326],[-79.3145,39.0328],[-79.3179,39.0372],[-79.3135,39.0421],[-79.3086,39.0413],[-79.3038,39.047],[-79.3042,39.0503],[-79.3013,39.0602],[-79.3024,39.0638],[-79.2988,39.0688],[-79.2982,39.0732],[-79.3066,39.077],[-79.3147,39.0702],[-79.3274,39.0738],[-79.3341,39.0827],[-79.3555,39.0865],[-79.3482,39.0937],[-79.3495,39.0989],[-79.3469,39.1008],[-79.3456,39.1092],[-79.3313,39.1188],[-79.3314,39.1217],[-79.3352,39.1238],[-79.336,39.1272],[-79.3294,39.1296],[-79.3266,39.1328],[-79.3268,39.1355],[-79.3311,39.1399],[-79.3318,39.1478],[-79.328,39.1548],[-79.3237,39.1581],[-79.3222,39.1641],[-79.312,39.1698],[-79.311,39.1733],[-79.313,39.1774],[-79.3086,39.182],[-79.2987,39.1857],[-79.2968,39.1885],[-79.2895,39.1886],[-79.2893,39.1897],[-79.2938,39.1925],[-79.2961,39.1977],[-79.3017,39.2036],[-79.3052,39.2046],[-79.3055,39.2081],[-79.3095,39.211],[-79.3138,39.2103],[-79.3177,39.2124],[-79.3235,39.208],[-79.3282,39.2132],[-79.3346,39.2148],[-79.3451,39.2138],[-79.3452,39.2111],[-79.3485,39.207],[-79.3574,39.2081],[-79.3588,39.2036],[-79.3651,39.1994],[-79.3696,39.2014],[-79.3703,39.2038],[-79.3747,39.2027],[-79.3779,39.2047],[-79.3816,39.2042],[-79.3821,39.2002],[-79.3901,39.1999],[-79.3928,39.1967],[-79.3929,39.1929],[-79.4009,39.1903],[-79.4058,39.1912],[-79.4144,39.1887],[-79.4234,39.1911],[-79.4288,39.1867],[-79.4351,39.1918],[-79.4422,39.1917],[-79.4428,39.186],[-79.4476,39.1842]]],"type":"Polygon"},"properties":{"GEOID":"54093","NAME":"Tucker County"},"type":"Feature"},
{"geometry":{"coordinates":[[[-81.0438,39.5369],[-81.056,39.5259],[-81.0706,39.516],[-81.0816,39.5041],[-81.0924,39.4961],[-81.1008,39.4872],[-81.1147,39.4656],[-81.1152,39.4665],[-81.1167,39.4649],[-81.1215,39.4578],[-81.1173,39.4566],[-81.1069,39.4636],[-81.1012,39.4623],[-81.1006,39.4603],[-81.0956,39.4572],[-81.0914,39.4583],[-81.0858,39.4645],[-81.0789,39.4676],[-81.0567,39.4634],[-81.0542,39.468],[-81.06,39.4725],[-81.0613,39.4764],[-81.0534,39.4752],[-81.0426,39.4686],[-81.0293,39.4674],[-81.0254,39.4637],[-81.0232,39.4418],[-81.0153,39.4107],[-81.0078,39.3509],[-81.0055,39.348],[-81.0067,39.3447],[-81.0042,39.3439],[-81.0022,39.3405],[-81.0,39.3421],[-80.9945,39.3411],[-80.9929,39.3431],[-80.9881,39.344],[-80.9875,39.3473],[-80.9819,39.3472],[-80.9714,39.3434],[-80.9688,39.3442],[-80.9629,39.3396],[-80.9577,39.3401],[-80.9579,39.3438],[-80.9527,39.3459],[-80.9523,39.3482],[-80.9488,39.3498],[-80.9457,39.357],[-80.9463,39.3596],[-80.9419,39.3628],[-80.9406,39.3673],[-80.9408,39.3707],[-80.9436,39.3737],[-80.9418,39.3765],[-80.9428,39.3784],[-80.9402,39.3799],[-80.94,39.3829],[-80.9369,39.3852],[-80.9374,39.3866],[-80.9321,39.3891],[-80.9287,39.3858],[-80.919,39.3842],[-80.9103,39.3749],[-80.9044,39.3781],[-80.9034,39.373],[-80.8975,39.3733],[-80.8949,39.37],[-80.8952,39.3677],[-80.8903,39.3659],[-80.8882,39.3619],[-80.8863,39.3604],[-80.8837,39.3607],[-80.8825,39.3584],[-80.8823,39.3539],[-80.8857,39.3515],[-80.8807,39.3457],[-80.885,39.3413],[-80.8831,39.3365],[-80.8839,39.3327],[-80.8847,39.3307],[-80.8905,39.3293],[-80.8925,39.3252],[-80.8899,39.3216],[-80.8914,39.3149],[-80.8879,39.3129],[-80.884,39.3078],[-80.8898,39.3007],[-80.8881,39.297],[-80.8887,39.2943],[-80.8294,39.3432],[-80.7332,39.3955],[-80.7145,39.4296],[-80.71,39.4293],[-80.7063,39.4315],[-80.7043,39.4307],[-80.6972,39.4324],[-80.6944,39.4303],[-80.694,39.4263],[-80.6833,39.4308],[-80.677,39.4276],[-80.6671,39.4326],[-80.6587,39.433],[-80.6575,39.4387],[-80.6532,39.4414],[-80.6485,39.443],[-80.6413,39.4421],[-80.6396,39.446],[-80.6369,39.447],[-80.6325,39.4436],[-80.6189,39.4489],[-80.6186,39.4504],[-80.6198,39.453],[-80.6331,39.4568],[-80.6345,39.4603],[-80.6387,39.4613],[-80.6407,39.4664],[-80.6462,39.467],[-80.6495,39.4696],[-80.6527,39.4701],[-80.6571,39.4662],[-80.6622,39.4677],[-80.6711,39.4642],[-80.6716,39.4671],[-80.6696,39.4712],[-80.6722,39.4776],[-80.6802,39.478],[-80.682,39.4736],[-80.686,39.4705],[-80.6913,39.4711],[-80.6929,39.4738],[-80.7161,39.4755],[-80.7156,39.4779],[-80.7188,39.4786],[-80.7203,39.4806],[-80.7192,39.4857],[-80.7227,39.4911],[-80.7356,39.4911],[-80.7345,39.4934],[-80.7357,39.4996],[-80.74,39.502],[-80.7376,39.5058],[-80.7418,39.5074],[-80.7408,39.5128],[-80.7492,39.5158],[-80.7504,39.5184],[-80.7537,39.5188],[-80.7536,39.5213],[-80.757,39.525],[-80.7618,39.5259],[-80.765,39.5246],[-80.7693,39.5299],[-80.7841,39.5363],[-80.7847,39.5413],[-80.7809,39.5434],[-80.7828,39.5448],[-80.7828,39.5477],[-80.7918,39.5518],[-80.7943,39.5545],[-80.8022,39.5551],[-80.8067,39.5616],[-80.8098,39.562],[-80.8189,39.5548],[-80.8232,39.5545],[-80.8241,39.5569],[-80.8219,39.5616],[-80.8271,39.5627],[-80.83,39.5655],[-80.828,39.5672],[-80.8296,39.5713],[-80.8266,39.5727],[-80.8272,39.5763],[-80.8316,39.5768],[-80.8375,39.5825],[-80.8437,39.5839],[-80.8461,39.5878],[-80.8489,39.5892],[-80.8494,39.5928],[-80.8449,39.597],[-80.8464,39.6011],[-80.8522,39.602],[-80.886,39.5803],[-80.9329,39.5998],[-80.9438,39.6069],[-80.9735,39.5884],[-80.9937,39.5713],[-81.0201,39.5554],[-81.0269,39.5475],[-81.0438,39.5369]]],"type":"Polygon"},"properties":{"GEOID":"54095","NAME":"Tyler County"},"type":"Feature"},
{"geometry":{"coordinates":[[[-80.3107,39.0411],[-80.318,39.0134],[-80.3345,38.9966],[-80.3257,38.9743],[-80.3199,38.9695],[-80.3193,38.9609],[-80.3175,38.9586],[-80.322,38.955],[-80.3296,38.9546],[-80.3357,38.9462],[-80.3486,38.9396],[-80.3396,38.9377],[-80.3384,38.9349],[-80.3401,38.9307],[-80.3443,38.9272],[-80.3436,38.9253],[-80.3478,38.9237],[-80.3498,38.9205],[-80.3481,38.9157],[-80.3547,38.913],[-80.3556,38.9082],[-80.3625,38.9067],[-80.3608,38.9013],[-80.3627,38.8979],[-80.3678,38.8946],[-80.3678,38.8866],[-80.3793,38.8877],[-80.3843,38.8848],[-80.3818,38.8815],[-80.387,38.8748],[-80.4095,38.7683],[-80.3931,38.7276],[-80.3871,38.7304],[-80.3723,38.7305],[-80.3679,38.7333],[-80.3651,38.7309],[-80.3532,38.7306],[-80.3492,38.7268],[-80.3472,38.7271],[-80.3449,38.7203],[-80.3333,38.72],[-80.3306,38.717],[-80.3336,38.7116],[-80.3318,38.702],[-80.3201,38.6934],[-80.3218,38.6884],[-80.32,38.6851],[-80.3115,38.684],[-80.3094,38.6852],[-80.3051,38.6846],[-80.2889,38.6906],[-80.2844,38.6945],[-80.2801,38.6949],[-80.2368,38.7438],[-80.1261,38.7458],[-80.0984,38.8405],[-80.1094,38.8973],[-80.1028,38.9002],[-80.1035,38.9029],[-80.1017,38.904],[-80.1015,38.9086],[-80.0933,38.9102],[-80.0905,38.9142],[-80.0884,38.924],[-80.0941,38.9252],[-80.0973,38.928],[-80.0875,38.9343],[-80.0903,38.9401],[-80.0852,38.9418],[-80.0819,38.9454],[-80.0852,38.9484],[-80.0812,38.9514],[-80.0735,38.9509],[-80.0719,38.9541],[-80.0639,38.9582],[-80.0638,38.9617],[-80.0729,38.9642],[-80.0725,38.9685],[-80.0675,38.9669],[-80.0638,38.9694],[-80.0617,38.9751],[-80.0527,38.9752],[-80.0538,38.9849],[-80.0513,38.9908],[-80.0517,38.9939],[-80.0469,38.9967],[-80.0516,39.001],[-80.0547,39.0017],[-80.0549,39.0053],[-80.0444,39.0109],[-80.0464,39.0136],[-80.053,39.0153],[-80.0591,39.022],[-80.0538,39.029],[-80.0543,39.0346],[-80.0561,39.0373],[-80.061,39.0342],[-80.0671,39.038],[-80.1282,39.0378],[-80.1443,39.0568],[-80.1518,39.0716],[-80.1678,39.0876],[-80.1996,39.0986],[-80.2095,39.0974],[-80.2161,39.1067],[-80.2287,39.1144],[-80.2342,39.1135],[-80.2362,39.1146],[-80.2404,39.1131],[-80.2488,39.1008],[-80.3002,39.1039],[-80.3051,39.0615],[-80.3107,39.0411]]],"type":"Polygon"},"properties":{"GEOID":"54097","NAME":"Upshur County"},"type":"Feature"},
{"geometry":{"coordinates":[[[-82.3087,38.2811],[-82.3069,38.2827],[-82.3067,38.286],[-82.3026,38.2876],[-82.3056,38.2952],[-82.3027,38.2991],[-82.2972,38.2998],[-82.2958,38.3029],[-82.2926,38.3041],[-82.2826,38.3013],[-82.2763,38.3038],[-82.2757,38.3056],[-82.2783,38.3082],[-82.2786,38.311],[-82.2821,38.3109],[-82.2835,38.3142],[-82.2872,38.3129],[-82.289,38.314],[-82.2888,38.318],[-82.286,38.3191],[-82.2862,38.3212],[-82.2881,38.3222],[-82.2919,38.3204],[-82.2967,38.3221],[-82.2998,38.3253],[-82.2978,38.327],[-82.2987,38.3284],[-82.3103,38.3291],[-82.3117,38.3313],[-82.3144,38.3314],[-82.3147,38.3279],[-82.3173,38.3263],[-82.3213,38.3276],[-82.3223,38.3247],[-82.3303,38.324],[-82.3284,38.3151],[-82.3294,38.3134],[-82.3439,38.3052],[-82.5083,38.4112],[-82.5382,38.4041],[-82.5666,38.4046],[-82.5734,38.4057],[-82.5834,38.41],[-82.5935,38.4183],[-82.5935,38.4218],[-82.596,38.4179],[-82.5971,38.4105],[-82.5946,38.3983],[-82.5987,38.3938],[-82.5995,38.39],[-82.5935,38.3803],[-82.5928,38.3756],[-82.5976,38.3649],[-82.5981,38.3459],[-82.5955,38.3425],[-82.5892,38.3403],[-82.5846,38.3337],[-82.5767,38.3285],[-82.5754,38.323],[-82.5718,38.3172],[-82.5719,38.3133],[-82.579,38.3048],[-82.583,38.2968],[-82.5795,38.291],[-82.5788,38.2819],[-82.5741,38.2746],[-82.5745,38.2645],[-82.5811,38.249],[-82.5841,38.2463],[-82.5945,38.2455],[-82.6046,38.2477],[-82.6087,38.244],[-82.6124,38.2343],[-82.6086,38.2235],[-82.5985,38.2179],[-82.5991,38.1972],[-82.6125,38.1706],[-82.6194,38.1689],[-82.6372,38.1714],[-82.643,38.1694],[-82.6445,38.1652],[-82.6386,38.1559],[-82.637,38.1387],[-82.6218,38.1333],[-82.6209,38.1228],[-82.6192,38.1205],[-82.6062,38.1208],[-82.5987,38.1167],[-82.5924,38.1104],[-82.587,38.1087],[-82.5853,38.1066],[-82.5855,38.095],[-82.5834,38.09],[-82.5739,38.0819],[-82.566,38.081],[-82.5596,38.0728],[-82.5504,38.0701],[-82.5495,38.0632],[-82.5448,38.0591],[-82.5442,38.0526],[-82.5371,38.0447],[-82.5387,38.0374],[-82.5319,38.0293],[-82.5263,38.027],[-82.5251,38.0175],[-82.5198,38.0084],[-82.5155,38.0066],[-82.5192,38.0011],[-82.5136,37.9991],[-82.5084,38.0015],[-82.4999,37.9989],[-82.4887,37.9989],[-82.4861,37.9956],[-82.4861,37.9899],[-82.4836,37.9838],[-82.4722,37.9867],[-82.4646,37.9839],[-82.4646,37.9774],[-82.4689,37.9732],[-82.4812,37.9731],[-82.4844,37.9709],[-82.4845,37.9636],[-82.4722,37.9605],[-82.4718,37.9587],[-82.4856,37.9458],[-82.4972,37.9462],[-82.497,37.942],[-82.4893,37.9382],[-82.4913,37.9357],[-82.5,37.9368],[-82.5024,37.9335],[-82.4959,37.927],[-82.4807,37.9262],[-82.4808,37.9246],[-82.4877,37.92],[-82.4883,37.9177],[-82.4793,37.9147],[-82.4756,37.9118],[-82.4742,37.9074],[-82.4764,37.9027],[-82.4744,37.9],[-82.4714,37.8991],[-82.4684,37.9032],[-82.468,37.9139],[-82.463,37.9148],[-82.46,37.9095],[-82.4519,37.9086],[-82.4473,37.9039],[-82.4376,37.8998],[-82.432,37.8899],[-82.4205,37.8854],[-82.4176,37.8703],[-82.4075,37.8673],[-82.4097,37.8655],[-82.4227,37.8639],[-82.4245,37.861],[-82.4149,37.8563],[-82.4135,37.8522],[-82.4101,37.8486],[-82.4048,37.8489],[-82.4006,37.8427],[-82.394,37.8426],[-82.3911,37.8471],[-82.3922,37.8489],[-82.4,37.8514],[-82.3989,37.8552],[-82.4011,37.8599],[-82.4006,37.8627],[-82.4037,37.8629],[-82.2909,37.9552],[-82.2743,37.973],[-82.247,37.995],[-82.2435,38.0008],[-82.2349,38.0038],[-82.2175,38.0201],[-82.2105,38.0204],[-82.2039,38.0236],[-82.2064,38.029],[-82.2023,38.0312],[-82.2022,38.0362],[-82.1986,38.0383],[-82.1983,38.0422],[-82.1923,38.0463],[-82.1926,38.0511],[-82.1976,38.0487],[-82.2003,38.0506],[-82.2052,38.0494],[-82.2078,38.0505],[-82.2118,38.0572],[-82.2069,38.0582],[-82.208,38.063],[-82.2053,38.0655],[-82.2058,38.0668],[-82.2233,38.0707],[-82.2278,38.0689],[-82.2294,38.073],[-82.2279,38.0762],[-82.2354,38.0762],[-82.2355,38.0803],[-82.2395,38.0821],[-82.2378,38.0865],[-82.2394,38.0871],[-82.2386,38.0925],[-82.2409,38.0972],[-82.2463,38.1021],[-82.253,38.1009],[-82.2542,38.1043],[-82.2567,38.1038],[-82.2582,38.1061],[-82.262,38.1075],[-82.2686,38.1151],[-82.2659,38.1175],[-82.2667,38.1193],[-82.2616,38.1222],[-82.2622,38.1243],[-82.2583,38.1276],[-82.2597,38.1296],[-82.2569,38.1316],[-82.2578,38.1336],[-82.2611,38.1348],[-82.2646,38.1335],[-82.2644,38.1371],[-82.2713,38.1386],[-82.275,38.141],[-82.2825,38.1414],[-82.2854,38.1441],[-82.2846,38.1475],[-82.2863,38.149],[-82.284,38.1528],[-82.28,38.1525],[-82.2781,38.1573],[-82.2789,38.1604],[-82.2747,38.163],[-82.2751,38.1654],[-82.2717,38.1694],[-82.2759,38.1713],[-82.2775,38.1739],[-82.2713,38.1785],[-82.2751,38.1827],[-82.2718,38.1863],[-82.2773,38.197],[-82.2751,38.1997],[-82.2782,38.2022],[-82.2778,38.2057],[-82.2664,38.2106],[-82.2682,38.217],[-82.27,38.218],[-82.2668,38.2213],[-82.2648,38.2292],[-82.2698,38.2318],[-82.2714,38.2313],[-82.2715,38.2294],[-82.2754,38.2281],[-82.2779,38.231],[-82.2826,38.2306],[-82.2875,38.2349],[-82.2903,38.2336],[-82.2994,38.24],[-82.3001,38.2455],[-82.3033,38.2489],[-82.3076,38.2501],[-82.3088,38.2544],[-82.3115,38.2564],[-82.3089,38.264],[-82.311,38.265],[-82.3103,38.2671],[-82.3134,38.2681],[-82.3105,38.2725],[-82.3113,38.2753],[-82.3088,38.2766],[-82.3087,38.2811]]],"type":"Polygon"},"properties":{"GEOID":"54099","NAME":"Wayne County"},"type":"Feature"},
{"geometry":{"coordinates":[[[-80.6783,38.5035],[-80.6407,38.4242],[-80.6617,38.4125],[-80.6354,38.3758],[-80.6334,38.3751],[-80.6255,38.3544],[-80.6128,38.367],[-80.6095,38.3586],[-80.36,38.2258],[-80.3522,38.3453],[-80.3303,38.3358],[-80.2455,38.3885],[-80.1839,38.5254],[-80.2801,38.6949],[-80.2844,38.6945],[-80.2889,38.6906],[-80.3053,38.6846],[-80.3184,38.6843],[-80.3217,38.6871],[-80.3197,38.6924],[-80.3206,38.6942],[-80.331,38.7009],[-80.3326,38.7038],[-80.3336,38.7116],[-80.3306,38.7169],[-80.3313,38.7181],[-80.3349,38.7204],[-80.3449,38.7203],[-80.3472,38.7271],[-80.3492,38.7268],[-80.3533,38.7307],[-80.3651,38.7309],[-80.3684,38.7333],[-80.3723,38.7305],[-80.3894,38.7299],[-80.3947,38.726],[-80.3969,38.7295],[-80.401,38.7301],[-80.405,38.7272],[-80.4045,38.7238],[-80.4069,38.7228],[-80.4086,38.7246],[-80.4137,38.7245],[-80.4122,38.7256],[-80.4123,38.7284],[-80.4167,38.7296],[-80.424,38.7281],[-80.4269,38.7311],[-80.4288,38.7285],[-80.4332,38.7295],[-80.4361,38.7256],[-80.4404,38.7283],[-80.4452,38.7268],[-80.4475,38.7327],[-80.4523,38.7329],[-80.4517,38.7369],[-80.4573,38.7392],[-80.5087,38.6456],[-80.6783,38.5035]]],"type":"Polygon"},"properties":{"GEOID":"54101","NAME":"Webster County"},"type":"Feature"},
{"geometry":{"coordinates":[[[-80.872,39.6369],[-80.8804,39.6207],[-80.8922,39.6168],[-80.9176,39.6187],[-80.9258,39.6174],[-80.9333,39.6148],[-80.9438,39.6069],[-80.9329,39.5998],[-80.886,39.5803],[-80.8522,39.602],[-80.8464,39.6011],[-80.8449,39.597],[-80.8494,39.5928],[-80.8489,39.5892],[-80.8461,39.5878],[-80.8437,39.5839],[-80.8375,39.5825],[-80.8316,39.5768],[-80.8272,39.5763],[-80.8266,39.5727],[-80.8296,39.5713],[-80.828,39.5672],[-80.83,39.5655],[-80.8271,39.5627],[-80.8219,39.5616],[-80.8241,39.5569],[-80.8232,39.5545],[-80.8189,39.5548],[-80.8098,39.562],[-80.8067,39.5616],[-80.8022,39.5551],[-80.7943,39.5545],[-80.7918,39.5518],[-80.7828,39.5477],[-80.7828,39.5448],[-80.7809,39.5434],[-80.7847,39.5413],[-80.7841,39.5363],[-80.7693,39.5299],[-80.765,39.5246],[-80.7618,39.5259],[-80.757,39.525],[-80.7536,39.5213],[-80.7537,39.5188],[-80.7504,39.5184],[-80.7492,39.5158],[-80.7408,39.5128],[-80.7418,39.5074],[-80.7376,39.5058],[-80.74,39.502],[-80.7357,39.4996],[-80.7345,39.4934],[-80.7356,39.4911],[-80.7227,39.4911],[-80.7192,39.4857],[-80.7203,39.4806],[-80.7188,39.4786],[-80.7156,39.4779],[-80.7161,39.4755],[-80.6929,39.4738],[-80.6913,39.4711],[-80.686,39.4705],[-80.682,39.4736],[-80.6802,39.478],[-80.6722,39.4776],[-80.6696,39.4712],[-80.6716,39.4671],[-80.6711,39.4642],[-80.6622,39.4677],[-80.6571,39.4662],[-80.6527,39.4701],[-80.6495,39.4696],[-80.6462,39.467],[-80.6407,39.4664],[-80.6387,39.4613],[-80.6345,39.4603],[-80.6331,39.4568],[-80.6198,39.453],[-80.6186,39.4504],[-80.6137,39.4506],[-80.6095,39.4473],[-80.6095,39.4459],[-80.6058,39.4436],[-80.6017,39.4436],[-80.5988,39.441],[-80.5965,39.4497],[-80.5924,39.4489],[-80.5882,39.4513],[-80.5831,39.4514],[-80.5811,39.4506],[-80.5816,39.4477],[-80.5777,39.4448],[-80.5769,39.4385],[-80.5788,39.4345],[-80.5702,39.4362],[-80.5686,39.4395],[-80.5595,39.4393],[-80.5579,39.4373],[-80.5582,39.4329],[-80.5508,39.434],[-80.5459,39.4319],[-80.5445,39.4291],[-80.5361,39.4309],[-80.5332,39.4335],[-80.5267,39.4311],[-80.5186,39.435],[-80.5156,39.4377],[-80.5193,39.439],[-80.5178,39.443],[-80.5194,39.4464],[-80.5188,39.4491],[-80.5152,39.4523],[-80.5141,39.4578],[-80.494,39.4611],[-80.4929,39.472],[-80.4942,39.4752],[-80.4925,39.4802],[-80.4899,39.4825],[-80.4837,39.4839],[-80.4782,39.4807],[-80.4753,39.4818],[-80.4718,39.4863],[-80.4735,39.4927],[-80.4674,39.5032],[-80.4732,39.506],[-80.4732,39.509],[-80.4772,39.51],[-80.4775,39.513],[-80.4809,39.5146],[-80.4826,39.5197],[-80.4859,39.5204],[-80.4841,39.5246],[-80.4864,39.5294],[-80.4863,39.5368],[-80.4875,39.5385],[-80.4908,39.5386],[-80.4908,39.5415],[-80.4946,39.5457],[-80.4931,39.5482],[-80.4937,39.553],[-80.4982,39.5629],[-80.491,39.5702],[-80.4929,39.5757],[-80.4877,39.5764],[-80.4803,39.5834],[-80.4824,39.587],[-80.4794,39.5912],[-80.4808,39.5947],[-80.4788,39.5973],[-80.4618,39.6014],[-80.4571,39.5979],[-80.4538,39.5985],[-80.4521,39.5957],[-80.4504,39.5961],[-80.4467,39.6044],[-80.4494,39.6127],[-80.4463,39.6133],[-80.443,39.6119],[-80.4376,39.6142],[-80.4338,39.6203],[-80.4434,39.6295],[-80.4394,39.6334],[-80.4366,39.6341],[-80.4333,39.6391],[-80.4199,39.6421],[-80.4119,39.6414],[-80.4072,39.6354],[-80.4072,39.6331],[-80.4037,39.6318],[-80.3987,39.6332],[-80.3896,39.6446],[-80.3941,39.65],[-80.3948,39.6531],[-80.4015,39.6555],[-80.3993,39.6603],[-80.4028,39.6675],[-80.3986,39.6692],[-80.4009,39.6749],[-80.3986,39.6776],[-80.3958,39.6778],[-80.3952,39.6805],[-80.3988,39.689],[-80.4058,39.6942],[-80.4068,39.7003],[-80.4036,39.7028],[-80.4031,39.7062],[-80.4067,39.7132],[-80.4052,39.7151],[-80.4074,39.7178],[-80.4116,39.7154],[-80.4139,39.7116],[-80.4197,39.7127],[-80.4222,39.7199],[-80.4214,39.7212],[-80.8335,39.7208],[-80.8316,39.7195],[-80.8298,39.7121],[-80.8339,39.7035],[-80.8415,39.7002],[-80.852,39.6986],[-80.8637,39.6917],[-80.8667,39.6785],[-80.8652,39.6655],[-80.8663,39.6545],[-80.872,39.6369]]],"type":"Polygon"},"properties":{"GEOID":"54103","NAME":"Wetzel County"},"type":"Feature"},
{"geometry":{"coordinates":[[[-81.4479,39.1209],[-81.5535,39.0493],[-81.5814,39.0262],[-81.5322,39.0058],[-81.5338,39.0012],[-81.5359,38.9998],[-81.5337,38.997],[-81.5363,38.9946],[-81.5372,38.9902],[-81.5329,38.9874],[-81.5339,38.9848],[-81.5294,38.9822],[-81.5296,38.9775],[-81.5453,38.9715],[-81.5496,38.9669],[-81.55,38.9603],[-81.5442,38.9536],[-81.5412,38.9529],[-81.5417,38.9508],[-81.5388,38.9447],[-81.5338,38.9459],[-81.5319,38.9429],[-81.5266,38.9414],[-81.5255,38.938],[-81.5194,38.9361],[-81.5206,38.9337],[-81.5162,38.9308],[-81.5204,38.9258],[-81.5144,38.9251],[-81.5123,38.9227],[-81.5129,38.9188],[-81.5063,38.9196],[-81.5012,38.918],[-81.498,38.9198],[-81.4972,38.924],[-81.4934,38.9256],[-81.4904,38.9242],[-81.4865,38.9264],[-81.4813,38.9242],[-81.4771,38.9255],[-81.4749,38.9283],[-81.4725,38.9268],[-81.4674,38.9275],[-81.4651,38.9325],[-81.4622,38.9313],[-81.4563,38.9335],[-81.4549,38.9401],[-81.451,38.9397],[-81.4481,38.9416],[-81.4151,38.9207],[-81.3439,38.8956],[-81.3089,38.9081],[-81.2784,38.9149],[-81.274,38.9187],[-81.2775,38.9243],[-81.2702,38.9245],[-81.2664,38.9262],[-81.2694,38.9288],[-81.2696,38.933],[-81.2727,38.9363],[-81.1625,39.0306],[-81.1738,39.0339],[-81.1794,39.0414],[-81.1835,39.0393],[-81.1851,39.041],[-81.1905,39.0401],[-81.1921,39.0376],[-81.1971,39.039],[-81.2028,39.0381],[-81.2041,39.0425],[-81.2107,39.0452],[-81.2206,39.0434],[-81.2247,39.0409],[-81.2275,39.0358],[-81.2261,39.034],[-81.2282,39.0323],[-81.242,39.0382],[-81.2491,39.0345],[-81.2534,39.038],[-81.2489,39.0409],[-81.2502,39.0499],[-81.2539,39.0518],[-81.2537,39.0561],[-81.2606,39.0561],[-81.263,39.0579],[-81.266,39.0567],[-81.2714,39.0596],[-81.2737,39.0587],[-81.2724,39.0639],[-81.2618,39.0655],[-81.2572,39.0718],[-81.2582,39.0815],[-81.2606,39.0842],[-81.258,39.0947],[-81.2635,39.0987],[-81.261,39.1034],[-81.2643,39.1045],[-81.2643,39.1075],[-81.2764,39.108],[-81.2774,39.1183],[-81.2805,39.1227],[-81.2872,39.1257],[-81.2862,39.1306],[-81.2873,39.1324],[-81.2969,39.1323],[-81.2998,39.1299],[-81.324,39.1426],[-81.3292,39.1502],[-81.3286,39.1527],[-81.3198,39.1529],[-81.319,39.1539],[-81.321,39.1565],[-81.3106,39.1579],[-81.3113,39.1604],[-81.3189,39.1634],[-81.3164,39.165],[-81.3162,39.168],[-81.3059,39.1721],[-81.2978,39.1782],[-81.3014,39.1795],[-81.302,39.1821],[-81.2961,39.1814],[-81.298,39.1856],[-81.4031,39.1373],[-81.4078,39.1357],[-81.4249,39.1357],[-81.4479,39.1209]]],"type":"Polygon"},"properties":{"GEOID":"54105","NAME":"Wirt County"},"type":"Feature"},
{"geometry":{"coordinates":[[[-81.4832,39.0967],[-81.4249,39.1357],[-81.4078,39.1357],[-81.4031,39.1373],[-81.2954,39.1866],[-81.2966,39.1919],[-81.2993,39.194],[-81.3013,39.199],[-81.3016,39.2025],[-81.2964,39.2075],[-81.2913,39.2241],[-81.2881,39.224],[-81.2874,39.2263],[-81.2773,39.2337],[-81.2775,39.2426],[-81.2735,39.2477],[-81.2709,39.2485],[-81.2714,39.254],[-81.2666,39.2553],[-81.2686,39.2574],[-81.268,39.26],[-81.2629,39.2637],[-81.2586,39.2641],[-81.2593,39.2671],[-81.2503,39.2708],[-81.248,39.2707],[-81.248,39.2683],[-81.2463,39.2675],[-81.2395,39.2683],[-81.244,39.2709],[-81.2476,39.2766],[-81.2603,39.2814],[-81.2607,39.286],[-81.2592,39.2869],[-81.2603,39.2913],[-81.2656,39.2955],[-81.2769,39.2938],[-81.2834,39.297],[-81.2892,39.2963],[-81.2909,39.298],[-81.2969,39.2985],[-81.3052,39.2976],[-81.3133,39.3004],[-81.3242,39.2985],[-81.3232,39.3017],[-81.326,39.3032],[-81.3246,39.3048],[-81.3283,39.312],[-81.324,39.3163],[-81.3268,39.3172],[-81.3259,39.3199],[-81.328,39.3221],[-81.3306,39.321],[-81.3331,39.324],[-81.3354,39.3241],[-81.3387,39.3226],[-81.3376,39.3194],[-81.341,39.319],[-81.3491,39.3288],[-81.3577,39.325],[-81.3547,39.3221],[-81.3556,39.3209],[-81.3638,39.3206],[-81.3664,39.3242],[-81.3616,39.3255],[-81.3672,39.3285],[-81.367,39.3338],[-81.3713,39.3419],[-81.3841,39.3432],[-81.3938,39.3517],[-81.4067,39.3881],[-81.4109,39.3928],[-81.4287,39.4054],[-81.4356,39.4085],[-81.4465,39.4104],[-81.4561,39.4093],[-81.4677,39.4038],[-81.4988,39.3761],[-81.5168,39.3652],[-81.5345,39.3582],[-81.5575,39.3388],[-81.565,39.2939],[-81.5652,39.2762],[-81.5702,39.2677],[-81.5856,39.2687],[-81.5952,39.2734],[-81.6084,39.276],[-81.6213,39.2736],[-81.6432,39.2772],[-81.6561,39.2774],[-81.6776,39.2742],[-81.6895,39.266],[-81.6964,39.257],[-81.6966,39.2461],[-81.6911,39.2301],[-81.6937,39.2249],[-81.7009,39.2208],[-81.7256,39.2159],[-81.7327,39.2055],[-81.7345,39.1961],[-81.7369,39.1926],[-81.7415,39.1892],[-81.752,39.1855],[-81.7564,39.1794],[-81.7428,39.1427],[-81.7431,39.1413],[-81.7444,39.1437],[-81.7452,39.1382],[-81.7424,39.1113],[-81.7439,39.1024],[-81.7473,39.0954],[-81.5814,39.0262],[-81.5535,39.0493],[-81.4832,39.0967]]],"type":"Polygon"},"properties":{"GEOID":"54107","NAME":"Wood County"},"type":"Feature"},
{"geometry":{"coordinates":[[[-81.8197,37.6089],[-81.813,37.6015],[-81.8149,37.5999],[-81.826,37.5993],[-81.83,37.5969],[-81.8279,37.5877],[-81.8318,37.5845],[-81.8326,37.5795],[-81.8381,37.5752],[-81.8371,37.5725],[-81.8342,37.5712],[-81.8343,37.5692],[-81.84,37.5659],[-81.8462,37.5668],[-81.8485,37.5645],[-81.8532,37.5639],[-81.8558,37.5618],[-81.8578,37.5543],[-81.8559,37.5489],[-81.8477,37.5473],[-81.8427,37.549],[-81.8412,37.5456],[-81.8388,37.5445],[-81.839,37.5426],[-81.8362,37.5407],[-81.8346,37.5361],[-81.8251,37.5344],[-81.8233,37.5227],[-81.826,37.5206],[-81.829,37.5137],[-81.8243,37.5126],[-81.8179,37.5066],[-81.8013,37.5076],[-81.7952,37.5097],[-81.7929,37.5035],[-81.7849,37.5015],[-81.782,37.5026],[-81.7799,37.501],[-81.7762,37.5051],[-81.771,37.5053],[-81.763,37.5026],[-81.7592,37.5056],[-81.7522,37.5066],[-81.7477,37.5016],[-81.7418,37.5001],[-81.7359,37.4956],[-81.7294,37.4946],[-81.7236,37.4969],[-81.7196,37.4954],[-81.7152,37.4974],[-81.7076,37.4953],[-81.7048,37.4968],[-81.7051,37.4995],[-81.7018,37.5017],[-81.6957,37.5015],[-81.6849,37.5057],[-81.6842,37.5074],[-81.6876,37.51],[-81.6888,37.5136],[-81.6821,37.5176],[-81.6766,37.518],[-81.6721,37.5164],[-81.6679,37.5191],[-81.6652,37.5185],[-81.6629,37.5216],[-81.6579,37.5215],[-81.6544,37.5233],[-81.6528,37.5204],[-81.6507,37.5212],[-81.6499,37.5165],[-81.6465,37.5133],[-81.6411,37.5154],[-81.6385,37.5113],[-81.6339,37.51],[-81.6324,37.5119],[-81.6284,37.512],[-81.6302,37.5162],[-81.6247,37.5181],[-81.6214,37.5212],[-81.6175,37.5213],[-81.6125,37.5166],[-81.6143,37.5142],[-81.6128,37.5105],[-81.6034,37.5089],[-81.6072,37.5059],[-81.6064,37.504],[-81.6076,37.5024],[-81.6061,37.5001],[-81.6025,37.5004],[-81.604,37.4958],[-81.602,37.4931],[-81.5989,37.4936],[-81.5959,37.4907],[-81.5872,37.4945],[-81.5852,37.4919],[-81.586,37.49],[-81.583,37.4874],[-81.5757,37.4909],[-81.5706,37.4873],[-81.565,37.4905],[-81.5586,37.4889],[-81.5534,37.4918],[-81.5502,37.4879],[-81.5414,37.4878],[-81.5407,37.4859],[-81.5369,37.4845],[-81.5346,37.4853],[-81.5273,37.4756],[-81.5256,37.4773],[-81.5193,37.4783],[-81.5157,37.4764],[-81.5067,37.4772],[-81.4991,37.4737],[-81.4968,37.474],[-81.4953,37.4784],[-81.4914,37.481],[-81.4803,37.4792],[-81.4771,37.4797],[-81.4753,37.4827],[-81.4719,37.4841],[-81.4698,37.4825],[-81.4658,37.4847],[-81.4612,37.4836],[-81.4535,37.4793],[-81.4546,37.4778],[-81.4502,37.4762],[-81.4513,37.4736],[-81.4558,37.4707],[-81.4551,37.4662],[-81.4511,37.4659],[-81.4516,37.4628],[-81.4466,37.4616],[-81.446,37.4597],[-81.4426,37.458],[-81.439,37.4586],[-81.4372,37.4521],[-81.4322,37.4487],[-81.4293,37.4519],[-81.4287,37.4575],[-81.4261,37.4613],[-81.4214,37.4601],[-81.4203,37.4562],[-81.4169,37.4556],[-81.4134,37.4589],[-81.4033,37.4588],[-81.3996,37.4646],[-81.393,37.4598],[-81.3854,37.4613],[-81.3829,37.4522],[-81.3741,37.4432],[-81.3492,37.4369],[-81.3464,37.4335],[-81.3411,37.4345],[-81.3378,37.433],[-81.3291,37.4352],[-81.3234,37.4286],[-81.3058,37.4231],[-81.3029,37.4189],[-81.2929,37.4132],[-81.2865,37.4183],[-81.283,37.4192],[-81.2826,37.4209],[-81.2876,37.4286],[-81.2878,37.4336],[-81.2937,37.4391],[-81.2943,37.4419],[-81.3056,37.4501],[-81.3047,37.4536],[-81.3074,37.4595],[-81.3048,37.4603],[-81.304,37.4625],[-81.3005,37.46],[-81.2968,37.4621],[-81.2948,37.4694],[-81.2822,37.4707],[-81.2781,37.4725],[-81.2722,37.4785],[-81.2718,37.4845],[-81.2639,37.4888],[-81.2637,37.4949],[-81.2585,37.4988],[-81.2425,37.5029],[-81.2416,37.5056],[-81.2376,37.5075],[-81.2319,37.5068],[-81.2281,37.5099],[-81.2221,37.5104],[-81.2251,37.5168],[-81.2308,37.5179],[-81.2405,37.5246],[-81.2454,37.5303],[-81.2501,37.53],[-81.2531,37.533],[-81.2583,37.5289],[-81.2642,37.5276],[-81.2699,37.5335],[-81.2751,37.5341],[-81.2774,37.5419],[-81.28,37.5428],[-81.285,37.5406],[-81.2986,37.5461],[-81.3016,37.5454],[-81.3116,37.5527],[-81.3133,37.5548],[-81.3123,37.5577],[-81.3165,37.5601],[-81.3128,37.5683],[-81.3134,37.5746],[-81.3103,37.5766],[-81.3124,37.5804],[-81.3109,37.5823],[-81.3136,37.5873],[-81.3186,37.5883],[-81.3209,37.5914],[-81.3225,37.5942],[-81.3217,37.5978],[-81.4279,37.7501],[-81.4307,37.7497],[-81.4378,37.7531],[-81.4454,37.7614],[-81.4443,37.7639],[-81.4565,37.7783],[-81.4576,37.784],[-81.4647,37.786],[-81.4785,37.7806],[-81.4819,37.783],[-81.4892,37.7838],[-81.4929,37.7915],[-81.5012,37.7892],[-81.5064,37.7935],[-81.51,37.7899],[-81.5145,37.7911],[-81.52,37.7861],[-81.5299,37.7899],[-81.5357,37.7829],[-81.5404,37.7837],[-81.5436,37.7799],[-81.5483,37.7787],[-81.5487,37.7765],[-81.5589,37.774],[-81.5628,37.7677],[-81.5675,37.7676],[-81.5699,37.7643],[-81.5765,37.7633],[-81.5827,37.7688],[-81.5852,37.7741],[-81.583,37.7757],[-81.5841,37.7773],[-81.5965,37.7838],[-81.5969,37.7867],[-81.6059,37.7891],[-81.6138,37.786],[-81.6196,37.7856],[-81.6237,37.7825],[-81.6275,37.7857],[-81.638,37.7776],[-81.6441,37.7791],[-81.6529,37.7783],[-81.6571,37.7798],[-81.6657,37.775],[-81.6697,37.7789],[-81.6751,37.7727],[-81.683,37.7762],[-81.688,37.7752],[-81.6899,37.773],[-81.6938,37.7741],[-81.6969,37.7683],[-81.7042,37.7674],[-81.7078,37.7634],[-81.7116,37.7651],[-81.72,37.7633],[-81.7239,37.7646],[-81.728,37.7596],[-81.7353,37.7626],[-81.7406,37.7598],[-81.7433,37.7644],[-81.7522,37.7595],[-81.7549,37.7555],[-81.7619,37.7566],[-81.7645,37.7517],[-81.7017,37.7014],[-81.7106,37.6988],[-81.7164,37.7009],[-81.7332,37.6932],[-81.7339,37.6893],[-81.7326,37.686],[-81.7369,37.6826],[-81.7423,37.6827],[-81.7469,37.6796],[-81.7497,37.6814],[-81.7513,37.6853],[-81.7556,37.6857],[-81.7651,37.6777],[-81.7686,37.6784],[-81.7712,37.676],[-81.7777,37.678],[-81.7794,37.6769],[-81.78,37.6725],[-81.7834,37.6726],[-81.7876,37.669],[-81.7904,37.6711],[-81.793,37.6709],[-81.803,37.661],[-81.8022,37.6582],[-81.7997,37.6565],[-81.8024,37.6423],[-81.7974,37.6375],[-81.7955,37.6315],[-81.7973,37.6302],[-81.7973,37.6273],[-81.8015,37.6251],[-81.7993,37.6205],[-81.8015,37.6153],[-81.8036,37.6122],[-81.8113,37.607],[-81.8125,37.6076],[-81.8116,37.6129],[-81.8128,37.6142],[-81.8177,37.6127],[-81.8197,37.6089]]],"type":"Polygon"},"properties":{"GEOID":"54109","NAME":"Wyoming County"},"type":"Feature"}
]}
